session_date,fb_mean_sentiment,fb_positive_share,fb_negative_share,fb_neutral_share,fb_event_count,fb_scored_count,fb_mean_confidence,fb_score_coverage
2020-01-02,-0.09457775313345777,0.24175824175824176,0.4010989010989011,0.35714285714285715,182,182,0.7801245349449116,1.0
2020-01-03,-0.2597042676061392,0.2159090909090909,0.48484848484848486,0.2840909090909091,264,260,0.8113960619156178,0.9848484848484849
2020-01-06,-0.12377214136020262,0.228,0.36,0.392,250,245,0.8164090213726978,0.98
2020-01-07,-0.1217400283286614,0.20608108108108109,0.32432432432432434,0.46283783783783783,296,294,0.8000169185554089,0.9932432432432432
2020-01-08,-0.21392881950475157,0.21341463414634146,0.45426829268292684,0.29878048780487804,328,317,0.7892946879194362,0.9664634146341463
2020-01-09,0.0016624377134477053,0.3346303501945525,0.3463035019455253,0.31906614785992216,257,257,0.7815059036132427,1.0
2020-01-10,-0.15391944260877927,0.28837209302325584,0.4558139534883721,0.2558139534883721,215,215,0.8119935269965682,1.0
2020-01-13,-0.048617522313595375,0.33948339483394835,0.39114391143911437,0.26199261992619927,271,269,0.8027815792197188,0.992619926199262
2020-01-14,-0.09840856157202582,0.3406113537117904,0.42358078602620086,0.23580786026200873,229,229,0.794069226001548,1.0
2020-01-15,-0.06437430259882936,0.33962264150943394,0.3836477987421384,0.27672955974842767,318,318,0.7982763939496106,1.0
2020-01-16,0.12465219636820257,0.42,0.3,0.28,250,250,0.7970691529512406,1.0
2020-01-17,-0.07533612811562566,0.2509505703422053,0.3726235741444867,0.376425855513308,263,263,0.8152627916617086,1.0
2020-01-21,0.04061255829778413,0.3393316195372751,0.2982005141388175,0.35989717223650386,389,388,0.8237243565087465,0.9974293059125964
2020-01-22,0.048805789799768136,0.36936936936936937,0.2882882882882883,0.3333333333333333,222,220,0.8057274276560004,0.990990990990991
2020-01-23,-0.09804855247588225,0.20945945945945946,0.36486486486486486,0.42567567567567566,296,296,0.7923846710976716,1.0
2020-01-24,-0.0431971315226947,0.27461139896373055,0.3316062176165803,0.39378238341968913,193,193,0.8184146231011405,1.0
2020-01-27,-0.05695229893999881,0.33497536945812806,0.39901477832512317,0.2660098522167488,203,203,0.8243325885587138,1.0
2020-01-28,0.03282365218272864,0.33497536945812806,0.32019704433497537,0.3448275862068966,203,203,0.8008783832559445,1.0
2020-01-29,-0.049134247539126694,0.29044117647058826,0.33088235294117646,0.3786764705882353,272,272,0.8072470037595314,1.0
2020-01-30,-0.21677641921460328,0.20666666666666667,0.4766666666666667,0.30666666666666664,300,297,0.8056232515810314,0.99
2020-01-31,-0.0808093520897356,0.3090909090909091,0.42424242424242425,0.26666666666666666,330,330,0.8067288987564318,1.0
2020-02-03,-0.2259727437350658,0.2222222222222222,0.5089605734767025,0.26523297491039427,279,278,0.8160938638791764,0.996415770609319
2020-02-04,0.10887526605833084,0.3829787234042553,0.26382978723404255,0.35319148936170214,235,235,0.8075503762732161,1.0
2020-02-05,-0.019476684956908834,0.2936046511627907,0.25872093023255816,0.4476744186046512,344,344,0.8040166753669118,1.0
2020-02-06,-0.1679275655998416,0.16071428571428573,0.41517857142857145,0.42410714285714285,224,224,0.8000922286882997,1.0
2020-02-07,-0.2538370375280027,0.21481481481481482,0.5111111111111111,0.2740740740740741,270,270,0.7961585441121348,1.0
2020-02-10,-0.2506118403937034,0.18672199170124482,0.5020746887966805,0.3112033195020747,241,241,0.8030342478227813,1.0
2020-02-11,-0.06158639693316586,0.2850678733031674,0.3438914027149321,0.3574660633484163,221,218,0.815951219392479,0.9864253393665159
2020-02-12,-0.046996688688989215,0.26501766784452296,0.34275618374558303,0.38515901060070673,283,281,0.7937626956408559,0.9929328621908127
2020-02-13,-0.14788742792256837,0.23754789272030652,0.4329501915708812,0.3218390804597701,261,259,0.8260129206889385,0.9923371647509579
2020-02-14,-0.0478724462928019,0.3,0.36470588235294116,0.32941176470588235,170,169,0.8243466883721436,0.9941176470588236
2020-02-18,-0.0442521042711091,0.31215469613259667,0.3674033149171271,0.30386740331491713,362,356,0.8083520421988508,0.9834254143646409
2020-02-19,0.0628717835855403,0.38846153846153847,0.31153846153846154,0.2923076923076923,260,258,0.8138688550901043,0.9923076923076923
2020-02-20,-0.001822525899906793,0.2913907284768212,0.2814569536423841,0.423841059602649,302,301,0.8068556477659169,0.9966887417218543
2020-02-21,-0.056482375623021705,0.19665271966527198,0.2803347280334728,0.5146443514644351,239,237,0.8075377846820445,0.9916317991631799
2020-02-24,-0.021032796655657635,0.33079847908745247,0.35361216730038025,0.3155893536121673,263,263,0.8174152461521526,1.0
2020-02-25,-0.01835764078337148,0.28703703703703703,0.3333333333333333,0.37962962962962965,216,216,0.8379005591074625,1.0
2020-02-26,-0.14886647272699824,0.20833333333333334,0.3939393939393939,0.3977272727272727,264,264,0.7930718699865269,1.0
2020-02-27,-0.12345627539281576,0.26217228464419473,0.4419475655430712,0.2883895131086142,267,265,0.8139498481210673,0.9925093632958801
2020-02-28,-0.11718303870154723,0.25663716814159293,0.415929203539823,0.3185840707964602,339,336,0.825824035597699,0.9911504424778761
2020-03-02,-0.09226873549171917,0.23177083333333334,0.3359375,0.4322916666666667,384,384,0.8141842924524099,1.0
2020-03-03,-0.13230120911577112,0.24251497005988024,0.41916167664670656,0.3323353293413174,334,332,0.7687724759600248,0.9940119760479041
2020-03-04,-0.07973184233930494,0.23863636363636365,0.32670454545454547,0.4289772727272727,352,350,0.7940199533530644,0.9943181818181818
2020-03-05,-0.11747022663158449,0.2528301886792453,0.41132075471698115,0.3320754716981132,265,264,0.8077984703986933,0.9962264150943396
2020-03-06,-0.2655590119558695,0.20408163265306123,0.47278911564625853,0.3197278911564626,294,293,0.825827811358325,0.9965986394557823
2020-03-09,-0.3108888251287378,0.20930232558139536,0.5581395348837209,0.2248062015503876,387,384,0.8448520977205286,0.9922480620155039
2020-03-10,-0.024964303277735404,0.3177966101694915,0.3474576271186441,0.326271186440678,236,234,0.8225151287694262,0.9915254237288136
2020-03-11,-0.17057993673726166,0.26258992805755393,0.4460431654676259,0.29136690647482016,278,278,0.8349622469797409,1.0
2020-03-12,-0.23636279254295753,0.1890909090909091,0.48727272727272725,0.31272727272727274,275,272,0.8246784176239196,0.9890909090909091
2020-03-13,-0.13880818990236593,0.22857142857142856,0.3952380952380952,0.3761904761904762,210,210,0.8289032420941762,1.0
2020-03-16,-0.26851768569368345,0.20224719101123595,0.49719101123595505,0.2949438202247191,356,354,0.8246996744541125,0.9943820224719101
2020-03-17,-0.21363709039503226,0.23703703703703705,0.4888888888888889,0.2740740740740741,270,270,0.816189044603595,1.0
2020-03-18,-0.29655988171304526,0.1568627450980392,0.5196078431372549,0.31699346405228757,306,304,0.8252098677973998,0.9934640522875817
2020-03-19,-0.21497758141748846,0.2064516129032258,0.4935483870967742,0.3,310,310,0.8082438440092148,1.0
2020-03-20,-0.3375046181608923,0.1908713692946058,0.5560165975103735,0.24896265560165975,241,240,0.8321950693925222,0.995850622406639
2020-03-23,-0.2351559517797656,0.2692307692307692,0.5153846153846153,0.2153846153846154,260,260,0.8393214765649576,1.0
2020-03-24,-0.05271273196129447,0.2845849802371542,0.3438735177865613,0.36363636363636365,253,251,0.8253052665655356,0.9920948616600791
2020-03-25,-0.12774875579611306,0.272,0.444,0.28,250,249,0.8185778741376946,0.996
2020-03-26,-0.256030311813145,0.21033210332103322,0.5350553505535055,0.25461254612546125,271,271,0.7986037521124766,1.0
2020-03-27,-0.02447485790170473,0.33448275862068966,0.3758620689655172,0.2896551724137931,290,290,0.8264322980724532,1.0
2020-03-30,-0.17880000439196775,0.2993421052631579,0.4901315789473684,0.21052631578947367,304,304,0.844557263251198,1.0
2020-03-31,-0.1051587017421472,0.2907801418439716,0.4219858156028369,0.2872340425531915,282,282,0.8207069484265983,1.0
2020-04-01,-0.2360958080241072,0.23481781376518218,0.4898785425101215,0.27530364372469635,247,247,0.8340144455432892,1.0
2020-04-02,-0.1096031046040433,0.27835051546391754,0.41237113402061853,0.30927835051546393,291,291,0.7759647766749064,1.0
2020-04-03,-0.28854846651442706,0.21587301587301588,0.546031746031746,0.23174603174603176,315,313,0.8479806577054837,0.9936507936507937
2020-04-06,-0.12692622848622062,0.30103806228373703,0.43252595155709345,0.2664359861591695,289,289,0.8252891408324654,1.0
2020-04-07,-0.05561754810658576,0.29850746268656714,0.3694029850746269,0.332089552238806,268,268,0.7972968785620448,1.0
2020-04-08,-0.10220216378608409,0.30833333333333335,0.3958333333333333,0.29583333333333334,240,240,0.8146589895089468,1.0
2020-04-09,-0.09928414121831712,0.27205882352941174,0.39705882352941174,0.33088235294117646,272,272,0.794965786201989,1.0
2020-04-13,-0.014140061061626595,0.3299319727891156,0.3469387755102041,0.3231292517006803,294,294,0.8133158823665307,1.0
2020-04-14,-0.06323736110675675,0.24770642201834864,0.3532110091743119,0.3669724770642202,218,211,0.7784978851887852,0.9678899082568807
2020-04-15,-0.13624643067681882,0.2567049808429119,0.41379310344827586,0.3218390804597701,261,259,0.8169761365675098,0.9923371647509579
2020-04-16,-0.185266790682099,0.25539568345323743,0.4856115107913669,0.2517985611510791,278,276,0.8286324469507604,0.9928057553956835
2020-04-17,-0.10803479776583479,0.3333333333333333,0.4009009009009009,0.26576576576576577,222,222,0.7955223783716425,1.0
2020-04-20,-0.26751548651839485,0.22758620689655173,0.5482758620689655,0.21379310344827587,290,287,0.8255172879646049,0.9896551724137931
2020-04-21,-0.140837919794679,0.28903654485049834,0.4584717607973422,0.25249169435215946,301,301,0.824873889997552,1.0
2020-04-22,-0.014673572106237313,0.3371212121212121,0.3409090909090909,0.3181818181818182,264,263,0.8110440090128678,0.9962121212121212
2020-04-23,-0.04049141528167781,0.29376854599406527,0.37091988130563797,0.3353115727002967,337,337,0.8180197694004466,1.0
2020-04-24,-0.20265392964079854,0.22540983606557377,0.4262295081967213,0.3483606557377049,244,244,0.8134036484311838,1.0
2020-04-27,0.0917821437787003,0.38461538461538464,0.2709030100334448,0.34448160535117056,299,299,0.8050686940301621,1.0
2020-04-28,-0.12379781590900812,0.26294820717131473,0.38247011952191234,0.3545816733067729,251,251,0.8083519617399847,1.0
2020-04-29,-0.07976481153533976,0.29906542056074764,0.38317757009345793,0.3177570093457944,321,321,0.8063826314942487,1.0
2020-04-30,-0.12340960479044766,0.292817679558011,0.4447513812154696,0.2596685082872928,362,361,0.8152913355431068,0.9972375690607734
2020-05-01,-0.0018496830448113582,0.375,0.3684210526315789,0.25,152,151,0.848042990987664,0.993421052631579
2020-05-04,-0.06442072532841686,0.30996309963099633,0.3948339483394834,0.28413284132841327,271,268,0.836183867792585,0.988929889298893
2020-05-05,-0.09472610405411082,0.25666666666666665,0.38333333333333336,0.35,300,297,0.8156078559180302,0.99
2020-05-06,-0.11088894383486855,0.23776223776223776,0.3776223776223776,0.38461538461538464,286,286,0.8368840436418573,1.0
2020-05-07,-0.14712258629335823,0.2389937106918239,0.42138364779874216,0.3333333333333333,318,316,0.8046434488666209,0.9937106918238994
2020-05-08,-0.12963117833714932,0.25853658536585367,0.4585365853658537,0.2780487804878049,205,204,0.7730374892844873,0.9951219512195122
2020-05-11,-0.05969921449426685,0.3177570093457944,0.35514018691588783,0.32242990654205606,214,213,0.8226836670732274,0.9953271028037384
2020-05-12,0.031424982225984444,0.34108527131782945,0.3333333333333333,0.32558139534883723,258,258,0.7959548366624255,1.0
2020-05-13,-0.1786211681666092,0.27586206896551724,0.445141065830721,0.27899686520376177,319,319,0.8401626269084906,1.0
2020-05-14,0.040198357660662036,0.3709090909090909,0.32727272727272727,0.3018181818181818,275,275,0.8049430561065674,1.0
2020-05-15,-0.08555408484332291,0.312280701754386,0.4,0.2736842105263158,285,281,0.8256234401485674,0.9859649122807017
2020-05-18,0.12729724220898705,0.3656387665198238,0.23348017621145375,0.4008810572687225,227,227,0.7846720398522684,1.0
2020-05-19,0.19776274195207016,0.41714285714285715,0.19428571428571428,0.38857142857142857,175,175,0.8015438549859183,1.0
2020-05-20,-0.0410379257535311,0.28368794326241137,0.3723404255319149,0.34397163120567376,282,282,0.8071281090907171,1.0
2020-05-21,-0.053005140858846875,0.28879310344827586,0.3448275862068966,0.36637931034482757,232,232,0.7699632046037707,1.0
2020-05-22,-0.12208137357155656,0.2647058823529412,0.4019607843137255,0.3235294117647059,204,202,0.8347335472555444,0.9901960784313726
2020-05-26,0.18013548282530414,0.4409937888198758,0.2329192546583851,0.32608695652173914,322,322,0.8073120330061231,1.0
2020-05-27,0.0073436035254840215,0.32558139534883723,0.3313953488372093,0.3430232558139535,172,172,0.840714942404004,1.0
2020-05-28,-0.0629337733767818,0.32116788321167883,0.3759124087591241,0.3029197080291971,274,274,0.7626997985108925,1.0
2020-05-29,0.04815173539074572,0.3991228070175439,0.3333333333333333,0.2631578947368421,228,227,0.8238520216574228,0.9956140350877193
2020-06-01,0.14930137550492648,0.42857142857142855,0.2764976958525346,0.29493087557603687,217,217,0.820029281800793,1.0
2020-06-02,0.05068918696652428,0.3974358974358974,0.33974358974358976,0.26282051282051283,156,156,0.7935192262132963,1.0
2020-06-03,-0.0403508647274145,0.3176895306859206,0.36462093862815886,0.3140794223826715,277,276,0.8194162072478861,0.9963898916967509
2020-06-04,-0.014341885454381588,0.2847222222222222,0.2881944444444444,0.4236111111111111,288,287,0.7960303050923431,0.9965277777777778
2020-06-05,0.02972845823787079,0.43137254901960786,0.3088235294117647,0.25980392156862747,204,204,0.8041315423507317,1.0
2020-06-08,-0.011162174703453542,0.32589285714285715,0.3482142857142857,0.32589285714285715,224,224,0.8264531193833266,1.0
2020-06-09,-0.047319113219317095,0.26344086021505375,0.34946236559139787,0.3870967741935484,186,186,0.7970959031453697,1.0
2020-06-10,0.010373433381253454,0.3076923076923077,0.2972027972027972,0.3881118881118881,286,284,0.82298184941772,0.993006993006993
2020-06-11,-0.15249770007145683,0.19911504424778761,0.3805309734513274,0.42035398230088494,226,226,0.8268697410821915,1.0
2020-06-12,-0.04763845539626296,0.30405405405405406,0.3581081081081081,0.32432432432432434,148,146,0.810590534177545,0.9864864864864865
2020-06-15,-0.07471591756217369,0.3375,0.44583333333333336,0.20833333333333334,240,238,0.8306523642870558,0.9916666666666667
2020-06-16,0.05027367101791195,0.41025641025641024,0.33760683760683763,0.25213675213675213,234,234,0.8212740869603605,1.0
2020-06-17,-0.09007139907198701,0.2978723404255319,0.40425531914893614,0.2978723404255319,235,235,0.8281725173300886,1.0
2020-06-18,0.024633370223455124,0.29285714285714287,0.325,0.3821428571428571,280,280,0.7932064167090824,1.0
2020-06-19,0.12902940710179736,0.41836734693877553,0.25,0.33163265306122447,196,196,0.8012553745386551,1.0
2020-06-22,0.007096270974092544,0.3300970873786408,0.3106796116504854,0.3592233009708738,206,206,0.8159354423145646,1.0
2020-06-23,0.09460223205387593,0.35,0.21818181818181817,0.4318181818181818,220,220,0.8235741005702453,1.0
2020-06-24,-0.13519690207489846,0.2669491525423729,0.4152542372881356,0.3177966101694915,236,236,0.8140095697116043,1.0
2020-06-25,-0.10986472230452375,0.2967032967032967,0.4249084249084249,0.2783882783882784,273,273,0.7974596465681936,1.0
2020-06-26,0.011181771348016855,0.2987012987012987,0.329004329004329,0.3722943722943723,231,231,0.7864281179068925,1.0
2020-06-29,0.13294138451499388,0.3975409836065574,0.26229508196721313,0.3319672131147541,244,242,0.7879201593724164,0.9918032786885246
2020-06-30,-0.039145701796679803,0.296137339055794,0.38626609442060084,0.31759656652360513,233,233,0.7898640364024773,1.0
2020-07-01,-0.10139126093092082,0.2851851851851852,0.3925925925925926,0.3148148148148148,270,268,0.8227360473195119,0.9925925925925926
2020-07-02,-0.09041267591042083,0.291044776119403,0.3917910447761194,0.31716417910447764,268,268,0.7891482908779116,1.0
2020-07-06,0.014512256585896523,0.3689655172413793,0.33448275862068966,0.296551724137931,290,290,0.8108474760219968,1.0
2020-07-07,0.05337456127395852,0.335,0.26,0.405,200,200,0.8085347053408622,1.0
2020-07-08,0.20259424060592815,0.4375,0.1875,0.375,192,192,0.8203183064858118,1.0
2020-07-09,0.02450255544554766,0.3153526970954357,0.3153526970954357,0.36929460580912865,241,241,0.7905491808143394,1.0
2020-07-10,-0.11074590588093929,0.2670807453416149,0.38509316770186336,0.33540372670807456,161,159,0.8254792641543742,0.9875776397515528
2020-07-13,-0.08131666207242064,0.23699421965317918,0.36416184971098264,0.3930635838150289,173,172,0.8226838189848634,0.9942196531791907
2020-07-14,-0.02536358662942532,0.30578512396694213,0.3512396694214876,0.34297520661157027,242,242,0.832038489008738,1.0
2020-07-15,0.04695953089221004,0.4,0.312280701754386,0.28771929824561404,285,285,0.7998866536115345,1.0
2020-07-16,0.00954894825924225,0.32081911262798635,0.32081911262798635,0.3583617747440273,293,293,0.8291013991466561,1.0
2020-07-17,0.11609501956394852,0.42857142857142855,0.2781954887218045,0.2932330827067669,133,133,0.8115895959667694,1.0
2020-07-20,0.07413593026968901,0.41208791208791207,0.32967032967032966,0.25274725274725274,182,181,0.8301963863781144,0.9945054945054945
2020-07-21,0.09554792080133993,0.35978835978835977,0.23809523809523808,0.3968253968253968,189,188,0.8277908343266933,0.9947089947089947
2020-07-22,-0.0008327873327223974,0.33725490196078434,0.3176470588235294,0.32941176470588235,255,251,0.8114859134077551,0.984313725490196
2020-07-23,-0.04659843139491882,0.2809917355371901,0.35537190082644626,0.34297520661157027,242,237,0.8202174611483948,0.9793388429752066
2020-07-24,0.08627308637875578,0.3476190476190476,0.26666666666666666,0.37142857142857144,210,207,0.8525783111507766,0.9857142857142858
2020-07-27,0.1259555791830192,0.40384615384615385,0.27403846153846156,0.3125,208,206,0.8053950859794339,0.9903846153846154
2020-07-28,-0.029509736780304593,0.2850467289719626,0.35046728971962615,0.3598130841121495,214,213,0.7912987918361252,0.9953271028037384
2020-07-29,-0.02292743162568069,0.3167420814479638,0.3438914027149321,0.3393665158371041,221,221,0.8331727543297935,1.0
2020-07-30,-0.19270658539296642,0.27759197324414714,0.4782608695652174,0.24414715719063546,299,299,0.8242474375759877,1.0
2020-07-31,0.05943149898338957,0.40069686411149824,0.313588850174216,0.27526132404181186,287,284,0.7961860179481371,0.9895470383275261
2020-08-03,0.06866638208026285,0.34080717488789236,0.27802690582959644,0.37668161434977576,223,222,0.8032455088587495,0.9955156950672646
2020-08-04,0.061869825462335035,0.3605150214592275,0.2832618025751073,0.3562231759656652,233,233,0.8218981701672845,1.0
2020-08-05,-0.024356446068661365,0.24193548387096775,0.25161290322580643,0.5,310,308,0.8078846138986674,0.9935483870967742
2020-08-06,-0.03447308576266681,0.2701612903225806,0.3629032258064516,0.3548387096774194,248,245,0.8068713124917478,0.9879032258064516
2020-08-07,-0.039393263352489896,0.3231441048034934,0.36681222707423583,0.31004366812227074,229,229,0.816497024360182,1.0
2020-08-10,-0.08667153120040895,0.3220338983050847,0.3785310734463277,0.2937853107344633,177,176,0.7887100167572498,0.9943502824858758
2020-08-11,0.041677882659846455,0.37850467289719625,0.32242990654205606,0.2897196261682243,214,212,0.8126002257724978,0.9906542056074766
2020-08-12,-0.05350155428835247,0.26732673267326734,0.3234323432343234,0.40594059405940597,303,302,0.8059860017915436,0.9966996699669967
2020-08-13,-0.06742657188298459,0.22772277227722773,0.3564356435643564,0.4158415841584158,202,202,0.8298693505844267,1.0
2020-08-14,0.03543636004550293,0.3593073593073593,0.31601731601731603,0.31601731601731603,231,229,0.8199837881925325,0.9913419913419913
2020-08-17,0.04056950890165018,0.3508771929824561,0.29385964912280704,0.35526315789473684,228,228,0.817456574424317,1.0
2020-08-18,0.024907194953781867,0.2847682119205298,0.2913907284768212,0.423841059602649,151,151,0.8201040757807675,1.0
2020-08-19,-0.08177216566376844,0.27346938775510204,0.37551020408163266,0.3510204081632653,245,245,0.7749564967593369,1.0
2020-08-20,-0.1611843781414418,0.17872340425531916,0.3872340425531915,0.4297872340425532,235,234,0.815893638974581,0.9957446808510638
2020-08-21,0.022676236785338387,0.3407079646017699,0.27876106194690264,0.3805309734513274,226,226,0.8346115985011633,1.0
2020-08-24,0.08998590746834394,0.36036036036036034,0.2882882882882883,0.32882882882882886,222,217,0.8052483073302678,0.9774774774774775
2020-08-25,0.11745563523851364,0.36947791164658633,0.24497991967871485,0.3855421686746988,249,249,0.8172054094483095,1.0
2020-08-26,0.033404950956295566,0.36097560975609755,0.3024390243902439,0.32682926829268294,205,203,0.8153125385345497,0.9902439024390244
2020-08-27,0.005949107342354581,0.3024193548387097,0.33064516129032256,0.36693548387096775,248,248,0.795605898023613,1.0
2020-08-28,-0.042202300798357,0.2755102040816326,0.3622448979591837,0.3622448979591837,196,196,0.7924549383472423,1.0
2020-08-31,0.019425856755156293,0.32158590308370044,0.31277533039647576,0.36123348017621143,227,226,0.8057479597298445,0.9955947136563876
2020-09-01,0.04149502845494633,0.36363636363636365,0.33454545454545453,0.29818181818181816,275,274,0.8127139438025273,0.9963636363636363
2020-09-02,-0.1029499516233686,0.24742268041237114,0.35051546391752575,0.39690721649484534,194,193,0.8029637588429327,0.9948453608247423
2020-09-03,-0.041254516424449515,0.24437299035369775,0.3022508038585209,0.4533762057877814,311,311,0.8135111805327069,1.0
2020-09-04,-0.25401629383607843,0.16494845360824742,0.4742268041237113,0.35051546391752575,194,192,0.8425113807121912,0.9896907216494846
2020-09-08,-0.03682517137770591,0.28421052631578947,0.35789473684210527,0.35789473684210527,380,380,0.8209722928310695,1.0
2020-09-09,0.044651599482970726,0.34934497816593885,0.31004366812227074,0.3406113537117904,229,229,0.8060290026092113,1.0
2020-09-10,0.0015660242707289085,0.2826747720364742,0.2978723404255319,0.4133738601823708,329,327,0.8021083453197363,0.993920972644377
2020-09-11,-0.012732728857223942,0.29081632653061223,0.3826530612244898,0.32653061224489793,196,196,0.8173716463604752,1.0
2020-09-14,0.17430453132668677,0.3655913978494624,0.1935483870967742,0.4265232974910394,279,275,0.8100301878018813,0.985663082437276
2020-09-15,0.1265193187088395,0.4053030303030303,0.2689393939393939,0.32575757575757575,264,264,0.8334573139295434,1.0
2020-09-16,-0.025677113523884753,0.28253968253968254,0.3492063492063492,0.36507936507936506,315,314,0.7946509109560851,0.9968253968253968
2020-09-17,-0.11965184288267684,0.23148148148148148,0.36728395061728397,0.39197530864197533,324,321,0.8086806995289348,0.9907407407407407
2020-09-18,0.22905564117402846,0.4251207729468599,0.21256038647342995,0.36231884057971014,207,207,0.8228459175370165,1.0
2020-09-21,-0.06503076795180722,0.30578512396694213,0.40082644628099173,0.29338842975206614,242,242,0.8166277791596641,1.0
2020-09-22,0.08768395978425231,0.4122448979591837,0.3183673469387755,0.2693877551020408,245,245,0.7994422554969788,1.0
2020-09-23,-0.05457987856250583,0.24561403508771928,0.3192982456140351,0.43508771929824563,285,285,0.8275947096055014,1.0
2020-09-24,0.05522873137753439,0.2956521739130435,0.3,0.391304347826087,230,227,0.7900134688694571,0.9869565217391304
2020-09-25,-0.06364216499787291,0.3020833333333333,0.390625,0.3072916666666667,192,192,0.8392299025629958,1.0
2020-09-28,0.14719619843469678,0.4362745098039216,0.25980392156862747,0.30392156862745096,204,204,0.7947968048792259,1.0
2020-09-29,0.014358239362312099,0.34334763948497854,0.351931330472103,0.30472103004291845,233,233,0.8065719587864282,1.0
2020-09-30,-0.008730618582379796,0.34220532319391633,0.33840304182509506,0.3193916349809886,263,263,0.8030790390850473,1.0
2020-10-01,-0.010524533561464686,0.3069306930693069,0.32673267326732675,0.36633663366336633,303,303,0.8095430225232253,1.0
2020-10-02,-0.2619001979770723,0.2087378640776699,0.5194174757281553,0.2621359223300971,206,204,0.832222592743004,0.9902912621359223
2020-10-05,0.23988141997289214,0.42168674698795183,0.14056224899598393,0.43373493975903615,249,248,0.8214148706005465,0.9959839357429718
2020-10-06,0.040342384603555624,0.26865671641791045,0.22014925373134328,0.5111940298507462,268,268,0.8224108848553985,1.0
2020-10-07,-0.009365167871343899,0.29767441860465116,0.3116279069767442,0.386046511627907,215,214,0.8204514732427686,0.9953488372093023
2020-10-08,-0.03891931359826159,0.2698412698412698,0.38095238095238093,0.3492063492063492,252,252,0.8022681290195102,1.0
2020-10-09,-0.08441152323900565,0.28640776699029125,0.4223300970873786,0.28640776699029125,206,205,0.8243444282834123,0.9951456310679612
2020-10-12,0.2406849881971614,0.4954128440366973,0.21559633027522937,0.2889908256880734,218,218,0.8157423603425332,1.0
2020-10-13,0.02936832781584149,0.3007246376811594,0.2898550724637681,0.40942028985507245,276,276,0.8055402105269225,1.0
2020-10-14,0.010028174897354889,0.3318777292576419,0.3318777292576419,0.33624454148471616,229,229,0.8057594735289245,1.0
2020-10-15,0.0033084965240129296,0.30685920577617326,0.3574007220216607,0.33212996389891697,277,276,0.8062479146148848,0.9963898916967509
2020-10-16,0.054967659485848586,0.39622641509433965,0.32075471698113206,0.2783018867924528,212,211,0.8425832743893302,0.9952830188679245
2020-10-19,0.1257159369913777,0.35267857142857145,0.20982142857142858,0.42857142857142855,224,222,0.797196839575295,0.9910714285714286
2020-10-20,0.3154765594422779,0.5051020408163265,0.1377551020408163,0.35714285714285715,196,196,0.8187043148340011,1.0
2020-10-21,0.01876832292375647,0.3486590038314176,0.3103448275862069,0.3333333333333333,261,259,0.7771658111493099,0.9923371647509579
2020-10-22,-0.042698137585456555,0.2980392156862745,0.3843137254901961,0.30980392156862746,255,253,0.8332002925071792,0.9921568627450981
2020-10-23,-0.07696720633204236,0.21794871794871795,0.3076923076923077,0.46153846153846156,234,231,0.8296966086992453,0.9871794871794872
2020-10-26,0.04802998040972779,0.376984126984127,0.3253968253968254,0.2976190476190476,252,252,0.8149148633792287,1.0
2020-10-27,0.07618623355183483,0.4177215189873418,0.2911392405063291,0.2911392405063291,237,237,0.8083755898324749,1.0
2020-10-28,-0.11476102453398418,0.285140562248996,0.39357429718875503,0.321285140562249,249,249,0.8300802438374025,1.0
2020-10-29,-0.11494395964391357,0.29310344827586204,0.39655172413793105,0.3045977011494253,348,346,0.811569949708922,0.9942528735632183
2020-10-30,-0.01323374155871118,0.3684210526315789,0.3603238866396761,0.27125506072874495,247,247,0.8154397120601252,1.0
2020-11-02,0.03272198027052381,0.2834890965732087,0.3052959501557632,0.40498442367601245,321,319,0.8153733547578411,0.9937694704049844
2020-11-03,-0.0007966840871575054,0.29338842975206614,0.3305785123966942,0.371900826446281,242,241,0.8086734219952738,0.9958677685950413
2020-11-04,-0.023367177326587447,0.23529411764705882,0.2659846547314578,0.49104859335038364,391,388,0.8153777066426179,0.9923273657289002
2020-11-05,0.05330148471370117,0.34421364985163205,0.26706231454005935,0.3887240356083086,337,337,0.8103924420184127,1.0
2020-11-06,-0.12390044374265392,0.2537313432835821,0.4216417910447761,0.31716417910447764,268,266,0.8194702771821416,0.9925373134328358
2020-11-09,0.20909722105333847,0.4131054131054131,0.19373219373219372,0.3903133903133903,351,350,0.7920909975256238,0.9971509971509972
2020-11-10,0.08118414880742351,0.33210332103321033,0.24723247232472326,0.41697416974169743,271,270,0.8119447623138074,0.996309963099631
2020-11-11,0.12154470725315752,0.35046728971962615,0.2383177570093458,0.411214953271028,214,214,0.8314668384389342,1.0
2020-11-12,-0.09837820945300636,0.2846441947565543,0.41198501872659177,0.30337078651685395,267,267,0.8060802392075571,1.0
2020-11-13,-0.09510334070973797,0.19704433497536947,0.30049261083743845,0.5024630541871922,203,203,0.847497189720276,1.0
2020-11-16,0.21564432510944165,0.4601449275362319,0.1956521739130435,0.3442028985507246,276,276,0.8015287646996803,1.0
2020-11-17,0.13705261521761053,0.37727272727272726,0.18636363636363637,0.43636363636363634,220,220,0.8194008819081566,1.0
2020-11-18,0.14355257878924021,0.3984375,0.2265625,0.375,256,256,0.7906416289042681,1.0
2020-11-19,0.06155317998491227,0.3563218390804598,0.29118773946360155,0.34099616858237547,261,258,0.7982864591271378,0.9885057471264368
2020-11-20,0.14897900852515839,0.3878787878787879,0.24242424242424243,0.3696969696969697,165,165,0.8151711906447555,1.0
2020-11-23,0.08837612958669612,0.3116438356164384,0.2054794520547945,0.4828767123287671,292,292,0.8352944954005006,1.0
2020-11-24,0.16975571441472018,0.4345991561181435,0.2320675105485232,0.3291139240506329,237,236,0.8324671205827745,0.9957805907172996
2020-11-25,0.023771906057171673,0.3057553956834532,0.2805755395683453,0.4136690647482014,278,278,0.8304008088952346,1.0
2020-11-27,-0.14013492865099883,0.2485207100591716,0.41420118343195267,0.33136094674556216,338,336,0.8174178752870787,0.9940828402366864
2020-11-30,-0.020782836858062488,0.368,0.38,0.24,250,247,0.8069270609120126,0.988
2020-12-01,0.006456627954490648,0.29372937293729373,0.33993399339933994,0.35973597359735976,303,301,0.8091747373639547,0.9933993399339934
2020-12-02,0.1383470372070053,0.41544117647058826,0.27205882352941174,0.3088235294117647,272,271,0.8065853005625665,0.9963235294117647
2020-12-03,0.14632543237079723,0.33217993079584773,0.19377162629757785,0.45674740484429066,289,284,0.8188433422588967,0.9826989619377162
2020-12-04,-0.060906872766512174,0.18947368421052632,0.3087719298245614,0.4982456140350877,285,284,0.8057717802658887,0.9964912280701754
2020-12-07,0.1538286340292906,0.37337662337662336,0.2012987012987013,0.4253246753246753,308,308,0.8142454352278214,1.0
2020-12-08,0.020260453598022872,0.27906976744186046,0.2744186046511628,0.4372093023255814,215,213,0.8170998132844486,0.9906976744186047
2020-12-09,0.03999224073543655,0.28524590163934427,0.23934426229508196,0.47540983606557374,305,305,0.8256940855354559,1.0
2020-12-10,0.04700432881426352,0.3323076923076923,0.27692307692307694,0.39076923076923076,325,325,0.7877672829077794,1.0
2020-12-11,0.07259955789423851,0.32558139534883723,0.25116279069767444,0.4186046511627907,215,214,0.8116657569586674,0.9953488372093023
2020-12-14,0.13726136935944322,0.39776951672862454,0.24535315985130113,0.35315985130111527,269,268,0.80848436858227,0.9962825278810409
2020-12-15,0.11121867904062395,0.3364485981308411,0.2523364485981308,0.411214953271028,321,321,0.815788977614073,1.0
2020-12-16,-0.0025282242199088007,0.3333333333333333,0.3143631436314363,0.3523035230352303,369,369,0.8108371028570625,1.0
2020-12-17,0.08393540861724612,0.3349875930521092,0.23821339950372208,0.41687344913151364,403,399,0.814380518550562,0.9900744416873449
2020-12-18,0.1684168578789535,0.36574074074074076,0.19907407407407407,0.4351851851851852,216,216,0.8260816924825862,1.0
2020-12-21,-0.2196756002631592,0.21285140562248997,0.46987951807228917,0.3172690763052209,249,249,0.8603525159349403,1.0
2020-12-22,-0.11305310647200668,0.2669491525423729,0.4067796610169492,0.326271186440678,236,236,0.8337136480515286,1.0
2020-12-23,-0.08641701136324284,0.29347826086956524,0.39492753623188404,0.3115942028985507,276,276,0.8250192074456076,1.0
2020-12-24,0.017135597940824625,0.2709677419354839,0.2645161290322581,0.45806451612903226,155,154,0.797634377495035,0.9935483870967742
2020-12-28,-0.09603153116636932,0.2857142857142857,0.40601503759398494,0.3082706766917293,133,133,0.8070283897389147,1.0
2020-12-29,0.30652878022569063,0.5,0.14084507042253522,0.3591549295774648,142,142,0.8329398098965766,1.0
2020-12-30,0.06296346698667894,0.292817679558011,0.27624309392265195,0.4143646408839779,181,178,0.8100120408481426,0.9834254143646409
2020-12-31,-0.08471011249348523,0.272,0.392,0.336,125,125,0.8362359645366668,1.0
2021-01-04,-0.036389449017643224,0.29245283018867924,0.3490566037735849,0.35377358490566035,212,211,0.8203758956131777,0.9952830188679245
2021-01-05,0.05258209028074311,0.29365079365079366,0.29365079365079366,0.4126984126984127,252,252,0.8000741927396684,1.0
2021-01-06,-0.03088257221361766,0.2676923076923077,0.30153846153846153,0.4307692307692308,325,325,0.8203267555970412,1.0
2021-01-07,-0.02232635523532591,0.23809523809523808,0.28253968253968254,0.4793650793650794,315,315,0.7850951446427239,1.0
2021-01-08,-0.11513486364017333,0.24778761061946902,0.4026548672566372,0.33185840707964603,226,222,0.8116572395906793,0.9823008849557522
2021-01-11,-0.002003129422923349,0.3623853211009174,0.3532110091743119,0.27522935779816515,218,216,0.804252102971077,0.9908256880733946
2021-01-12,0.13249526049065238,0.40784313725490196,0.25882352941176473,0.3333333333333333,255,255,0.7972861854469075,1.0
2021-01-13,0.03152809198083424,0.3443223443223443,0.315018315018315,0.32967032967032966,273,270,0.7820765883834274,0.989010989010989
2021-01-14,0.06459997028016701,0.3425196850393701,0.2874015748031496,0.3661417322834646,254,253,0.789221565478404,0.9960629921259843
2021-01-15,-0.08618806990112315,0.2996389891696751,0.37906137184115524,0.3212996389891697,277,277,0.824863016928146,1.0
2021-01-19,0.049061928086873416,0.35128205128205126,0.30256410256410254,0.3435897435897436,390,389,0.8136945123231196,0.9974358974358974
2021-01-20,0.05526520869626699,0.358974358974359,0.27350427350427353,0.36324786324786323,234,233,0.8082650985584751,0.9957264957264957
2021-01-21,0.033042633436896174,0.2962962962962963,0.3,0.40370370370370373,270,270,0.8010136822859446,1.0
2021-01-22,-0.12618230651614482,0.2413793103448276,0.35517241379310344,0.40344827586206894,290,290,0.8396844506263733,1.0
2021-01-25,0.05805358819832856,0.3607843137254902,0.2823529411764706,0.34901960784313724,255,253,0.8401801415347299,0.9921568627450981
2021-01-26,0.11871242754765457,0.3831417624521073,0.26436781609195403,0.3448275862068966,261,259,0.8023357768776794,0.9923371647509579
2021-01-27,-0.11729986656898536,0.2788844621513944,0.41434262948207173,0.29880478087649404,251,249,0.8305245443999049,0.9920318725099602
2021-01-28,-0.045935781954404904,0.3042071197411003,0.35275080906148865,0.343042071197411,309,309,0.8194084307329554,1.0
2021-01-29,0.09704873730920048,0.4097222222222222,0.3055555555555556,0.2847222222222222,288,288,0.8408689122233126,1.0
2021-02-01,0.1337779120713094,0.38132295719844356,0.2529182879377432,0.36186770428015563,257,256,0.8254814884858206,0.9961089494163424
2021-02-02,-0.0005403202434284163,0.30042918454935624,0.3218884120171674,0.36909871244635195,233,231,0.8150934515061317,0.9914163090128756
2021-02-03,0.0017838670091777599,0.29357798165137616,0.28440366972477066,0.42201834862385323,327,327,0.7883061460398753,1.0
2021-02-04,0.040703440436313514,0.30743243243243246,0.24662162162162163,0.4222972972972973,296,289,0.8260050265434291,0.9763513513513513
2021-02-05,-0.00640225606520885,0.30344827586206896,0.3137931034482759,0.38275862068965516,290,290,0.8257328291391505,1.0
2021-02-08,0.29227193054342593,0.5492227979274611,0.18652849740932642,0.26424870466321243,193,193,0.7929254157246703,1.0
2021-02-09,0.07341474730350162,0.3511450381679389,0.31679389312977096,0.3282442748091603,262,261,0.8167064864745085,0.9961832061068703
2021-02-10,0.11685478880577142,0.35693215339233036,0.2536873156342183,0.3864306784660767,339,338,0.8051001491278587,0.9970501474926253
2021-02-11,-0.04226394364758283,0.2757009345794392,0.3317757009345794,0.3925233644859813,214,214,0.8361139209749543,1.0
2021-02-12,4.757200975132531e-05,0.2782608695652174,0.2956521739130435,0.4260869565217391,230,230,0.8327991612579512,1.0
2021-02-16,0.13349493081596764,0.4018058690744921,0.24153498871331827,0.34988713318284426,443,440,0.8097802958027883,0.9932279909706546
2021-02-17,0.15260988041377418,0.4498567335243553,0.24641833810888253,0.2979942693409742,349,347,0.8226008503684393,0.994269340974212
2021-02-18,0.031386052904878364,0.27697841726618705,0.2517985611510791,0.4712230215827338,278,278,0.8125836747370178,1.0
2021-02-19,0.020124735270181424,0.24782608695652175,0.2217391304347826,0.5304347826086957,230,230,0.8393453809230224,1.0
2021-02-22,0.3287993904375508,0.5078125,0.1484375,0.3359375,256,254,0.8189145547198499,0.9921875
2021-02-23,0.10123495848807869,0.35424354243542433,0.25830258302583026,0.3800738007380074,271,269,0.8083969134158805,0.992619926199262
2021-02-24,0.07671401477980275,0.3333333333333333,0.23404255319148937,0.4326241134751773,282,282,0.8128682512340816,1.0
2021-02-25,0.10382094745909853,0.3540856031128405,0.2607003891050584,0.38132295719844356,257,256,0.8094474660465494,0.9961089494163424
2021-02-26,0.09935538649277866,0.3660377358490566,0.2339622641509434,0.4,265,265,0.8179349868927361,1.0
2021-03-01,0.09164398595753867,0.37966101694915255,0.2440677966101695,0.376271186440678,295,295,0.8240531817331153,1.0
2021-03-02,-0.022571120809378304,0.2655172413793103,0.32413793103448274,0.4103448275862069,290,290,0.8062817642401005,1.0
2021-03-03,0.0057988161517476475,0.2679245283018868,0.22264150943396227,0.5056603773584906,265,264,0.8234877769242633,0.9962264150943396
2021-03-04,0.09488780498448023,0.2912912912912913,0.23123123123123124,0.46546546546546547,333,329,0.8185103792912329,0.987987987987988
2021-03-05,0.03896434358263284,0.35093167701863354,0.3167701863354037,0.33229813664596275,322,322,0.7776964534513698,1.0
2021-03-08,0.040582172095685466,0.3333333333333333,0.2931726907630522,0.36947791164658633,249,248,0.8143849109690036,0.9959839357429718
2021-03-09,0.1616197368701345,0.42379182156133827,0.2342007434944238,0.3420074349442379,269,269,0.8278374779401658,1.0
2021-03-10,0.1940407260775463,0.39655172413793105,0.18275862068965518,0.41724137931034483,290,289,0.805810709622492,0.996551724137931
2021-03-11,0.13018136887023082,0.336996336996337,0.2271062271062271,0.4358974358974359,273,273,0.8037157519396408,1.0
2021-03-12,0.05539468129673802,0.37549407114624506,0.30434782608695654,0.31225296442687744,253,251,0.8058700876169471,0.9920948616600791
2021-03-15,0.12588057549978007,0.33035714285714285,0.23660714285714285,0.4330357142857143,224,224,0.8194321348731007,1.0
2021-03-16,-0.006451410073518334,0.34134615384615385,0.33653846153846156,0.32211538461538464,208,208,0.8455545806254332,1.0
2021-03-17,0.03437115685843234,0.32653061224489793,0.2687074829931973,0.40476190476190477,294,294,0.8036667889072782,1.0
2021-03-18,0.03610302830762604,0.28448275862068967,0.26436781609195403,0.4511494252873563,348,348,0.8263696239426218,1.0
2021-03-19,0.014870054624528464,0.3645833333333333,0.3229166666666667,0.3125,192,192,0.8278334406204522,1.0
2021-03-22,0.07321944777540769,0.36929460580912865,0.2821576763485477,0.34854771784232363,241,241,0.8245084703710563,1.0
2021-03-23,-0.12126998333524625,0.2508833922261484,0.40636042402826855,0.3392226148409894,283,282,0.8211571172619543,0.9964664310954063
2021-03-24,0.02263952144594104,0.28888888888888886,0.2518518518518518,0.45925925925925926,270,270,0.8223341672508805,1.0
2021-03-25,0.011699038476876486,0.33962264150943394,0.3622641509433962,0.2981132075471698,265,265,0.8253653182173675,1.0
2021-03-26,0.16849727601180314,0.45871559633027525,0.2889908256880734,0.25229357798165136,218,218,0.8157066440363543,1.0
2021-03-29,0.26815865727517524,0.5446009389671361,0.215962441314554,0.23943661971830985,213,213,0.8179699372797505,1.0
2021-03-30,0.1617760045970927,0.40441176470588236,0.22058823529411764,0.375,272,272,0.8117662718629136,1.0
2021-03-31,0.14031275034062846,0.424812030075188,0.24812030075187969,0.32706766917293234,266,266,0.7965434080451951,1.0
2021-04-01,0.22449907474765496,0.4263565891472868,0.1937984496124031,0.37209302325581395,258,256,0.8150588802527636,0.9922480620155039
2021-04-05,0.004382103529020103,0.3547008547008547,0.33760683760683763,0.29914529914529914,234,232,0.8373735013963848,0.9914529914529915
2021-04-06,0.21093890003583118,0.39461883408071746,0.17488789237668162,0.4260089686098655,223,222,0.8009540567526946,0.9955156950672646
2021-04-07,0.1001626236909643,0.3116438356164384,0.1917808219178082,0.4965753424657534,292,292,0.8219723217699626,1.0
2021-04-08,0.18936939076268794,0.3918918918918919,0.21621621621621623,0.3918918918918919,222,222,0.7974314935304023,1.0
2021-04-09,-0.07523678727189285,0.2596685082872928,0.35359116022099446,0.3812154696132597,181,180,0.8028507779041926,0.994475138121547
2021-04-12,0.15493653994053602,0.43873517786561267,0.2648221343873518,0.2924901185770751,253,252,0.8319496100857144,0.9960474308300395
2021-04-13,0.23343019695857947,0.4770992366412214,0.20610687022900764,0.29389312977099236,262,256,0.8031381468754262,0.9770992366412213
2021-04-14,0.1208003735438912,0.3832599118942731,0.2555066079295154,0.32158590308370044,227,218,0.8085420416035783,0.960352422907489
2021-04-15,0.20515982131221558,0.45323741007194246,0.22302158273381295,0.32014388489208634,278,277,0.820569048719716,0.9964028776978417
2021-04-16,0.15687596700461273,0.43956043956043955,0.25274725274725274,0.3076923076923077,182,182,0.8238226465144001,1.0
2021-04-19,0.14774899251259319,0.4146341463414634,0.24878048780487805,0.33658536585365856,205,205,0.8036779397871436,1.0
2021-04-20,0.15113352321378595,0.38095238095238093,0.22510822510822512,0.3939393939393939,231,231,0.8054249227304995,1.0
2021-04-21,0.1647999549534369,0.4337748344370861,0.24834437086092714,0.31788079470198677,302,302,0.7917793802670295,1.0
2021-04-22,0.0601388591999713,0.3281853281853282,0.26640926640926643,0.40540540540540543,259,259,0.8126385032440244,1.0
2021-04-23,0.09210901149022191,0.3130434782608696,0.2217391304347826,0.4652173913043478,230,230,0.8289506949808286,1.0
2021-04-26,0.1560150657221675,0.4126984126984127,0.24603174603174602,0.3333333333333333,252,250,0.8159787114858628,0.9920634920634921
2021-04-27,0.22592946524029503,0.4493927125506073,0.1862348178137652,0.3522267206477733,247,244,0.8130560889840126,0.9878542510121457
2021-04-28,0.19496889650117089,0.4307116104868914,0.22846441947565543,0.3408239700374532,267,267,0.799415713169155,1.0
2021-04-29,0.14254737410308985,0.40344827586206894,0.27586206896551724,0.32068965517241377,290,290,0.8218554528622791,1.0
2021-04-30,0.0324329983597705,0.3793103448275862,0.35172413793103446,0.2655172413793103,290,289,0.807414745686376,0.996551724137931
2021-05-03,0.246521928200286,0.4309623430962343,0.17154811715481172,0.3891213389121339,239,237,0.8322545079993799,0.9916317991631799
2021-05-04,0.1507060130871099,0.36220472440944884,0.18503937007874016,0.452755905511811,254,254,0.8159480250961199,1.0
2021-05-05,0.11990224783284133,0.30132450331125826,0.1986754966887417,0.5,302,302,0.8074510318554,1.0
2021-05-06,0.09696450206406769,0.3663003663003663,0.2454212454212454,0.3882783882783883,273,273,0.8111247687767713,1.0
2021-05-07,0.05733637405173466,0.39732142857142855,0.32589285714285715,0.26785714285714285,224,222,0.8234522819250554,0.9910714285714286
2021-05-10,0.09931067574422717,0.3192307692307692,0.2076923076923077,0.4653846153846154,260,258,0.8324425175439479,0.9923076923076923
2021-05-11,0.14535363351487515,0.3783783783783784,0.22393822393822393,0.39768339768339767,259,259,0.8265960916128858,1.0
2021-05-12,0.03568444188718193,0.3617021276595745,0.2917933130699088,0.3465045592705167,329,329,0.7988748263261963,1.0
2021-05-13,-0.08820005715278113,0.23943661971830985,0.3333333333333333,0.4272300469483568,213,213,0.8139667415842764,1.0
2021-05-14,0.024072970214383614,0.3386243386243386,0.2962962962962963,0.36507936507936506,189,189,0.8343069584912093,1.0
2021-05-17,0.186230544209285,0.4475806451612903,0.23387096774193547,0.3185483870967742,248,248,0.8110943094136254,1.0
2021-05-18,0.18720943555156264,0.43162393162393164,0.23076923076923078,0.33760683760683763,234,234,0.7949278620827911,1.0
2021-05-19,-0.02775526870147989,0.24666666666666667,0.2866666666666667,0.4633333333333333,300,299,0.8069073060483837,0.9966666666666667
2021-05-20,0.04559697052823241,0.3215434083601286,0.2797427652733119,0.3987138263665595,311,311,0.816513480193362,1.0
2021-05-21,0.13944566559468238,0.3433962264150943,0.19622641509433963,0.46037735849056605,265,265,0.840105653933759,1.0
2021-05-24,0.1423354129710698,0.37254901960784315,0.21568627450980393,0.4068627450980392,204,203,0.8156677067573435,0.9950980392156863
2021-05-25,0.1952878310544937,0.3916349809885932,0.17870722433460076,0.4220532319391635,263,261,0.8162720694395774,0.9923954372623575
2021-05-26,0.06410664281823107,0.29891304347826086,0.25,0.44565217391304346,184,183,0.813361339230355,0.9945652173913043
2021-05-27,0.16241159244997588,0.4155251141552511,0.2511415525114155,0.3333333333333333,219,219,0.8270496531436432,1.0
2021-05-28,0.29234605033679884,0.4766355140186916,0.14485981308411214,0.3691588785046729,214,212,0.8200014705927867,0.9906542056074766
2021-06-01,0.2021732175553852,0.4697802197802198,0.23351648351648352,0.2967032967032967,364,364,0.8099267707093731,1.0
2021-06-02,0.2654939136791654,0.490272373540856,0.19844357976653695,0.30739299610894943,257,256,0.8137252734741196,0.9961089494163424
2021-06-03,0.031282636161652284,0.3110236220472441,0.2559055118110236,0.40551181102362205,254,247,0.807163784861082,0.9724409448818898
2021-06-04,-0.1478384592618219,0.2558139534883721,0.3992248062015504,0.32558139534883723,258,253,0.8378778661899415,0.9806201550387597
2021-06-07,0.046464685291904846,0.35944700460829493,0.30414746543778803,0.3225806451612903,217,214,0.8269344846778941,0.9861751152073732
2021-06-08,0.03760172567632517,0.3069306930693069,0.26732673267326734,0.42244224422442245,303,302,0.818129513536068,0.9966996699669967
2021-06-09,0.10766415908823117,0.3125,0.1875,0.48660714285714285,224,221,0.8103559269354894,0.9866071428571429
2021-06-10,0.12887103075189585,0.36900369003690037,0.23616236162361623,0.3763837638376384,271,266,0.840260526179371,0.981549815498155
2021-06-11,0.04623266434230441,0.2964824120603015,0.27638190954773867,0.4120603015075377,199,196,0.8246587403878873,0.9849246231155779
2021-06-14,0.1740544918979107,0.40540540540540543,0.21171171171171171,0.38288288288288286,222,222,0.8347790004970791,1.0
2021-06-15,0.0950560777437614,0.35714285714285715,0.2556390977443609,0.38721804511278196,266,266,0.8212315347185708,1.0
2021-06-16,0.043151359362237685,0.3494809688581315,0.3044982698961938,0.3460207612456747,289,289,0.8048771393959085,1.0
2021-06-17,0.03292999749816434,0.30386740331491713,0.30386740331491713,0.3839779005524862,362,359,0.8204353974722222,0.9917127071823204
2021-06-18,-0.02947505714974422,0.3333333333333333,0.3333333333333333,0.32748538011695905,171,170,0.8164796448805753,0.9941520467836257
2021-06-21,0.17646319814957678,0.42924528301886794,0.22641509433962265,0.3443396226415094,212,212,0.8044728468049247,1.0
2021-06-22,0.04984658224871608,0.3170731707317073,0.24390243902439024,0.43902439024390244,205,205,0.8297093606576686,1.0
2021-06-23,0.22653078027069568,0.45,0.14615384615384616,0.40384615384615385,260,260,0.8187433249675311,1.0
2021-06-24,0.17408702946458987,0.40062111801242234,0.2111801242236025,0.37267080745341613,322,317,0.8320709100281026,0.984472049689441
2021-06-25,0.16501931372545492,0.42035398230088494,0.2831858407079646,0.2831858407079646,226,223,0.8418080614286688,0.9867256637168141
2021-06-28,0.018529465115678143,0.3157894736842105,0.30701754385964913,0.37719298245614036,228,228,0.8106934462200132,1.0
2021-06-29,0.23285675247057547,0.4583333333333333,0.1701388888888889,0.3715277777777778,288,288,0.8070436674687598,1.0
2021-06-30,0.01969578377539226,0.3204225352112676,0.29577464788732394,0.3767605633802817,284,282,0.7877846328502006,0.9929577464788732
2021-07-01,0.12598980209609914,0.3419354838709677,0.25483870967741934,0.4032258064516129,310,310,0.8166219277727989,1.0
2021-07-02,0.07011306175464314,0.39655172413793105,0.33620689655172414,0.2672413793103448,232,232,0.8115682880683192,1.0
2021-07-06,0.03523963589421038,0.3024054982817869,0.281786941580756,0.40893470790378006,291,289,0.8125436515337868,0.993127147766323
2021-07-07,-0.009256234112709368,0.31390134529147984,0.2825112107623318,0.40358744394618834,223,223,0.8055681916363037,1.0
2021-07-08,-0.06917573696307613,0.27759197324414714,0.34448160535117056,0.3779264214046823,299,299,0.8093647695704048,1.0
2021-07-09,-0.036851011671472436,0.3488372093023256,0.3488372093023256,0.3023255813953488,172,172,0.7981447830449703,1.0
2021-07-12,0.12810561982055818,0.4320388349514563,0.2912621359223301,0.2766990291262136,206,206,0.8350373315579683,1.0
2021-07-13,0.2290712902417058,0.47368421052631576,0.19433198380566802,0.32793522267206476,247,246,0.8169564790115124,0.9959514170040485
2021-07-14,0.00837608035125419,0.3298245614035088,0.3087719298245614,0.3508771929824561,285,282,0.8081561670447073,0.9894736842105263
2021-07-15,-0.06794933603834834,0.3103448275862069,0.3793103448275862,0.30094043887147337,319,316,0.8167544794799406,0.9905956112852664
2021-07-16,-0.01590233461279994,0.31097560975609756,0.3048780487804878,0.3780487804878049,164,163,0.8120519293963544,0.9939024390243902
2021-07-19,-0.028225169208599264,0.30327868852459017,0.3442622950819672,0.3360655737704918,244,240,0.859464443475008,0.9836065573770492
2021-07-20,0.12088513234630227,0.4075829383886256,0.2559241706161137,0.33175355450236965,211,210,0.8175221322547822,0.995260663507109
2021-07-21,0.20402903436131928,0.4475806451612903,0.21774193548387097,0.3225806451612903,248,245,0.8067254740364698,0.9879032258064516
2021-07-22,0.1172668977085603,0.3801369863013699,0.2808219178082192,0.339041095890411,292,292,0.8047390736333312,1.0
2021-07-23,0.15102565971368523,0.3813953488372093,0.18604651162790697,0.42790697674418604,215,214,0.8302640363434765,0.9953488372093023
2021-07-26,0.11747817435105773,0.4712041884816754,0.3036649214659686,0.2198952879581152,191,190,0.8205211491961228,0.9947643979057592
2021-07-27,0.13586518591159283,0.45,0.2636363636363636,0.2818181818181818,220,219,0.8096236308960065,0.9954545454545455
2021-07-28,0.11722133558326803,0.3780487804878049,0.2764227642276423,0.34552845528455284,246,246,0.8119815837561599,1.0
2021-07-29,0.23505413263667463,0.4778156996587031,0.21843003412969283,0.3037542662116041,293,293,0.8200262661883448,1.0
2021-07-30,0.10234732314711437,0.3838383838383838,0.26936026936026936,0.3434343434343434,297,296,0.8257052024474015,0.9966329966329966
2021-08-02,-0.01872172369108852,0.31718061674008813,0.3392070484581498,0.3436123348017621,227,227,0.8373040745962034,1.0
2021-08-03,0.19191792826982623,0.4170403587443946,0.20179372197309417,0.3811659192825112,223,223,0.826559336998003,1.0
2021-08-04,0.0026667858293467645,0.3023255813953488,0.29844961240310075,0.3992248062015504,258,258,0.8240524897741717,1.0
2021-08-05,0.1307659158266561,0.34551495016611294,0.19601328903654486,0.4584717607973422,301,301,0.8045797917335928,1.0
2021-08-06,-0.09359660950632623,0.2857142857142857,0.36554621848739494,0.3319327731092437,238,234,0.811843565513945,0.9831932773109243
2021-08-09,0.03425834743977814,0.3780487804878049,0.33739837398373984,0.2764227642276423,246,244,0.8209790663152444,0.991869918699187
2021-08-10,0.0996808608260411,0.3626943005181347,0.2694300518134715,0.36787564766839376,193,193,0.794135011539558,1.0
2021-08-11,0.06181720324385637,0.37786259541984735,0.30916030534351147,0.3015267175572519,262,259,0.8265073795346219,0.9885496183206107
2021-08-12,0.034847337198944256,0.2987012987012987,0.3116883116883117,0.38636363636363635,308,307,0.8337487086216867,0.9967532467532467
2021-08-13,-0.02378261493687324,0.3240223463687151,0.3687150837988827,0.29608938547486036,179,177,0.8293478472084649,0.9888268156424581
2021-08-16,0.045902998748180615,0.3639705882352941,0.33088235294117646,0.30514705882352944,272,272,0.8391241629553192,1.0
2021-08-17,-0.009237034590787273,0.31981981981981983,0.32882882882882886,0.33783783783783783,222,219,0.8215081574709993,0.9864864864864865
2021-08-18,-0.04259227389416714,0.28771929824561404,0.3649122807017544,0.3333333333333333,285,281,0.8017191176312674,0.9859649122807017
2021-08-19,-0.17643398449340797,0.2014388489208633,0.4352517985611511,0.36330935251798563,278,278,0.8391199755154067,1.0
2021-08-20,-0.04003292341397402,0.29577464788732394,0.3380281690140845,0.36619718309859156,213,213,0.8086293531415608,1.0
2021-08-23,0.11527253798703896,0.35019455252918286,0.20622568093385213,0.4396887159533074,257,256,0.7977151299128309,0.9961089494163424
2021-08-24,0.3094533606750391,0.5097087378640777,0.1407766990291262,0.3446601941747573,206,205,0.8309914154250447,0.9951456310679612
2021-08-25,0.07328600225157807,0.37554585152838427,0.2663755458515284,0.34934497816593885,229,227,0.8189124686865029,0.9912663755458515
2021-08-26,-0.10960417795881984,0.23113207547169812,0.3867924528301887,0.37264150943396224,212,210,0.8074385669969377,0.9905660377358491
2021-08-27,0.06774081022774574,0.40654205607476634,0.308411214953271,0.2850467289719626,214,214,0.8066565774590055,1.0
2021-08-30,-0.015653011367997394,0.3252032520325203,0.32926829268292684,0.3333333333333333,246,243,0.8261096278826395,0.9878048780487805
2021-08-31,-0.004934355274336532,0.34,0.336,0.32,250,249,0.8084243879500164,0.996
2021-09-01,-0.040810895105656976,0.28975265017667845,0.3568904593639576,0.3392226148409894,283,279,0.8370612218815793,0.9858657243816255
2021-09-02,0.09476869168098676,0.34265734265734266,0.2517482517482518,0.40559440559440557,286,286,0.7808420939462168,1.0
2021-09-03,-0.0600000004578891,0.27402135231316727,0.3487544483985765,0.3665480427046263,281,278,0.8014762517359617,0.9893238434163701
2021-09-07,0.0913613796613227,0.34076433121019106,0.2515923566878981,0.4012738853503185,314,312,0.8033868273099264,0.9936305732484076
2021-09-08,0.10223998148210867,0.386046511627907,0.2651162790697674,0.3488372093023256,215,215,0.8174149983151014,1.0
2021-09-09,-0.03663677982922618,0.2687074829931973,0.3401360544217687,0.391156462585034,294,294,0.8101632667033851,1.0
2021-09-10,0.015272147105618684,0.3416666666666667,0.3375,0.32083333333333336,240,240,0.8159207339088123,1.0
2021-09-13,0.1481058723727862,0.3672566371681416,0.23893805309734514,0.3893805309734513,226,225,0.8172050442960527,0.995575221238938
2021-09-14,0.10821800136027183,0.3543859649122807,0.24561403508771928,0.3894736842105263,285,282,0.8137613624757063,0.9894736842105263
2021-09-15,0.16194872104628513,0.4315352697095436,0.23651452282157676,0.33195020746887965,241,241,0.8134299218654633,1.0
2021-09-16,0.10551527213949456,0.3609022556390977,0.2518796992481203,0.38721804511278196,266,266,0.8047503768501425,1.0
2021-09-17,0.10995448403991759,0.38414634146341464,0.2682926829268293,0.3475609756097561,164,164,0.8385228260261256,1.0
2021-09-20,0.04730663003766743,0.33976833976833976,0.3166023166023166,0.3436293436293436,259,259,0.8078777651989322,1.0
2021-09-21,0.08137581249342318,0.3148936170212766,0.24680851063829787,0.43829787234042555,235,235,0.8136639256426629,1.0
2021-09-22,0.14819228019318925,0.39299610894941633,0.21011673151750973,0.3968871595330739,257,257,0.790201057603851,1.0
2021-09-23,0.10165716745976314,0.34770114942528735,0.25287356321839083,0.3994252873563218,348,348,0.811213293894269,1.0
2021-09-24,0.02167962293723843,0.35353535353535354,0.3434343434343434,0.30303030303030304,198,198,0.8349687609106603,1.0
2021-09-27,0.2522156457346689,0.4699248120300752,0.15789473684210525,0.37218045112781956,266,266,0.7934725799954924,1.0
2021-09-28,0.13054206837467583,0.4142857142857143,0.2714285714285714,0.3142857142857143,280,280,0.7809507625443595,1.0
2021-09-29,0.1374697286492654,0.37344398340248963,0.21161825726141079,0.4149377593360996,241,241,0.8268726689439592,1.0
2021-09-30,0.07673396485610462,0.3734567901234568,0.29012345679012347,0.33641975308641975,324,324,0.7935657567448087,1.0
2021-10-01,0.16569070947858003,0.38549618320610685,0.25190839694656486,0.3549618320610687,262,260,0.8341433478089479,0.9923664122137404
2021-10-04,0.2832724339775741,0.48638132295719844,0.1828793774319066,0.3035019455252918,257,250,0.8120083663463592,0.9727626459143969
2021-10-05,0.1862981819780543,0.35403726708074534,0.14285714285714285,0.4968944099378882,322,320,0.8072812428697944,0.9937888198757764
2021-10-06,0.01558398550433903,0.32081911262798635,0.31399317406143346,0.3583617747440273,293,291,0.8075729007368645,0.9931740614334471
2021-10-07,0.01660926060441865,0.3110236220472441,0.31496062992125984,0.3700787401574803,254,253,0.8151798860828867,0.9960629921259843
2021-10-08,0.048881061477547984,0.40082644628099173,0.3305785123966942,0.2644628099173554,242,241,0.8212077878570161,0.9958677685950413
2021-10-11,0.18505440237721307,0.51,0.265,0.22,200,199,0.8194129088116651,0.995
2021-10-12,0.07580792509437793,0.35507246376811596,0.3007246376811594,0.3442028985507246,276,276,0.8224768023128095,1.0
2021-10-13,0.06972391759771128,0.4253246753246753,0.30194805194805197,0.2727272727272727,308,308,0.802305763998589,1.0
2021-10-14,0.15685947768401748,0.4086687306501548,0.23839009287925697,0.3498452012383901,323,322,0.8108826207448236,0.9969040247678018
2021-10-15,0.18446589774007582,0.49480968858131485,0.31141868512110726,0.18685121107266436,289,287,0.8377193564529618,0.9930795847750865
2021-10-18,0.11667832508712865,0.4140127388535032,0.25796178343949044,0.32802547770700635,314,314,0.8083305252585441,1.0
2021-10-19,0.1515095605701208,0.4007936507936508,0.24206349206349206,0.3492063492063492,252,250,0.8112081596851349,0.9920634920634921
2021-10-20,0.07299531201863566,0.3389830508474576,0.2853107344632768,0.3757062146892655,354,354,0.8035277353841707,1.0
2021-10-21,0.06771443740431615,0.37254901960784315,0.3254901960784314,0.29411764705882354,255,253,0.8345240775068758,0.9921568627450981
2021-10-22,0.05706355208912712,0.32786885245901637,0.23770491803278687,0.4344262295081967,244,244,0.8210073794986381,1.0
2021-10-25,0.24918216343291782,0.40794223826714804,0.1407942238267148,0.44404332129963897,277,275,0.8135832759467039,0.9927797833935018
2021-10-26,0.22869559885713003,0.4449152542372881,0.19915254237288135,0.3559322033898305,236,236,0.8113567807664306,1.0
2021-10-27,-0.022314893749232102,0.25666666666666665,0.32,0.42333333333333334,300,300,0.8383579763770104,1.0
2021-10-28,-0.05787108565748082,0.2703583061889251,0.3550488599348534,0.36482084690553745,307,304,0.8184571766147488,0.990228013029316
2021-10-29,0.19347068567137501,0.42024539877300615,0.2147239263803681,0.36503067484662577,326,326,0.8030392325546113,1.0
2021-11-01,0.13081722241060748,0.3908450704225352,0.2535211267605634,0.34507042253521125,284,281,0.8350994445887324,0.9894366197183099
2021-11-02,0.13555630145333053,0.3815789473684211,0.2149122807017544,0.40350877192982454,228,228,0.815858507626935,1.0
2021-11-03,-0.02235792558967544,0.26517571884984026,0.30990415335463256,0.4249201277955272,313,313,0.8007599773307958,1.0
2021-11-04,0.047358380764340735,0.2871536523929471,0.23173803526448364,0.4634760705289673,397,390,0.8191595979990103,0.982367758186398
2021-11-05,-0.12511910611867488,0.2283464566929134,0.421259842519685,0.33858267716535434,254,251,0.8051601257694669,0.9881889763779528
2021-11-08,0.1889763885433329,0.421875,0.21484375,0.359375,256,255,0.8196615868923711,0.99609375
2021-11-09,0.2447314301468432,0.464,0.184,0.352,250,250,0.8323803232908249,1.0
2021-11-10,0.034780528007370484,0.3404255319148936,0.3009118541033435,0.3556231003039514,329,328,0.7951996030240525,0.9969604863221885
2021-11-11,0.0764467774887001,0.3249097472924188,0.23104693140794225,0.44404332129963897,277,277,0.812971871359684,1.0
2021-11-12,0.1150288328112814,0.35106382978723405,0.22340425531914893,0.4148936170212766,188,186,0.830125049237282,0.9893617021276596
2021-11-15,0.181866182906759,0.40214477211796246,0.2037533512064343,0.38873994638069703,373,371,0.8223305024869358,0.9946380697050938
2021-11-16,0.22595885569438795,0.45484949832775917,0.2040133779264214,0.32441471571906355,299,294,0.8116617336565134,0.9832775919732442
2021-11-17,0.08237129740705741,0.3434650455927052,0.24620060790273557,0.41033434650455924,329,329,0.787959616234962,1.0
2021-11-18,0.11117533413947617,0.34191176470588236,0.23161764705882354,0.4227941176470588,272,271,0.8262699387170291,0.9963235294117647
2021-11-19,0.11012053108129993,0.40969162995594716,0.27312775330396477,0.31718061674008813,227,227,0.821725001550456,1.0
2021-11-22,0.2153995024763727,0.4276729559748428,0.17295597484276728,0.39937106918238996,318,318,0.8285211182240421,1.0
2021-11-23,0.19936159274159335,0.40540540540540543,0.1831831831831832,0.4084084084084084,333,332,0.8269175533429686,0.996996996996997
2021-11-24,-0.0063454979789201935,0.27486910994764396,0.29842931937172773,0.4162303664921466,382,378,0.8173232889837689,0.9895287958115183
2021-11-26,-0.04610564592059713,0.2559366754617414,0.33773087071240104,0.40105540897097625,379,377,0.8288611764933134,0.9947229551451188
2021-11-29,0.16163091653884917,0.3843137254901961,0.19215686274509805,0.4235294117647059,255,255,0.791627584251703,1.0
2021-11-30,0.015907312485882463,0.36070381231671556,0.3460410557184751,0.2903225806451613,341,340,0.8241089257247308,0.9970674486803519
2021-12-01,0.08601448055587235,0.391304347826087,0.3010033444816054,0.3076923076923077,299,299,0.8283667011205169,1.0
2021-12-02,0.11760235219163462,0.3723849372384937,0.23430962343096234,0.37656903765690375,239,235,0.8265549416237689,0.9832635983263598
2021-12-03,-0.02417976522043239,0.29136690647482016,0.32014388489208634,0.37410071942446044,278,274,0.8138510186741822,0.9856115107913669
2021-12-06,0.15652427018730566,0.4276094276094276,0.2356902356902357,0.32996632996632996,297,295,0.8175821963003126,0.9932659932659933
2021-12-07,0.11620663173210162,0.3569230769230769,0.20615384615384616,0.4369230769230769,325,325,0.799942983022103,1.0
2021-12-08,0.07630837708526837,0.3412698412698413,0.2698412698412698,0.3888888888888889,252,252,0.8222441630704063,1.0
2021-12-09,0.12248041123442405,0.42907801418439717,0.2553191489361702,0.31560283687943264,282,282,0.8134912164710092,1.0
2021-12-10,0.04283882816911072,0.3602941176470588,0.33455882352941174,0.30514705882352944,272,272,0.8228458962677156,1.0
2021-12-13,0.16935596166579084,0.36860068259385664,0.1945392491467577,0.43686006825938567,293,293,0.8417948595289484,1.0
2021-12-14,0.06620218248254313,0.36900369003690037,0.2878228782287823,0.34317343173431736,271,271,0.8276389930740934,1.0
2021-12-15,0.11236013913810064,0.4050632911392405,0.2708860759493671,0.3240506329113924,395,395,0.7925867857812327,1.0
2021-12-16,0.12223621033988119,0.3625866050808314,0.22863741339491916,0.40877598152424943,433,433,0.807914700436537,1.0
2021-12-17,0.17690706552901103,0.41472868217054265,0.22093023255813954,0.35271317829457366,258,255,0.8240858340964597,0.9883720930232558
2021-12-20,0.12198439071392779,0.4253731343283582,0.291044776119403,0.2835820895522388,268,268,0.8291395232081413,1.0
2021-12-21,0.2965139796778943,0.46543778801843316,0.1382488479262673,0.3824884792626728,217,214,0.787742327863925,0.9861751152073732
2021-12-22,0.14872970451462142,0.41702127659574467,0.23404255319148937,0.34893617021276596,235,235,0.8213168496781207,1.0
2021-12-23,0.21638268550401027,0.48372093023255813,0.23255813953488372,0.26976744186046514,215,212,0.8424739590230977,0.986046511627907
2021-12-27,0.18196301329546347,0.49101796407185627,0.281437125748503,0.2275449101796407,167,167,0.8472841051881185,1.0
2021-12-28,0.1863123084557183,0.4397163120567376,0.22695035460992907,0.3333333333333333,141,141,0.8176984736259948,1.0
2021-12-29,-0.11171575485358892,0.26811594202898553,0.3695652173913043,0.34782608695652173,138,136,0.8139684213434949,0.9855072463768116
2021-12-30,-0.0021424716115305757,0.3305785123966942,0.34710743801652894,0.32231404958677684,121,121,0.8456803176028669,1.0
2021-12-31,0.2890017331632621,0.5647058823529412,0.24705882352941178,0.18823529411764706,85,85,0.8344537401900572,1.0
2022-01-03,0.2588949861948772,0.5369127516778524,0.22818791946308725,0.2348993288590604,149,149,0.8239890643014204,1.0
2022-01-04,0.12037838939123037,0.4097560975609756,0.25853658536585367,0.33170731707317075,205,205,0.8016566938016473,1.0
2022-01-05,0.10503101658311753,0.33024691358024694,0.2037037037037037,0.4660493827160494,324,324,0.8063639276373533,1.0
2022-01-06,0.038066260987767116,0.311046511627907,0.2819767441860465,0.39825581395348836,344,341,0.8132847776510849,0.9912790697674418
2022-01-07,-0.174511226223013,0.23015873015873015,0.47619047619047616,0.29365079365079366,252,252,0.7943936158267279,1.0
2022-01-10,-0.011464404128009342,0.3316062176165803,0.3471502590673575,0.32124352331606215,193,193,0.8244123140764977,1.0
2022-01-11,0.022799504183543217,0.3088235294117647,0.3137254901960784,0.37745098039215685,204,204,0.8211008617106605,1.0
2022-01-12,0.14975607116075773,0.44193548387096776,0.267741935483871,0.2903225806451613,310,310,0.8016118943691254,1.0
2022-01-13,0.08992604931424321,0.3684210526315789,0.3,0.33157894736842103,190,190,0.8319203740672061,1.0
2022-01-14,-0.0019744678383826187,0.35,0.36428571428571427,0.2857142857142857,280,280,0.8291990639907973,1.0
2022-01-18,0.17802321349161207,0.4119047619047619,0.24523809523809523,0.3357142857142857,420,417,0.7968153161682385,0.9928571428571429
2022-01-19,0.15945492641493011,0.44715447154471544,0.23983739837398374,0.3130081300813008,246,246,0.8105790783477024,1.0
2022-01-20,0.14296849861335104,0.38010204081632654,0.22193877551020408,0.39285714285714285,392,390,0.8116501121184765,0.9948979591836735
2022-01-21,-0.07072890594563619,0.24489795918367346,0.3877551020408163,0.3673469387755102,196,196,0.8370367004250994,1.0
2022-01-24,0.005423232573138058,0.3485714285714286,0.32,0.32571428571428573,350,348,0.8306715982570045,0.9942857142857143
2022-01-25,0.2022256055905018,0.45416666666666666,0.23333333333333334,0.3125,240,240,0.795751795793573,1.0
2022-01-26,0.13722376409664894,0.37216828478964403,0.20064724919093851,0.42718446601941745,309,309,0.8013971498097416,1.0
2022-01-27,0.09913199456981295,0.391304347826087,0.2577639751552795,0.35093167701863354,322,322,0.8084588583026614,1.0
2022-01-28,0.054329135229259175,0.36666666666666664,0.3148148148148148,0.31851851851851853,270,270,0.8200728808288221,1.0
2022-01-31,0.1661258470293743,0.4297994269340974,0.24355300859598855,0.32664756446991405,349,349,0.8080313775293465,1.0
2022-02-01,0.002939392019835689,0.31666666666666665,0.3433333333333333,0.33666666666666667,300,299,0.8274740300648986,0.9966666666666667
2022-02-02,0.10550687748796042,0.3795620437956204,0.24452554744525548,0.3759124087591241,274,274,0.7881835027985329,1.0
2022-02-03,0.027851888943396637,0.3541666666666667,0.28273809523809523,0.35714285714285715,336,334,0.813308698242296,0.9940476190476191
2022-02-04,0.07016903624869882,0.3566666666666667,0.26666666666666666,0.37666666666666665,300,300,0.8272306285301845,1.0
2022-02-07,0.12933834411684167,0.46226415094339623,0.29874213836477986,0.2389937106918239,318,318,0.8111899280510608,1.0
2022-02-08,0.09185528894158777,0.3166023166023166,0.18146718146718147,0.49034749034749037,259,256,0.8064124963711947,0.9884169884169884
2022-02-09,-0.017932964389831916,0.29411764705882354,0.31221719457013575,0.3936651583710407,221,221,0.8125537509831907,1.0
2022-02-10,0.04446648449217244,0.3298245614035088,0.3087719298245614,0.35789473684210527,285,284,0.8012211057291904,0.9964912280701754
2022-02-11,0.036093351370263316,0.3598130841121495,0.34579439252336447,0.29439252336448596,214,214,0.8055525118502501,1.0
2022-02-14,0.06403625027399021,0.36254980079681276,0.3107569721115538,0.32669322709163345,251,251,0.8142257035965939,1.0
2022-02-15,0.04842146726338133,0.3344947735191638,0.2961672473867596,0.3693379790940767,287,287,0.8170351902159249,1.0
2022-02-16,0.12464049621485172,0.40173410404624277,0.2832369942196532,0.315028901734104,346,346,0.8054908408939494,1.0
2022-02-17,-0.0034014299114007076,0.2923076923076923,0.2923076923076923,0.40923076923076923,325,323,0.817644035668565,0.9938461538461538
2022-02-18,0.0015382147437640295,0.308411214953271,0.2803738317757009,0.411214953271028,214,214,0.8105721838563402,1.0
2022-02-22,0.2094969269623381,0.4501108647450111,0.19290465631929046,0.35698447893569846,451,451,0.8259856470276141,1.0
2022-02-23,0.1082295073706302,0.38492063492063494,0.25793650793650796,0.35714285714285715,252,252,0.7926740884071305,1.0
2022-02-24,-0.10584816008124881,0.2786885245901639,0.405152224824356,0.30210772833723654,427,421,0.8195405099142758,0.9859484777517564
2022-02-25,0.04995518242776917,0.3894736842105263,0.3087719298245614,0.3017543859649123,285,285,0.8191363636861768,1.0
2022-02-28,0.09887634149392044,0.42201834862385323,0.2889908256880734,0.28440366972477066,436,434,0.816818895496531,0.9954128440366973
2022-03-01,0.07758284719039996,0.3740053050397878,0.29973474801061006,0.3209549071618037,377,375,0.8264574151833852,0.9946949602122016
2022-03-02,0.09846962447112274,0.38,0.2571428571428571,0.35714285714285715,350,348,0.792868599381255,0.9942857142857143
2022-03-03,-0.08319020806517027,0.2689873417721519,0.36075949367088606,0.370253164556962,316,316,0.8294890574827979,1.0
2022-03-04,-0.14311924250246985,0.2434017595307918,0.39589442815249265,0.3548387096774194,341,339,0.8281760271144124,0.9941348973607038
2022-03-07,-0.01578857959681972,0.32298136645962733,0.3447204968944099,0.33229813664596275,322,322,0.8208982751051092,1.0
2022-03-08,0.003997915257426968,0.2871536523929471,0.2795969773299748,0.43073047858942065,397,396,0.7861021717238907,0.9974811083123426
2022-03-09,-0.16046009778059017,0.18694362017804153,0.42729970326409494,0.3798219584569733,337,335,0.815117391632564,0.9940652818991098
2022-03-10,-0.012615193328833827,0.3032069970845481,0.3498542274052478,0.34110787172011664,343,341,0.818836274996531,0.9941690962099126
2022-03-11,-0.20705648342845961,0.23106060606060605,0.4583333333333333,0.3106060606060606,264,264,0.8312394840247703,1.0
2022-03-14,-0.06803074737961189,0.2813688212927757,0.376425855513308,0.34220532319391633,263,263,0.8266244631529761,1.0
2022-03-15,-0.027356805234880568,0.3136645962732919,0.30124223602484473,0.38198757763975155,322,321,0.8147449023627047,0.9968944099378882
2022-03-16,0.00984435183715149,0.32954545454545453,0.3409090909090909,0.32670454545454547,352,351,0.7917249088103955,0.9971590909090909
2022-03-17,0.09131612425489286,0.38873994638069703,0.289544235924933,0.3163538873994638,373,371,0.80142989706479,0.9946380697050938
2022-03-18,0.031093372640342586,0.3063063063063063,0.28378378378378377,0.4099099099099099,222,222,0.821339516220866,1.0
2022-03-21,0.1686078436024088,0.4377224199288256,0.2526690391459075,0.30604982206405695,281,280,0.80818884276918,0.99644128113879
2022-03-22,0.20199957101442317,0.4618320610687023,0.20229007633587787,0.33587786259541985,262,262,0.8071577970990698,1.0
2022-03-23,0.1172735396725382,0.4057971014492754,0.2717391304347826,0.322463768115942,276,276,0.7972767925348835,1.0
2022-03-24,0.010004541923406728,0.29512893982808025,0.30659025787965616,0.3982808022922636,349,349,0.8232009078677541,1.0
2022-03-25,0.08630876354615374,0.3806228373702422,0.2975778546712803,0.3217993079584775,289,289,0.8182240609066709,1.0
2022-03-28,0.07764792055452847,0.39603960396039606,0.32673267326732675,0.2739273927392739,303,302,0.8332463698276621,0.9966996699669967
2022-03-29,0.04533575028746415,0.3769968051118211,0.3354632587859425,0.28753993610223644,313,313,0.8289458234660542,1.0
2022-03-30,0.036880732433120206,0.4201388888888889,0.3298611111111111,0.25,288,288,0.8120853777767884,1.0
2022-03-31,0.07408092938915671,0.4155844155844156,0.33116883116883117,0.25,308,307,0.8194841107638728,0.9967532467532467
2022-04-01,-0.003058718023589708,0.33568904593639576,0.3498233215547703,0.30742049469964666,283,281,0.8231392532480993,0.9929328621908127
2022-04-04,0.2525406475287191,0.5016611295681063,0.2159468438538206,0.2823920265780731,301,301,0.8131737399140861,1.0
2022-04-05,0.13648168931668486,0.3480825958702065,0.20058997050147492,0.45132743362831856,339,339,0.8039010553936691,1.0
2022-04-06,0.029920238205683364,0.3277591973244147,0.29431438127090304,0.3779264214046823,299,299,0.8149390695087089,1.0
2022-04-07,-0.09185422056798259,0.3076923076923077,0.4230769230769231,0.26495726495726496,234,233,0.8069342935034134,0.9957264957264957
2022-04-08,-0.12508885740337647,0.2971698113207547,0.4528301886792453,0.25,212,212,0.8156604474445559,1.0
2022-04-11,0.16210538844461553,0.4491803278688525,0.26229508196721313,0.28524590163934427,305,304,0.8418414714305025,0.9967213114754099
2022-04-12,0.0757167138554881,0.36578171091445427,0.2949852507374631,0.3392330383480826,339,339,0.8152621074587898,1.0
2022-04-13,0.1712414681565062,0.4575757575757576,0.2636363636363636,0.2727272727272727,330,328,0.7834688463225598,0.9939393939393939
2022-04-14,0.15001719737385452,0.41896024464831805,0.24770642201834864,0.3302752293577982,327,326,0.8156459940357442,0.9969418960244648
2022-04-18,0.14184856831631276,0.4275092936802974,0.26022304832713755,0.30855018587360594,269,268,0.8039022635168104,0.9962825278810409
2022-04-19,-0.09769802159585415,0.2523809523809524,0.3619047619047619,0.38571428571428573,210,210,0.821739514243035,1.0
2022-04-20,0.008948711811185426,0.3284132841328413,0.33579335793357934,0.33210332103321033,271,270,0.802525113026301,0.996309963099631
2022-04-21,0.06347756902079867,0.34347826086956523,0.2956521739130435,0.36086956521739133,230,230,0.8149179501378018,1.0
2022-04-22,-0.07366736060653797,0.2675438596491228,0.36403508771929827,0.3684210526315789,228,228,0.8463275679632237,1.0
2022-04-25,-0.02134855003113475,0.3602941176470588,0.3639705882352941,0.2647058823529412,272,269,0.8449172275660206,0.9889705882352942
2022-04-26,0.0878555959498044,0.42083333333333334,0.32916666666666666,0.25,240,240,0.8311376135796309,1.0
2022-04-27,0.14503488687918756,0.43097643097643096,0.265993265993266,0.29292929292929293,297,294,0.8161771145402169,0.98989898989899
2022-04-28,0.04943659646529431,0.40233236151603496,0.3206997084548105,0.27113702623906705,343,341,0.7970506488577711,0.9941690962099126
2022-04-29,0.1556694631453246,0.42901234567901236,0.24074074074074073,0.3271604938271605,324,323,0.7976080193054566,0.9969135802469136
2022-05-02,0.1498958452826091,0.42213114754098363,0.23770491803278687,0.3401639344262295,244,244,0.8147679269313812,1.0
2022-05-03,0.07411158059022105,0.3815789473684211,0.32456140350877194,0.2894736842105263,228,227,0.8175075975808803,0.9956140350877193
2022-05-04,0.0708198715088268,0.33866666666666667,0.25066666666666665,0.4106666666666667,375,375,0.7996435645421346,1.0
2022-05-05,0.1447340771777644,0.43529411764705883,0.27058823529411763,0.2823529411764706,340,336,0.8217679246195725,0.9882352941176471
2022-05-06,-0.1545357178611476,0.28708133971291866,0.4688995215311005,0.24401913875598086,209,209,0.8315615686788513,1.0
2022-05-09,-0.05633518035140109,0.34375,0.39453125,0.2578125,256,255,0.8378198815327065,0.99609375
2022-05-10,-0.08265271638699162,0.27403846153846156,0.38461538461538464,0.34134615384615385,208,208,0.8303456627405607,1.0
2022-05-11,0.14294434826170066,0.4077669902912621,0.24271844660194175,0.34951456310679613,309,309,0.8154126650692961,1.0
2022-05-12,-0.06763531933598316,0.30128205128205127,0.40705128205128205,0.2916666666666667,312,312,0.8204909007136638,1.0
2022-05-13,0.05462604518373602,0.3609467455621302,0.3076923076923077,0.33136094674556216,169,169,0.8176425956410064,1.0
2022-05-16,0.07740647214939075,0.3987730061349693,0.30368098159509205,0.29754601226993865,326,326,0.8368130989052767,1.0
2022-05-17,0.3067305938639038,0.50390625,0.1484375,0.34765625,256,256,0.816391495638527,1.0
2022-05-18,0.05856954191224522,0.3493150684931507,0.3116438356164384,0.339041095890411,292,292,0.8113595167659733,1.0
2022-05-19,0.07400503943890276,0.38783269961977185,0.3041825095057034,0.30798479087452474,263,263,0.7937487209704439,1.0
2022-05-20,0.177956424977702,0.4576923076923077,0.29615384615384616,0.24615384615384617,260,260,0.8112106217787816,1.0
2022-05-23,0.307884202600179,0.5367965367965368,0.1645021645021645,0.2857142857142857,231,228,0.815188425936197,0.987012987012987
2022-05-24,0.06581206715886863,0.35251798561151076,0.28776978417266186,0.3597122302158273,278,278,0.8144991632631357,1.0
2022-05-25,-0.04994165935342954,0.27299703264094954,0.34124629080118696,0.3827893175074184,337,336,0.8040397270094781,0.9970326409495549
2022-05-26,0.09072219126299022,0.384,0.284,0.332,250,250,0.8000788940191269,1.0
2022-05-27,0.004359004312218752,0.27918781725888325,0.28426395939086296,0.4263959390862944,197,195,0.8317925486809168,0.9898477157360406
2022-05-31,0.15333148714689815,0.4649298597194389,0.2725450901803607,0.2605210420841683,499,498,0.8073325715510242,0.9979959919839679
2022-06-01,0.20811264303949167,0.4125560538116592,0.18834080717488788,0.39461883408071746,223,222,0.8251413301573144,0.9955156950672646
2022-06-02,0.058516330494765297,0.375,0.2743055555555556,0.3506944444444444,288,288,0.7881406567369899,1.0
2022-06-03,0.10019488078542053,0.3744075829383886,0.2843601895734597,0.33649289099526064,211,210,0.8037618996131988,0.995260663507109
2022-06-06,0.135946761139619,0.31100478468899523,0.15789473684210525,0.5215311004784688,209,207,0.8072946946977994,0.9904306220095693
2022-06-07,0.14058066400984295,0.3753943217665615,0.21451104100946372,0.41009463722397477,317,317,0.7928076183382269,1.0
2022-06-08,0.12490396343577216,0.43714285714285717,0.26285714285714284,0.29714285714285715,350,349,0.7968226664387394,0.9971428571428571
2022-06-09,0.040216957649855466,0.35447761194029853,0.35074626865671643,0.2947761194029851,268,268,0.8090934080641661,1.0
2022-06-10,0.019917202773211844,0.3467153284671533,0.34306569343065696,0.29927007299270075,274,271,0.8241798390541569,0.9890510948905109
2022-06-13,0.15092305837832268,0.46254071661237783,0.2931596091205212,0.23127035830618892,307,303,0.816379309389064,0.9869706840390879
2022-06-14,-0.07020341145856253,0.27800829875518673,0.3651452282157676,0.35684647302904565,241,241,0.822536193607259,1.0
2022-06-15,-0.05234485102271301,0.35340314136125656,0.39790575916230364,0.2486910994764398,382,382,0.8175004267411706,1.0
2022-06-16,0.02664310437701413,0.3445121951219512,0.3231707317073171,0.32621951219512196,328,326,0.8156002718795297,0.9939024390243902
2022-06-17,-0.013256358638710277,0.3557692307692308,0.36538461538461536,0.27884615384615385,208,208,0.832752231365213,1.0
2022-06-21,0.05285850151208532,0.40970350404312667,0.33423180592991913,0.2560646900269542,371,371,0.8165442276033108,1.0
2022-06-22,0.05912551448785397,0.36619718309859156,0.33098591549295775,0.3028169014084507,284,284,0.8400550750149808,1.0
2022-06-23,-0.13047305809659432,0.2129032258064516,0.38064516129032255,0.4032258064516129,310,309,0.8211544936335974,0.9967741935483871
2022-06-24,-0.026807826629222997,0.33766233766233766,0.38095238095238093,0.2813852813852814,231,231,0.8430832753449807,1.0
2022-06-27,0.11577978230785074,0.4148471615720524,0.27074235807860264,0.314410480349345,229,229,0.81892373637341,1.0
2022-06-28,0.05435197957782433,0.4182692307692308,0.32211538461538464,0.25961538461538464,208,208,0.8036653271947916,1.0
2022-06-29,0.021200245676504186,0.3595890410958904,0.3356164383561644,0.2945205479452055,292,289,0.8172487191675444,0.9897260273972602
2022-06-30,-0.006620140188969065,0.36721311475409835,0.3770491803278688,0.25573770491803277,305,305,0.8245299800497586,1.0
2022-07-01,-0.12329666715986268,0.2824074074074074,0.4351851851851852,0.2824074074074074,216,216,0.8431304315174067,1.0
2022-07-05,-0.08272238600271187,0.32954545454545453,0.4289772727272727,0.23011363636363635,352,348,0.8234584324661343,0.9886363636363636
2022-07-06,-0.02477835898053941,0.34275618374558303,0.3568904593639576,0.3003533568904594,283,283,0.8124681669073476,1.0
2022-07-07,-0.0037065445123097072,0.3020833333333333,0.3298611111111111,0.3611111111111111,288,286,0.773093133122771,0.9930555555555556
2022-07-08,-0.08262289904399915,0.3051643192488263,0.39436619718309857,0.27230046948356806,213,207,0.8028482662306892,0.971830985915493
2022-07-11,0.044367216592075286,0.4258373205741627,0.36363636363636365,0.21052631578947367,209,209,0.8298812676844984,1.0
2022-07-12,-0.19950042778696372,0.2641509433962264,0.5132075471698113,0.22264150943396227,265,265,0.8361919578516258,1.0
2022-07-13,-0.02189407308771163,0.3545706371191136,0.3684210526315789,0.2659279778393352,361,357,0.8207205038945548,0.9889196675900277
2022-07-14,0.03013217646028783,0.375,0.32432432432432434,0.2972972972972973,296,295,0.828981497429185,0.9966216216216216
2022-07-15,0.08059272947721181,0.4125,0.2833333333333333,0.30416666666666664,240,240,0.8230105965087812,1.0
2022-07-18,0.2938439762872977,0.5429864253393665,0.19004524886877827,0.2669683257918552,221,221,0.8226271016835087,1.0
2022-07-19,0.15641138697807414,0.41732283464566927,0.27165354330708663,0.2992125984251969,254,251,0.7934828360242198,0.9881889763779528
2022-07-20,0.07289677762736876,0.3795379537953795,0.31353135313531355,0.297029702970297,303,300,0.8016786593198776,0.9900990099009901
2022-07-21,-0.0020378410194381515,0.37091988130563797,0.3560830860534125,0.26409495548961426,337,334,0.8091808976884374,0.9910979228486647
2022-07-22,0.07786172361132533,0.3888888888888889,0.2847222222222222,0.3263888888888889,288,288,0.8327573935190836,1.0
2022-07-25,0.11166520059015958,0.4061302681992337,0.2950191570881226,0.2988505747126437,261,261,0.8215947433221386,1.0
2022-07-26,0.050808852891408136,0.39920948616600793,0.308300395256917,0.2885375494071146,253,252,0.8271382498362708,0.9960474308300395
2022-07-27,-0.024067513821013638,0.3279742765273312,0.35691318327974275,0.3086816720257235,311,309,0.8137284311854723,0.9935691318327974
2022-07-28,0.017991743506641202,0.35353535353535354,0.31986531986531985,0.31313131313131315,297,293,0.8270313847593886,0.9865319865319865
2022-07-29,0.06535947670561879,0.4051094890510949,0.30656934306569344,0.28832116788321166,274,274,0.7992108970010368,1.0
2022-08-01,-0.0059731171252274,0.36594202898550726,0.3695652173913043,0.2572463768115942,276,274,0.8194954709632554,0.9927536231884058
2022-08-02,0.023534474120584906,0.35294117647058826,0.3431372549019608,0.30392156862745096,204,204,0.820742270525764,1.0
2022-08-03,0.06938588156738654,0.36054421768707484,0.30612244897959184,0.3333333333333333,294,294,0.8336995899880013,1.0
2022-08-04,-0.01934603165013553,0.3003003003003003,0.3213213213213213,0.37237237237237236,333,331,0.8230733194380008,0.993993993993994
2022-08-05,-0.21554547468491148,0.23333333333333334,0.4740740740740741,0.28888888888888886,270,269,0.8212305945534688,0.9962962962962963
2022-08-08,0.0035203607635981692,0.3452914798206278,0.3452914798206278,0.3094170403587444,223,223,0.8233377896082241,1.0
2022-08-09,0.07383167823901822,0.3458333333333333,0.30416666666666664,0.3416666666666667,240,238,0.8058979290874064,0.9916666666666667
2022-08-10,0.043814200369918066,0.28619528619528617,0.2828282828282828,0.4276094276094276,297,296,0.8280900032133669,0.9966329966329966
2022-08-11,0.11542086099293461,0.37398373983739835,0.23983739837398374,0.3821138211382114,246,245,0.8249325232846396,0.9959349593495935
2022-08-12,0.0359759515970303,0.32905982905982906,0.3034188034188034,0.358974358974359,234,232,0.8272830430289795,0.9914529914529915
2022-08-15,-0.15079690189278627,0.255663430420712,0.44336569579288027,0.30097087378640774,309,309,0.8362258001438623,1.0
2022-08-16,0.07781652433211626,0.4051724137931034,0.33189655172413796,0.2629310344827586,232,232,0.8283197234930664,1.0
2022-08-17,0.043657717098343506,0.347682119205298,0.2913907284768212,0.34105960264900664,302,296,0.7880497731872507,0.9801324503311258
2022-08-18,0.020274904848430562,0.32517482517482516,0.3041958041958042,0.36363636363636365,286,284,0.8070268502957384,0.993006993006993
2022-08-19,-0.008623952764260073,0.3128491620111732,0.3463687150837989,0.329608938547486,179,177,0.8293926645133455,0.9888268156424581
2022-08-22,0.24343554701933517,0.49361702127659574,0.2170212765957447,0.28936170212765955,235,235,0.8074028557919442,1.0
2022-08-23,0.001034459344063151,0.31620553359683795,0.308300395256917,0.3675889328063241,253,251,0.8433617041167984,0.9920948616600791
2022-08-24,0.0003965847807504771,0.2985781990521327,0.3127962085308057,0.36018957345971564,211,205,0.813714716056498,0.9715639810426541
2022-08-25,0.04068384955824893,0.390625,0.31640625,0.28125,256,253,0.8256182416154462,0.98828125
2022-08-26,0.15543855162280978,0.4155844155844156,0.24675324675324675,0.33766233766233766,231,231,0.8106026194054327,1.0
2022-08-29,0.1621260120799499,0.45982142857142855,0.25892857142857145,0.28125,224,224,0.8082135253186736,1.0
2022-08-30,-0.028942695691443563,0.3644859813084112,0.3691588785046729,0.2570093457943925,214,212,0.8199382632408502,0.9906542056074766
2022-08-31,0.01642021892810642,0.3076923076923077,0.304029304029304,0.3882783882783883,273,273,0.8068611394791376,1.0
2022-09-01,0.02602895084273768,0.309375,0.2875,0.403125,320,320,0.8100175049155951,1.0
2022-09-02,-0.019444675251013708,0.35526315789473684,0.34649122807017546,0.2850877192982456,228,225,0.8124736411041683,0.9868421052631579
2022-09-06,-0.007000780637474296,0.3275,0.3575,0.31,400,398,0.8040872659515496,0.995
2022-09-07,0.020273083736909954,0.3408521303258145,0.3233082706766917,0.3358395989974937,399,399,0.8042572879402858,1.0
2022-09-08,0.11383498591535232,0.3753501400560224,0.24649859943977592,0.37815126050420167,357,357,0.7884346281780916,1.0
2022-09-09,-0.014624700403752897,0.359375,0.328125,0.3125,192,192,0.8100850729582211,1.0
2022-09-12,0.16299733696240176,0.4936708860759494,0.26582278481012656,0.24050632911392406,316,316,0.8443229641718201,1.0
2022-09-13,0.045878364081631914,0.37337662337662336,0.33116883116883117,0.2857142857142857,308,305,0.8071831405162812,0.9902597402597403
2022-09-14,-0.06352365454495953,0.28448275862068967,0.35919540229885055,0.34195402298850575,348,343,0.8121629341698249,0.985632183908046
2022-09-15,0.08011564958534974,0.38390092879256965,0.29102167182662536,0.32507739938080493,323,323,0.8356785807447168,1.0
2022-09-16,0.028673391279606317,0.3925233644859813,0.35514018691588783,0.24299065420560748,214,212,0.8303966678257259,0.9906542056074766
2022-09-19,0.13559958558590685,0.45081967213114754,0.30327868852459017,0.2459016393442623,244,244,0.8175887554639676,1.0
2022-09-20,0.19833452741574473,0.4276729559748428,0.2169811320754717,0.3553459119496855,318,318,0.803479032883854,1.0
2022-09-21,-0.04724088114655093,0.29444444444444445,0.3527777777777778,0.3472222222222222,360,358,0.8028349755696078,0.9944444444444445
2022-09-22,0.09003107583269548,0.42997542997543,0.31203931203931207,0.25552825552825553,407,406,0.7844770561738554,0.9975429975429976
2022-09-23,-0.24365957346301348,0.1732283464566929,0.4881889763779528,0.33070866141732286,254,252,0.8400858851179244,0.9921259842519685
2022-09-26,-0.06934715924865525,0.2976588628762542,0.3979933110367893,0.30434782608695654,299,299,0.8341691576716892,1.0
2022-09-27,0.11968133640962082,0.37174721189591076,0.26765799256505574,0.35687732342007433,269,268,0.8010859734086848,0.9962825278810409
2022-09-28,0.007308293659014985,0.32441471571906355,0.3010033444816054,0.3712374581939799,299,298,0.8084938279134315,0.9966555183946488
2022-09-29,-0.0239473481816224,0.32550335570469796,0.3389261744966443,0.33221476510067116,298,297,0.8064493773762225,0.9966442953020134
2022-09-30,-0.02270224423158125,0.3296296296296296,0.3592592592592593,0.3074074074074074,270,269,0.7974488058276336,0.9962962962962963
2022-10-03,-0.00013392895178974758,0.3680297397769517,0.36059479553903345,0.25650557620817843,269,265,0.825797623620843,0.9851301115241635
2022-10-04,0.1952249525333585,0.42231075697211157,0.22709163346613545,0.3346613545816733,251,247,0.8253791318972584,0.9840637450199203
2022-10-05,-0.015406285130725601,0.2287390029325513,0.26099706744868034,0.49853372434017595,341,337,0.8040591917865708,0.9882697947214076
2022-10-06,0.1872501724922474,0.43157894736842106,0.24561403508771928,0.32280701754385965,285,285,0.8037818894051669,1.0
2022-10-07,0.013120435519764816,0.31906614785992216,0.31906614785992216,0.3540856031128405,257,255,0.8014509438299665,0.9922178988326849
2022-10-10,0.03571813258274299,0.4292682926829268,0.36097560975609755,0.2097560975609756,205,205,0.8091999833176776,1.0
2022-10-11,0.0691188820156044,0.3974358974358974,0.31196581196581197,0.28205128205128205,234,232,0.8185677550219256,0.9914529914529915
2022-10-12,-0.04810286692136069,0.3313253012048193,0.39156626506024095,0.27710843373493976,332,332,0.8179184368934976,1.0
2022-10-13,0.05858233236358501,0.33980582524271846,0.30097087378640774,0.343042071197411,309,304,0.802095320860022,0.9838187702265372
2022-10-14,0.012847623217194414,0.38114754098360654,0.3442622950819672,0.27459016393442626,244,244,0.8260318820105225,1.0
2022-10-17,0.04870129470309277,0.38202247191011235,0.33707865168539325,0.27340823970037453,267,265,0.8383254853059661,0.9925093632958801
2022-10-18,0.05537340763609769,0.3778801843317972,0.31797235023041476,0.29493087557603687,217,215,0.8222597603188004,0.9907834101382489
2022-10-19,0.14224385707859402,0.40540540540540543,0.2668918918918919,0.3277027027027027,296,296,0.8115735246321639,1.0
2022-10-20,-0.0761040060308161,0.2782874617737003,0.38837920489296635,0.3333333333333333,327,327,0.8157287514355569,1.0
2022-10-21,-0.03115874768826615,0.32682926829268294,0.375609756097561,0.28780487804878047,205,203,0.8008301835048375,0.9902439024390244
2022-10-24,0.023113630683416257,0.3268156424581006,0.27932960893854747,0.39385474860335196,358,358,0.8267290096043208,1.0
2022-10-25,0.1534599602501106,0.43023255813953487,0.24806201550387597,0.3062015503875969,258,254,0.8273128591419205,0.9844961240310077
2022-10-26,0.06361246918328106,0.33881578947368424,0.28289473684210525,0.3651315789473684,304,300,0.8071406782666842,0.9868421052631579
2022-10-27,0.1343907753958605,0.430635838150289,0.27167630057803466,0.29190751445086704,346,344,0.7977559997072053,0.9942196531791907
2022-10-28,0.025086469766820836,0.34191176470588236,0.31985294117647056,0.3382352941176471,272,272,0.8126451861770714,1.0
2022-10-31,0.06354721391544443,0.411214953271028,0.32710280373831774,0.2585669781931464,321,320,0.7924483970738947,0.9968847352024922
2022-11-01,0.12069044278201754,0.4186991869918699,0.2682926829268293,0.3048780487804878,246,244,0.7922965117165299,0.991869918699187
2022-11-02,0.15398385462088926,0.4057507987220447,0.22044728434504793,0.3610223642172524,313,309,0.8121852325968758,0.987220447284345
2022-11-03,-0.022859325317747814,0.2896174863387978,0.319672131147541,0.38524590163934425,366,364,0.8098054616660862,0.994535519125683
2022-11-04,0.09792553348213642,0.38831615120274915,0.2852233676975945,0.3127147766323024,291,287,0.8213626958351933,0.9862542955326461
2022-11-07,0.04454496871629679,0.34080717488789236,0.30493273542600896,0.34977578475336324,223,222,0.8331449427851686,0.9955156950672646
2022-11-08,-0.019593049105670734,0.31140350877192985,0.32456140350877194,0.3508771929824561,228,225,0.8168742314974466,0.9868421052631579
2022-11-09,-0.03842840117938592,0.26037735849056604,0.3283018867924528,0.4075471698113208,265,264,0.8217939663339745,0.9962264150943396
2022-11-10,0.008517213013188422,0.3242320819112628,0.3310580204778157,0.3447098976109215,293,293,0.8171438525968038,1.0
2022-11-11,-0.1809795578255465,0.27419354838709675,0.4717741935483871,0.25,248,247,0.8347509190862478,0.9959677419354839
2022-11-14,0.12091583180982542,0.4089068825910931,0.291497975708502,0.291497975708502,247,245,0.8209593834925671,0.9919028340080972
2022-11-15,0.08660515535551423,0.38412698412698415,0.30158730158730157,0.30793650793650795,315,313,0.8064730644416505,0.9936507936507937
2022-11-16,-0.046260512069399864,0.3028571428571429,0.3485714285714286,0.3485714285714286,350,350,0.8028260645696095,1.0
2022-11-17,0.13481976867858636,0.3898305084745763,0.25084745762711863,0.3593220338983051,295,295,0.8026861003899979,1.0
2022-11-18,0.02722306923712032,0.32894736842105265,0.3026315789473684,0.3684210526315789,228,228,0.8135211675574905,1.0
2022-11-21,0.05868922504403006,0.3993610223642173,0.30990415335463256,0.29073482428115016,313,313,0.8145999337156741,1.0
2022-11-22,0.03388343028018425,0.33852140077821014,0.3229571984435798,0.3346303501945525,257,256,0.8130444523412734,0.9961089494163424
2022-11-23,-0.0995680932420015,0.24804177545691905,0.36553524804177545,0.381201044386423,383,381,0.8189788612480865,0.9947780678851175
2022-11-25,0.02186953773471846,0.37091988130563797,0.3560830860534125,0.26706231454005935,337,335,0.83652982258085,0.9940652818991098
2022-11-28,-0.013773216003451147,0.36764705882352944,0.4068627450980392,0.22058823529411764,204,203,0.8454083152886095,0.9950980392156863
2022-11-29,0.10981077020619358,0.38489208633093525,0.24100719424460432,0.37410071942446044,278,278,0.7786817012502135,1.0
2022-11-30,-0.12344829597631875,0.263768115942029,0.4,0.336231884057971,345,345,0.8158239846644194,1.0
2022-12-01,-0.005184577708781322,0.3149847094801223,0.3516819571865443,0.3211009174311927,327,323,0.8257194050694397,0.9877675840978594
2022-12-02,-0.029403091298313606,0.30859375,0.36328125,0.3203125,256,254,0.8257161510272288,0.9921875
2022-12-05,0.11106482141449586,0.3917525773195876,0.281786941580756,0.32646048109965636,291,291,0.8194663363838524,1.0
2022-12-06,0.04246020696184781,0.3271375464684015,0.25650557620817843,0.4163568773234201,269,269,0.806530064034196,1.0
2022-12-07,-0.07617603501818639,0.27348066298342544,0.3756906077348066,0.3425414364640884,362,359,0.798032882070807,0.9917127071823204
2022-12-08,0.06204681722819804,0.36254980079681276,0.3187250996015936,0.3147410358565737,251,250,0.794472931265831,0.9960159362549801
2022-12-09,0.08358574798117056,0.3669724770642202,0.28440366972477066,0.3486238532110092,218,218,0.8256913505562948,1.0
2022-12-12,0.37398774863528383,0.5769230769230769,0.17873303167420815,0.24434389140271492,442,442,0.8690415779929356,1.0
2022-12-13,0.06719273860929204,0.3523035230352303,0.32791327913279134,0.3143631436314363,369,367,0.7983456596691537,0.994579945799458
2022-12-14,0.05833016356001748,0.35522388059701493,0.27761194029850744,0.3522388059701492,335,330,0.7951685618270528,0.9850746268656716
2022-12-15,0.07117322257873189,0.395,0.29,0.3025,400,395,0.797719102720671,0.9875
2022-12-16,0.03982029951799618,0.33204633204633205,0.29343629343629346,0.3745173745173745,259,259,0.8289313892830292,1.0
2022-12-19,0.0677085175288735,0.3684210526315789,0.29554655870445345,0.3319838056680162,247,246,0.8226694579773802,0.9959514170040485
2022-12-20,0.15754468333765081,0.40611353711790393,0.2052401746724891,0.388646288209607,229,229,0.8053410506144362,1.0
2022-12-21,0.11852092139534888,0.4651898734177215,0.31645569620253167,0.21835443037974683,316,316,0.8095372949219957,1.0
2022-12-22,-0.0828141917487041,0.2510822510822511,0.36796536796536794,0.35064935064935066,231,224,0.8126379014658076,0.9696969696969697
2022-12-23,0.13906385498546858,0.47715736040609136,0.29441624365482233,0.22842639593908629,197,197,0.8147389613432328,1.0
2022-12-27,0.04842394220014643,0.3953488372093023,0.36046511627906974,0.2441860465116279,172,172,0.8495753948078599,1.0
2022-12-28,-0.098584330241595,0.2839506172839506,0.3765432098765432,0.3333333333333333,162,161,0.8206587106174563,0.9938271604938271
2022-12-29,-0.19395980177026603,0.25316455696202533,0.45569620253164556,0.2721518987341772,158,155,0.8238060995455712,0.9810126582278481
2022-12-30,0.10951554367008308,0.4666666666666667,0.34444444444444444,0.18888888888888888,90,90,0.8319672375917435,1.0
2023-01-03,-0.20307239388877696,0.22021660649819494,0.4620938628158845,0.3104693140794224,277,275,0.8203945252028378,0.9927797833935018
2023-01-04,-0.08911074982170901,0.30973451327433627,0.39823008849557523,0.27876106194690264,226,223,0.840718402456275,0.9867256637168141
2023-01-05,-0.0849599713752232,0.2469879518072289,0.33433734939759036,0.41566265060240964,332,331,0.7959018138960409,0.9969879518072289
2023-01-06,-0.1597236744033777,0.30405405405405406,0.47297297297297297,0.22297297297297297,296,296,0.8240381952475857,1.0
2023-01-09,0.12919491335728775,0.4701492537313433,0.291044776119403,0.23880597014925373,268,268,0.8155208384590362,1.0
2023-01-10,0.11119845741180867,0.3739495798319328,0.2773109243697479,0.3445378151260504,238,237,0.8235153016410296,0.9957983193277311
2023-01-11,0.09099313157449074,0.4059040590405904,0.2878228782287823,0.3062730627306273,271,271,0.8148287633688247,1.0
2023-01-12,0.05740638556634001,0.36893203883495146,0.32038834951456313,0.3106796116504854,309,309,0.8155096386435734,1.0
2023-01-13,0.03838665125900149,0.35023041474654376,0.29493087557603687,0.3548387096774194,217,217,0.8174244589794616,1.0
2023-01-17,0.10158190413550207,0.3792372881355932,0.2923728813559322,0.326271186440678,472,471,0.7922439432194784,0.9978813559322034
2023-01-18,-0.03635090165634585,0.3489736070381232,0.39589442815249265,0.25219941348973607,341,340,0.8033653787830297,0.9970674486803519
2023-01-19,-0.02808025514658432,0.28338762214983715,0.3289902280130293,0.38762214983713356,307,307,0.8070184969940869,1.0
2023-01-20,-0.03137551122703231,0.33183856502242154,0.3811659192825112,0.27802690582959644,223,221,0.8203329406172981,0.9910313901345291
2023-01-23,0.17569980520666356,0.38571428571428573,0.20476190476190476,0.4095238095238095,210,210,0.8090656778642109,1.0
2023-01-24,-0.1081429328595547,0.26556016597510373,0.3983402489626556,0.3360995850622407,241,241,0.8464063384968216,1.0
2023-01-25,0.013023888621398283,0.35319148936170214,0.33617021276595743,0.28936170212765955,235,230,0.7943854192028875,0.9787234042553191
2023-01-26,0.07302537514670346,0.39603960396039606,0.30033003300330036,0.297029702970297,303,301,0.815540590753587,0.9933993399339934
2023-01-27,0.06369088037843959,0.42788461538461536,0.3125,0.25961538461538464,208,208,0.8156912991633782,1.0
2023-01-30,0.035724239841645175,0.41134751773049644,0.36524822695035464,0.22340425531914893,282,282,0.8123462598585913,1.0
2023-01-31,-0.054173811367547064,0.33447098976109213,0.3856655290102389,0.2764505119453925,293,292,0.8129735864596824,0.9965870307167235
2023-02-01,-0.06622830558798566,0.26881720430107525,0.3655913978494624,0.3655913978494624,372,372,0.7991323906087107,1.0
2023-02-02,-0.02884578331460856,0.3083832335329341,0.344311377245509,0.3383233532934132,334,331,0.8239999603468846,0.9910179640718563
2023-02-03,0.025121658770367494,0.2980132450331126,0.25165562913907286,0.44370860927152317,302,300,0.820521361331145,0.9933774834437086
2023-02-06,0.014736583954273894,0.3542319749216301,0.335423197492163,0.3072100313479624,319,318,0.8090417990519566,0.9968652037617555
2023-02-07,-0.00043681185107835336,0.3,0.3193548387096774,0.3774193548387097,310,309,0.7818013867514033,0.9967741935483871
2023-02-08,0.11482193428566868,0.36904761904761907,0.25,0.3531746031746032,252,245,0.8092650119139224,0.9722222222222222
2023-02-09,0.06695412571310115,0.3628691983122363,0.2869198312236287,0.350210970464135,237,237,0.8027312154508341,1.0
2023-02-10,-0.0675132838589559,0.34782608695652173,0.42028985507246375,0.2210144927536232,276,273,0.8272959037578149,0.9891304347826086
2023-02-13,0.09539630143440885,0.41007194244604317,0.3129496402877698,0.27697841726618705,278,278,0.8334329969805779,1.0
2023-02-14,0.0500224502912412,0.39090909090909093,0.3333333333333333,0.27575757575757576,330,330,0.7978696080771359,1.0
2023-02-15,0.045105134496866414,0.34502923976608185,0.29239766081871343,0.3538011695906433,342,339,0.8334144301119104,0.9912280701754386
2023-02-16,0.037030778928139954,0.30522088353413657,0.2971887550200803,0.39759036144578314,249,249,0.8140304075426845,1.0
2023-02-17,-0.0281750090682927,0.3446808510638298,0.3574468085106383,0.2936170212765957,235,234,0.8255169340687939,0.9957446808510638
2023-02-21,0.11221098401565612,0.3546511627906977,0.25,0.39147286821705424,516,514,0.8015991087553566,0.9961240310077519
2023-02-22,0.04241175623749205,0.31845238095238093,0.28869047619047616,0.39285714285714285,336,336,0.8222908256131978,1.0
2023-02-23,0.012019916434263712,0.31448763250883394,0.3003533568904594,0.38162544169611307,283,282,0.8108186513608229,0.9964664310954063
2023-02-24,0.032609368572538745,0.3246268656716418,0.2947761194029851,0.3694029850746269,268,265,0.8112014530964617,0.9888059701492538
2023-02-27,0.09564334245052614,0.3675889328063241,0.2608695652173913,0.3715415019762846,253,253,0.811714928729732,1.0
2023-02-28,0.09923741671458615,0.3680555555555556,0.28125,0.34375,288,286,0.8006902044261253,0.9930555555555556
2023-03-01,0.056258560659793705,0.3435897435897436,0.2923076923076923,0.3641025641025641,390,390,0.8016935949906324,1.0
2023-03-02,0.06164612468890844,0.3545816733067729,0.27091633466135456,0.3705179282868526,251,250,0.8262655776739121,0.9960159362549801
2023-03-03,0.025656818600107663,0.27350427350427353,0.2564102564102564,0.4658119658119658,234,233,0.8252990419772561,0.9957264957264957
2023-03-06,0.0072341393132581144,0.29924242424242425,0.29924242424242425,0.4015151515151515,264,264,0.845463315532966,1.0
2023-03-07,-0.0979967095010545,0.23773584905660378,0.37735849056603776,0.3849056603773585,265,265,0.8113616430534507,1.0
2023-03-08,-0.08670976919247143,0.2298507462686567,0.34328358208955223,0.42686567164179107,335,335,0.8070355025689994,1.0
2023-03-09,-0.07187179575708731,0.27205882352941174,0.3713235294117647,0.3492647058823529,272,270,0.8125897839113518,0.9926470588235294
2023-03-10,-0.13610782627578055,0.2563291139240506,0.43670886075949367,0.3037974683544304,316,315,0.8092994629390656,0.9968354430379747
2023-03-13,-0.057711507664757904,0.30268199233716475,0.39846743295019155,0.2988505747126437,261,261,0.8200157808846441,1.0
2023-03-14,-0.015051498834509408,0.2724252491694352,0.2956810631229236,0.4152823920265781,301,296,0.809963285318903,0.9833887043189369
2023-03-15,-0.12873438603058457,0.25866666666666666,0.41333333333333333,0.328,375,375,0.8117970159053802,1.0
2023-03-16,0.057943060702197596,0.34796238244514105,0.2413793103448276,0.4106583072100313,319,319,0.7796758909397364,1.0
2023-03-17,-0.04794931442787251,0.28502415458937197,0.34299516908212563,0.3719806763285024,207,207,0.8402309902912177,1.0
2023-03-20,0.17703746389498579,0.4432624113475177,0.2127659574468085,0.34397163120567376,282,282,0.8150329962901189,1.0
2023-03-21,0.14037232320826454,0.3924050632911392,0.25738396624472576,0.350210970464135,237,237,0.8098607346226897,1.0
2023-03-22,0.045464333379641175,0.37790697674418605,0.29941860465116277,0.3168604651162791,344,342,0.7956858533516264,0.9941860465116279
2023-03-23,0.0038319229839879443,0.3548387096774194,0.34139784946236557,0.2956989247311828,372,369,0.7972767892568738,0.9919354838709677
2023-03-24,0.024451719298390028,0.3435114503816794,0.29770992366412213,0.35877862595419846,262,262,0.8134566307750367,1.0
2023-03-27,0.12490381995931324,0.40977443609022557,0.29699248120300753,0.2819548872180451,266,263,0.831633176413779,0.9887218045112782
2023-03-28,0.10334522517299966,0.4032258064516129,0.2661290322580645,0.32661290322580644,248,247,0.8118230830802609,0.9959677419354839
2023-03-29,-0.05797259122904005,0.3116438356164384,0.3698630136986301,0.3116438356164384,292,290,0.7995418968899497,0.9931506849315068
2023-03-30,-0.012574910070678152,0.35185185185185186,0.3888888888888889,0.25925925925925924,270,270,0.8348569560933996,1.0
2023-03-31,0.02748661336232105,0.4068965517241379,0.3620689655172414,0.23103448275862068,290,290,0.8098643462205756,1.0
2023-04-03,0.027553793841174665,0.39067055393586003,0.36151603498542273,0.2478134110787172,343,343,0.8175183774430967,1.0
2023-04-04,0.17056038655756034,0.46551724137931033,0.2482758620689655,0.27586206896551724,290,287,0.8008422202557222,0.9896551724137931
2023-04-05,-0.041575354189467686,0.23098591549295774,0.30140845070422534,0.4676056338028169,355,355,0.8035422809526954,1.0
2023-04-06,-0.03689366642145381,0.31048387096774194,0.38306451612903225,0.3064516129032258,248,248,0.820282214952092,1.0
2023-04-10,-0.015229159394408219,0.33003300330033003,0.35973597359735976,0.3102310231023102,303,303,0.8161951613308179,1.0
2023-04-11,0.12130066277276652,0.421875,0.26953125,0.3046875,256,255,0.8154970800175386,0.99609375
2023-04-12,0.009578781403339526,0.35,0.35,0.2966666666666667,300,299,0.8227703658035368,0.9966666666666667
2023-04-13,-0.012280550902893855,0.30914826498422715,0.3470031545741325,0.3312302839116719,317,313,0.7991923786009463,0.9873817034700315
2023-04-14,0.04476699788566465,0.3788546255506608,0.3392070484581498,0.28193832599118945,227,227,0.8036094297396454,1.0
2023-04-17,0.16494650528342886,0.4072727272727273,0.24,0.3527272727272727,275,275,0.8041257185285742,1.0
2023-04-18,0.1648599984160123,0.391025641025641,0.2403846153846154,0.3685897435897436,312,312,0.8037118873535058,1.0
2023-04-19,0.013666848434855376,0.3186119873817035,0.3028391167192429,0.3659305993690852,317,313,0.81092500134398,0.9873817034700315
2023-04-20,-0.015930393532796853,0.32113821138211385,0.34552845528455284,0.3333333333333333,246,246,0.7936673094102038,1.0
2023-04-21,-0.05418278178753885,0.2747747747747748,0.33783783783783783,0.38738738738738737,222,222,0.8583000078126117,1.0
2023-04-24,0.1610375957416259,0.45726495726495725,0.2564102564102564,0.2863247863247863,234,234,0.8198424798046422,1.0
2023-04-25,0.12132175818062675,0.41975308641975306,0.2757201646090535,0.3045267489711934,243,243,0.8324154458418795,1.0
2023-04-26,0.035664269320454585,0.322884012539185,0.30094043887147337,0.3667711598746082,319,316,0.8207013398597512,0.9905956112852664
2023-04-27,0.06441124815344551,0.3310104529616725,0.29965156794425085,0.3693379790940767,287,287,0.8282685660942091,1.0
2023-04-28,0.07865075003881737,0.42857142857142855,0.31561461794019935,0.2558139534883721,301,301,0.8075910729427275,1.0
2023-05-01,0.15976091719583788,0.4868421052631579,0.3026315789473684,0.21052631578947367,228,228,0.8365270379081107,1.0
2023-05-02,-0.0014426927427174882,0.34814814814814815,0.34444444444444444,0.3074074074074074,270,270,0.8184835840154577,1.0
2023-05-03,-0.08247345469125428,0.2727272727272727,0.3771043771043771,0.3400673400673401,297,294,0.7990161124743572,0.98989898989899
2023-05-04,0.0020193540234079823,0.2849740932642487,0.27979274611398963,0.43005181347150256,386,384,0.821217527690654,0.9948186528497409
2023-05-05,-0.14309802887723308,0.2511013215859031,0.42290748898678415,0.32599118942731276,227,227,0.7907546107464425,1.0
2023-05-08,0.1905492825203805,0.4675324675324675,0.2597402597402597,0.2727272727272727,231,231,0.8033659751023049,1.0
2023-05-09,0.19273421290785586,0.44696969696969696,0.23106060606060605,0.3143939393939394,264,262,0.8124464235005487,0.9924242424242424
2023-05-10,0.04008477427591163,0.35135135135135137,0.3003003003003003,0.3483483483483483,333,333,0.8072232101056669,1.0
2023-05-11,-0.05251911474681162,0.2958199356913183,0.3729903536977492,0.3247588424437299,311,309,0.8275619344996789,0.9935691318327974
2023-05-12,-0.06363999593833632,0.2863636363636364,0.33636363636363636,0.37727272727272726,220,220,0.7907178895039992,1.0
2023-05-15,0.20872716023821872,0.42424242424242425,0.2255892255892256,0.3501683501683502,297,297,0.8286766535304613,1.0
2023-05-16,0.09904604767992471,0.3829113924050633,0.2911392405063291,0.31329113924050633,316,312,0.8023370107014974,0.9873417721518988
2023-05-17,0.045643178130621485,0.3217391304347826,0.2826086956521739,0.39565217391304347,230,230,0.7981738579014074,1.0
2023-05-18,0.06459495202602389,0.3524904214559387,0.2950191570881226,0.3486590038314176,261,260,0.8163235276937485,0.9961685823754789
2023-05-19,0.17565501370777686,0.38311688311688313,0.2012987012987013,0.38961038961038963,154,150,0.8183543906609217,0.974025974025974
2023-05-22,0.23937789149174135,0.42727272727272725,0.20909090909090908,0.35909090909090907,220,219,0.8253428428412573,0.9954545454545455
2023-05-23,0.1527269082522489,0.3870967741935484,0.20967741935483872,0.3951612903225806,248,246,0.8210908318680477,0.9919354838709677
2023-05-24,0.06876746555259014,0.3389261744966443,0.2986577181208054,0.3624161073825503,298,298,0.7953807143556991,1.0
2023-05-25,0.0329543497755105,0.3225806451612903,0.3010752688172043,0.3727598566308244,279,278,0.8247831371619547,0.996415770609319
2023-05-26,0.16893726814078627,0.4069264069264069,0.22943722943722944,0.36363636363636365,231,231,0.8196784413996197,1.0
2023-05-30,0.03576672644679987,0.35945945945945945,0.3027027027027027,0.33513513513513515,370,369,0.8123555294058833,0.9972972972972973
2023-05-31,-0.0006792633356322185,0.3353846153846154,0.3353846153846154,0.31076923076923074,325,319,0.8399270906530577,0.9815384615384616
2023-06-01,0.0917346635609507,0.358974358974359,0.266025641025641,0.375,312,312,0.7930320981794443,1.0
2023-06-02,0.0665370245063032,0.3712871287128713,0.3069306930693069,0.3217821782178218,202,202,0.8293852223323124,1.0
2023-06-05,0.1003524033129102,0.3799392097264438,0.2917933130699088,0.3282674772036474,329,329,0.797312524271591,1.0
2023-06-06,-0.01135838319694167,0.304029304029304,0.34798534798534797,0.34798534798534797,273,273,0.819985704325931,1.0
2023-06-07,0.08385181896825576,0.3656509695290859,0.2548476454293629,0.37119113573407203,361,358,0.8109386274435001,0.9916897506925207
2023-06-08,-0.028318321348848288,0.3049645390070922,0.3617021276595745,0.3333333333333333,282,282,0.8155479458629662,1.0
2023-06-09,0.13338249360708176,0.42152466367713004,0.22869955156950672,0.34977578475336324,223,223,0.8077485499895207,1.0
2023-06-12,0.08894026407044757,0.3876651982378855,0.29515418502202645,0.31718061674008813,227,227,0.8073301113124461,1.0
2023-06-13,0.180800145248779,0.43223443223443225,0.2454212454212454,0.31135531135531136,273,270,0.8249895130042677,0.989010989010989
2023-06-14,-0.10252536777573239,0.2890855457227139,0.40707964601769914,0.2949852507374631,339,336,0.8097000788187697,0.9911504424778761
2023-06-15,0.05635448181128594,0.334375,0.25,0.415625,320,320,0.8209565362893045,1.0
2023-06-16,0.08359953221590115,0.3788546255506608,0.29955947136563876,0.32158590308370044,227,227,0.8096086529908201,1.0
2023-06-20,0.14512402465292684,0.43942992874109266,0.27790973871733965,0.2826603325415677,421,421,0.817562603893869,1.0
2023-06-21,0.14251098224391265,0.4837662337662338,0.30194805194805197,0.21428571428571427,308,308,0.8051895084125655,1.0
2023-06-22,0.12423735723738304,0.4057971014492754,0.2608695652173913,0.3309178743961353,414,413,0.7895168273125664,0.9975845410628019
2023-06-23,0.00834353794998004,0.33884297520661155,0.3140495867768595,0.34710743801652894,242,242,0.8565684719519182,1.0
2023-06-26,0.19786512618111562,0.4315352697095436,0.22406639004149378,0.34439834024896265,241,241,0.8201533722926967,1.0
2023-06-27,0.20537522405720665,0.4609375,0.23046875,0.30859375,256,256,0.8022490337025374,1.0
2023-06-28,0.14399487679178008,0.47346938775510206,0.2979591836734694,0.22857142857142856,245,245,0.8205842334396986,1.0
2023-06-29,0.19531494774767144,0.4552238805970149,0.23880597014925373,0.2873134328358209,268,263,0.8167666094837986,0.9813432835820896
2023-06-30,-0.032371263933304896,0.3813559322033898,0.4322033898305085,0.1864406779661017,236,236,0.8237676668470189,1.0
2023-07-03,-0.03792480788696324,0.3236514522821577,0.34024896265560167,0.3278008298755187,241,239,0.8046307848088412,0.991701244813278
2023-07-05,0.05825255047366546,0.3739130434782609,0.3188405797101449,0.2985507246376812,345,342,0.8264945274033741,0.991304347826087
2023-07-06,-0.024812847199720732,0.32209737827715357,0.3295880149812734,0.34831460674157305,267,267,0.7982514534103736,1.0
2023-07-07,0.025619933351826576,0.4050632911392405,0.3333333333333333,0.2489451476793249,237,234,0.8162816634290239,0.9873417721518988
2023-07-10,0.07259977768692705,0.40350877192982454,0.30701754385964913,0.27631578947368424,228,225,0.8433464344342549,0.9868421052631579
2023-07-11,0.18759703209070722,0.48249027237354086,0.2607003891050584,0.2529182879377432,257,256,0.8295245352201164,0.9961089494163424
2023-07-12,0.07205982838739192,0.3738019169329074,0.2779552715654952,0.33226837060702874,313,308,0.8284495378082449,0.9840255591054313
2023-07-13,0.03899288541760366,0.3857677902621723,0.33707865168539325,0.2696629213483146,267,265,0.8306431069688976,0.9925093632958801
2023-07-14,0.1305900213584228,0.3673469387755102,0.22959183673469388,0.4030612244897959,196,196,0.8301805438739913,1.0
2023-07-17,0.0558039450356329,0.40604026845637586,0.33557046979865773,0.2550335570469799,298,297,0.8261752174759553,0.9966442953020134
2023-07-18,0.15451174992892258,0.4386792452830189,0.2783018867924528,0.2830188679245283,212,212,0.8152005633093277,1.0
2023-07-19,-0.05901025385378323,0.2974910394265233,0.34767025089605735,0.33691756272401435,279,274,0.8165170652587919,0.982078853046595
2023-07-20,0.20319624403752126,0.43006993006993005,0.1993006993006993,0.3706293706293706,286,286,0.8217110377508443,1.0
2023-07-21,0.15174225853880888,0.4536082474226804,0.28350515463917525,0.26288659793814434,194,194,0.8209113821233671,1.0
2023-07-24,0.059952195973414245,0.34306569343065696,0.28102189781021897,0.3759124087591241,274,274,0.8356315757888947,1.0
2023-07-25,0.10589939604815618,0.37719298245614036,0.29385964912280704,0.32894736842105265,228,228,0.8165800316553367,1.0
2023-07-26,0.02308867521747782,0.35379061371841153,0.33574007220216606,0.296028880866426,277,273,0.8056766179018405,0.9855595667870036
2023-07-27,0.10987942692991169,0.38006230529595014,0.24922118380062305,0.3582554517133956,321,317,0.815607467002297,0.9875389408099688
2023-07-28,-0.04177017293101096,0.2801724137931034,0.3706896551724138,0.34051724137931033,232,230,0.8072317133779111,0.9913793103448276
2023-07-31,0.14332855672842856,0.44495412844036697,0.29357798165137616,0.25229357798165136,218,216,0.8279489306388078,0.9908256880733946
2023-08-01,-0.05852060161501639,0.31496062992125984,0.37401574803149606,0.3110236220472441,254,254,0.8405001371160267,1.0
2023-08-02,-0.23641230832159954,0.20802919708029197,0.4854014598540146,0.30656934306569344,274,274,0.8267464283173972,1.0
2023-08-03,0.028945346455711656,0.3333333333333333,0.297029702970297,0.36303630363036304,303,301,0.8051748647048228,0.9933993399339934
2023-08-04,-0.12371942564009579,0.25,0.4262295081967213,0.319672131147541,244,243,0.8180067629971132,0.9959016393442623
2023-08-07,-0.08831181310988204,0.2777777777777778,0.42592592592592593,0.2962962962962963,216,216,0.8252413056238934,1.0
2023-08-08,-0.0003991835954674875,0.28169014084507044,0.2676056338028169,0.4471830985915493,284,283,0.8107945796878936,0.9964788732394366
2023-08-09,0.10567099020257592,0.35039370078740156,0.25984251968503935,0.37401574803149606,254,250,0.8219637434482574,0.984251968503937
2023-08-10,0.0884535220064402,0.38144329896907214,0.27835051546391754,0.3402061855670103,291,291,0.8140272369089815,1.0
2023-08-11,0.11546670399883834,0.41346153846153844,0.27403846153846156,0.3125,208,208,0.8223232611154134,1.0
2023-08-14,0.11828300714379644,0.411214953271028,0.2897196261682243,0.29906542056074764,214,214,0.8468151481073594,1.0
2023-08-15,0.08223517820485593,0.375,0.3125,0.3125,272,272,0.8166335036649424,1.0
2023-08-16,-0.06658103828333084,0.29069767441860467,0.37209302325581395,0.32170542635658916,258,254,0.79443681193149,0.9844961240310077
2023-08-17,0.10824228092831999,0.3684210526315789,0.25,0.3815789473684211,228,228,0.8163945350730628,1.0
2023-08-18,-0.036816449015168486,0.24375,0.3,0.45625,160,160,0.8337762443348765,1.0
2023-08-21,0.026242451219443682,0.30869565217391304,0.2956521739130435,0.3869565217391304,230,228,0.8276624411605952,0.991304347826087
2023-08-22,0.04423523550476743,0.3316062176165803,0.29533678756476683,0.37305699481865284,193,193,0.8311456256579859,1.0
2023-08-23,-0.04765238647308686,0.27759197324414714,0.3277591973244147,0.39464882943143814,299,299,0.8366687133360069,1.0
2023-08-24,0.11873473275013625,0.4069264069264069,0.2857142857142857,0.2987012987012987,231,229,0.8342951127535391,0.9913419913419913
2023-08-25,-0.07605295882992157,0.29608938547486036,0.40782122905027934,0.29608938547486036,179,179,0.8274732768202627,1.0
2023-08-28,0.09682769706586793,0.37755102040816324,0.2653061224489796,0.35714285714285715,196,196,0.8062313373903839,1.0
2023-08-29,0.14720458599368405,0.39768339768339767,0.25096525096525096,0.35135135135135137,259,259,0.8054566923025492,1.0
2023-08-30,0.0234126141547752,0.31528662420382164,0.28662420382165604,0.39490445859872614,314,313,0.7985402144753514,0.9968152866242038
2023-08-31,0.04961331447419721,0.35019455252918286,0.27626459143968873,0.3735408560311284,257,257,0.8132295805656492,1.0
2023-09-01,0.009742980338317348,0.34121621621621623,0.32094594594594594,0.3344594594594595,296,295,0.7970082217353885,0.9966216216216216
2023-09-05,0.05898093523857481,0.35509138381201044,0.3002610966057441,0.34203655352480417,383,382,0.7924434611310509,0.9973890339425587
2023-09-06,0.0022934292861637416,0.2831858407079646,0.29793510324483774,0.41002949852507375,339,336,0.8102965183733475,0.9911504424778761
2023-09-07,-0.04270678904043678,0.32673267326732675,0.33993399339933994,0.32673267326732675,303,301,0.8089443916498229,0.9933993399339934
2023-09-08,0.03113241718561799,0.3482142857142857,0.33035714285714285,0.3125,224,222,0.8043595359132096,0.9910714285714286
2023-09-11,0.18597314011211352,0.4671814671814672,0.27413127413127414,0.25096525096525096,259,257,0.8251251059979317,0.9922779922779923
2023-09-12,0.09678961258628462,0.344311377245509,0.27245508982035926,0.3772455089820359,334,332,0.8150167397885437,0.9940119760479041
2023-09-13,0.0001426609020714108,0.3253012048192771,0.3102409638554217,0.35542168674698793,332,329,0.7916085646688757,0.9909638554216867
2023-09-14,0.15986070143683495,0.3887240356083086,0.20178041543026706,0.40059347181008903,337,334,0.7727593822393589,0.9910979228486647
2023-09-15,0.17999411533680668,0.46788990825688076,0.26146788990825687,0.2706422018348624,218,218,0.833355017348167,1.0
2023-09-18,0.1865017186116758,0.4618320610687023,0.2633587786259542,0.2633587786259542,262,259,0.8139749524906336,0.9885496183206107
2023-09-19,0.13056130721731093,0.40129449838187703,0.2459546925566343,0.35275080906148865,309,309,0.8068490526051197,1.0
2023-09-20,0.0009226850941995082,0.336231884057971,0.33043478260869563,0.32463768115942027,345,342,0.7896424862202148,0.991304347826087
2023-09-21,0.044250016570548535,0.35311572700296734,0.3086053412462908,0.3293768545994065,337,334,0.8065125715589809,0.9910979228486647
2023-09-22,0.09665323258940911,0.3493975903614458,0.23293172690763053,0.41365461847389556,249,248,0.8245267408990091,0.9959839357429718
2023-09-25,0.11540072635103361,0.3920704845814978,0.2907488986784141,0.31718061674008813,227,227,0.8112777279862223,1.0
2023-09-26,0.12562225828792667,0.4338235294117647,0.29044117647058826,0.27205882352941174,272,271,0.8279550560506067,0.9963235294117647
2023-09-27,0.07264336921306777,0.35172413793103446,0.30344827586206896,0.3448275862068966,290,290,0.7947780630711851,1.0
2023-09-28,0.16067861153046528,0.40441176470588236,0.23897058823529413,0.35294117647058826,272,271,0.8152908676224881,0.9963235294117647
2023-09-29,-0.028240775666894643,0.3656716417910448,0.373134328358209,0.26119402985074625,268,268,0.7967666953579703,1.0
2023-10-02,0.10633784056153672,0.41015625,0.28515625,0.3046875,256,256,0.8287805656436831,1.0
2023-10-03,0.1609943764825493,0.40932642487046633,0.23834196891191708,0.34196891191709844,193,191,0.810500053991198,0.9896373056994818
2023-10-04,-0.012154567157919174,0.3,0.32222222222222224,0.37037037037037035,270,268,0.8318136869304216,0.9925925925925926
2023-10-05,-0.09652264897559523,0.22448979591836735,0.35374149659863946,0.4217687074829932,294,294,0.8198435910704995,1.0
2023-10-06,-0.11515196062759775,0.3076923076923077,0.4358974358974359,0.2564102564102564,234,234,0.7766920418566109,1.0
2023-10-09,0.04803627298420502,0.3851851851851852,0.32222222222222224,0.29259259259259257,270,270,0.7815214021338357,1.0
2023-10-10,0.03924593805418809,0.35658914728682173,0.3023255813953488,0.3372093023255814,258,257,0.8257757801026222,0.9961240310077519
2023-10-11,-0.0026760477827730547,0.3029045643153527,0.3278008298755187,0.36929460580912865,241,241,0.8042572741686556,1.0
2023-10-12,0.13830996749470748,0.4115942028985507,0.2811594202898551,0.28695652173913044,345,338,0.8021297548296888,0.9797101449275363
2023-10-13,0.06737977880948164,0.3984375,0.3203125,0.28125,256,256,0.8094731763703749,1.0
2023-10-16,0.20136051722948395,0.43946188340807174,0.23318385650224216,0.3273542600896861,223,223,0.8227308361786898,1.0
2023-10-17,0.21183116708915414,0.44680851063829785,0.20921985815602837,0.33687943262411346,282,280,0.7914642415940761,0.9929078014184397
2023-10-18,0.13861598024533545,0.4351851851851852,0.25617283950617287,0.2993827160493827,324,321,0.7965341218721087,0.9907407407407407
2023-10-19,0.09509417387322121,0.3665480427046263,0.24199288256227758,0.3914590747330961,281,281,0.7899008876912534,1.0
2023-10-20,-0.056094943830057205,0.3076923076923077,0.37948717948717947,0.28717948717948716,195,190,0.8338509333761115,0.9743589743589743
2023-10-23,0.1220116645078981,0.42953020134228187,0.28523489932885904,0.28523489932885904,298,298,0.8100707178947909,1.0
2023-10-24,0.017056224838915203,0.3489208633093525,0.3237410071942446,0.31654676258992803,278,275,0.8230666961453178,0.9892086330935251
2023-10-25,0.16227901578941045,0.3977272727272727,0.23484848484848486,0.36363636363636365,264,263,0.8168337265801521,0.9962121212121212
2023-10-26,0.08339950500207172,0.34523809523809523,0.28273809523809523,0.3630952380952381,336,333,0.8055036110025985,0.9910714285714286
2023-10-27,0.16661902803267972,0.44166666666666665,0.225,0.3333333333333333,240,240,0.8212717538078625,1.0
2023-10-30,0.05811906202619237,0.38721804511278196,0.34210526315789475,0.2706766917293233,266,266,0.8070025908991807,1.0
2023-10-31,-0.030808825503095057,0.32432432432432434,0.3813813813813814,0.29429429429429427,333,333,0.812935944076057,1.0
2023-11-01,0.06254794958231634,0.375366568914956,0.3225806451612903,0.2961876832844575,341,339,0.802562414632786,0.9941348973607038
2023-11-02,0.15785400478313838,0.36363636363636365,0.21022727272727273,0.4147727272727273,352,348,0.7987875332948805,0.9886363636363636
2023-11-03,-0.04820268088763181,0.31746031746031744,0.3492063492063492,0.3134920634920635,252,247,0.8244290737970638,0.9801587301587301
2023-11-06,0.13736057188889048,0.37218045112781956,0.22932330827067668,0.39473684210526316,266,265,0.8232224503778062,0.9962406015037594
2023-11-07,0.051277975652030565,0.3125,0.2708333333333333,0.4166666666666667,288,288,0.8105967351131969,1.0
2023-11-08,0.08088305414272758,0.3333333333333333,0.2719298245614035,0.39035087719298245,228,227,0.8246698266609125,0.9956140350877193
2023-11-09,0.2234941764955262,0.45864661654135336,0.21804511278195488,0.3233082706766917,266,266,0.8010691989185219,1.0
2023-11-10,0.09323213441263235,0.40825688073394495,0.27522935779816515,0.3165137614678899,218,218,0.8302316017653963,1.0
2023-11-13,0.34445558284642175,0.524,0.164,0.304,250,248,0.8370966943761995,0.992
2023-11-14,0.054896736569688236,0.35074626865671643,0.29850746268656714,0.31716417910447764,268,259,0.8234998071746016,0.9664179104477612
2023-11-15,-0.05834822551132396,0.27384615384615385,0.3507692307692308,0.37538461538461537,325,325,0.8278818004864913,1.0
2023-11-16,0.0010621050001736394,0.3070539419087137,0.3278008298755187,0.3651452282157676,241,241,0.8189681314581163,1.0
2023-11-17,0.07722820834947171,0.34763948497854075,0.2532188841201717,0.3948497854077253,233,232,0.8320335589092354,0.9957081545064378
2023-11-20,0.1755295772075291,0.43951612903225806,0.21370967741935484,0.34274193548387094,248,247,0.8235527851320954,0.9959677419354839
2023-11-21,0.14057400026037517,0.4103448275862069,0.23448275862068965,0.35517241379310344,290,290,0.8046552552231427,1.0
2023-11-22,-0.09462271964818186,0.22105263157894736,0.38596491228070173,0.3824561403508772,285,282,0.8095201852051079,0.9894736842105263
2023-11-24,0.046129667340861956,0.34579439252336447,0.2866043613707165,0.367601246105919,321,321,0.8186879602733802,1.0
2023-11-27,0.11542968308328584,0.44,0.28,0.27555555555555555,225,224,0.8393322148227266,0.9955555555555555
2023-11-28,0.1826444812523787,0.4295774647887324,0.2112676056338028,0.35563380281690143,284,283,0.8373794975845216,0.9964788732394366
2023-11-29,0.1355553913002061,0.4326923076923077,0.2692307692307692,0.2948717948717949,312,311,0.8022282949597889,0.9967948717948718
2023-11-30,-0.03221034433192692,0.31268436578171094,0.35398230088495575,0.3333333333333333,339,339,0.8137261863127571,1.0
2023-12-01,0.003687059275933305,0.29914529914529914,0.32051282051282054,0.3803418803418803,234,234,0.8154539008680571,1.0
2023-12-04,0.1023906852768191,0.3837638376383764,0.25092250922509224,0.36531365313653136,271,271,0.7989030590356496,1.0
2023-12-05,0.18633928423706483,0.4416058394160584,0.23357664233576642,0.32116788321167883,274,273,0.8249742715131669,0.9963503649635036
2023-12-06,0.003889077246860889,0.30618892508143325,0.2768729641693811,0.41042345276872966,307,305,0.8182740741088742,0.993485342019544
2023-12-07,0.16805044089393745,0.41735537190082644,0.25206611570247933,0.32644628099173556,242,241,0.8068153588603642,0.9958677685950413
2023-12-08,0.08800614289696146,0.3795620437956204,0.2591240875912409,0.33941605839416056,274,268,0.7930804677863619,0.9781021897810219
2023-12-11,0.10733610035263393,0.3519163763066202,0.23693379790940766,0.40418118466898956,287,285,0.8342498719692231,0.9930313588850174
2023-12-12,0.11355485651425941,0.36363636363636365,0.25925925925925924,0.36363636363636365,297,293,0.8325771539894794,0.9865319865319865
2023-12-13,0.039130243850919365,0.29337539432176657,0.26498422712933756,0.43217665615141954,317,314,0.8169139281959291,0.9905362776025236
2023-12-14,0.10163913404328688,0.3942857142857143,0.24571428571428572,0.3342857142857143,350,341,0.798537563281325,0.9742857142857143
2023-12-15,0.04071787180081287,0.31226765799256506,0.241635687732342,0.44609665427509293,269,269,0.8321572872342673,1.0
2023-12-18,0.267081788853191,0.45714285714285713,0.1673469387755102,0.37551020408163266,245,245,0.8066372843421236,1.0
2023-12-19,0.14832243621425673,0.35918367346938773,0.23673469387755103,0.4,245,244,0.7970446997978649,0.9959183673469387
2023-12-20,-0.012544314463691409,0.3275862068965517,0.33620689655172414,0.33189655172413796,232,231,0.8228219155367319,0.9956896551724138
2023-12-21,0.008295543562461979,0.2985781990521327,0.3175355450236967,0.38388625592417064,211,211,0.8398758702651019,1.0
2023-12-22,0.11327359391134081,0.4153225806451613,0.2701612903225806,0.3064516129032258,248,246,0.8159921936145643,0.9919354838709677
2023-12-26,0.0573532001887874,0.34108527131782945,0.3023255813953488,0.35658914728682173,129,129,0.8121069119882214,1.0
2023-12-27,-0.06010095866076882,0.3230769230769231,0.36923076923076925,0.2923076923076923,130,128,0.8546008069533855,0.9846153846153847
2023-12-28,-0.048796036625977895,0.23129251700680273,0.30612244897959184,0.46258503401360546,147,147,0.7919261108855812,1.0
2023-12-29,-0.13181163765142087,0.21978021978021978,0.3516483516483517,0.42857142857142855,91,91,0.8251892799859518,1.0
2024-01-02,-0.06423350474492551,0.2850467289719626,0.3691588785046729,0.34579439252336447,214,214,0.8107626935310452,1.0
2024-01-03,0.04122711276757208,0.395,0.35,0.25,200,199,0.819066806953756,0.995
2024-01-04,0.03503203902477657,0.2847222222222222,0.2465277777777778,0.46875,288,288,0.8090807922805349,1.0
2024-01-05,4.368275403975724e-05,0.34,0.34,0.312,250,248,0.8256864683522332,0.992
2024-01-08,0.02784044105898249,0.3125,0.29910714285714285,0.3705357142857143,224,220,0.821526584435593,0.9821428571428571
2024-01-09,0.05599415138321913,0.3311897106109325,0.2540192926045016,0.41479099678456594,311,311,0.8065045242140914,1.0
2024-01-10,0.02910708504777144,0.3017241379310345,0.27586206896551724,0.4224137931034483,232,232,0.8117931496737332,1.0
2024-01-11,0.0807590529694417,0.36363636363636365,0.2845849802371542,0.35177865612648224,253,253,0.7845152287850738,1.0
2024-01-12,-0.09088504811645383,0.29411764705882354,0.4117647058823529,0.2867647058823529,272,270,0.80957085677871,0.9926470588235294
2024-01-16,0.13364166930838386,0.42725173210161665,0.2678983833718245,0.30484988452655887,433,433,0.8079377446521513,1.0
2024-01-17,-0.006845398466790882,0.2962962962962963,0.31313131313131315,0.37037037037037035,297,291,0.8131352578036973,0.9797979797979798
2024-01-18,0.05008648350593392,0.29259259259259257,0.22592592592592592,0.48148148148148145,270,270,0.8052515451554899,1.0
2024-01-19,0.038965945320792096,0.359375,0.28125,0.3489583333333333,192,190,0.8088942923043904,0.9895833333333334
2024-01-22,0.028515842624914807,0.35135135135135137,0.2972972972972973,0.35135135135135137,185,185,0.8214959792188696,1.0
2024-01-23,0.021024415727394313,0.3,0.3125,0.3875,240,240,0.7939900857706864,1.0
2024-01-24,0.03236394406456054,0.2838709677419355,0.2645161290322581,0.4483870967741935,310,309,0.8169638996756964,0.9967741935483871
2024-01-25,0.08228635599145724,0.33440514469453375,0.2379421221864952,0.42443729903536975,311,310,0.8018650989378652,0.9967845659163987
2024-01-26,0.0920613061597678,0.4114583333333333,0.2864583333333333,0.296875,192,191,0.8190781747171392,0.9947916666666666
2024-01-29,0.056856361020786256,0.36923076923076925,0.3,0.33076923076923076,260,260,0.835675796178671,1.0
2024-01-30,0.1126122328143422,0.36042402826855124,0.2579505300353357,0.38162544169611307,283,283,0.8137088323229194,1.0
2024-01-31,0.04223774044577955,0.3211009174311927,0.3058103975535168,0.3730886850152905,327,327,0.8072550279467113,1.0
2024-02-01,-0.060297181631752905,0.22006472491909385,0.313915857605178,0.4627831715210356,309,308,0.80486831485064,0.9967637540453075
2024-02-02,0.02932080453749568,0.3160377358490566,0.28773584905660377,0.3867924528301887,212,210,0.8233008397477014,0.9905660377358491
2024-02-05,0.12927800869591183,0.34765625,0.20703125,0.4375,256,254,0.8256737792820442,0.9921875
2024-02-06,0.10435300309779157,0.32432432432432434,0.23938223938223938,0.4362934362934363,259,259,0.8222926688240302,1.0
2024-02-07,0.062232181646340964,0.3076923076923077,0.22408026755852842,0.4682274247491639,299,299,0.81281012067428,1.0
2024-02-08,0.027413725166344168,0.265625,0.296875,0.43359375,256,255,0.812683031722611,0.99609375
2024-02-09,0.07994428584297988,0.39080459770114945,0.27011494252873564,0.3275862068965517,174,172,0.8204507342604703,0.9885057471264368
2024-02-12,0.15173763365351728,0.4057142857142857,0.22285714285714286,0.37142857142857144,175,175,0.8237277914796557,1.0
2024-02-13,0.1567075517433832,0.384297520661157,0.24793388429752067,0.35537190082644626,242,239,0.8275824278967151,0.987603305785124
2024-02-14,-0.04743108955427897,0.2463768115942029,0.32608695652173914,0.427536231884058,276,276,0.8081372783019922,1.0
2024-02-15,-0.09186086846274627,0.24842767295597484,0.39622641509433965,0.3522012578616352,318,317,0.8225194764814167,0.9968553459119497
2024-02-16,0.20759699792131311,0.42792792792792794,0.15315315315315314,0.4189189189189189,222,222,0.8346293485379433,1.0
2024-02-20,0.13482561831406023,0.3415233415233415,0.20147420147420148,0.457002457002457,407,407,0.8193065773064147,1.0
2024-02-21,0.0965549197799125,0.3175182481751825,0.20802919708029197,0.4744525547445255,274,274,0.8400888436467108,1.0
2024-02-22,0.08638603397460866,0.3111111111111111,0.24166666666666667,0.4444444444444444,360,359,0.826970003773575,0.9972222222222222
2024-02-23,0.044165351348325464,0.3472222222222222,0.3101851851851852,0.3425925925925926,216,216,0.8503381041464982,1.0
2024-02-26,0.18088531910212008,0.39826839826839827,0.22077922077922077,0.38095238095238093,231,231,0.8585819599432346,1.0
2024-02-27,0.1599558320343358,0.3992673992673993,0.23809523809523808,0.3626373626373626,273,273,0.8329557142196558,1.0
2024-02-28,0.010058566821332441,0.2902097902097902,0.3181818181818182,0.38461538461538464,286,284,0.803373252107224,0.993006993006993
2024-02-29,0.10993556080994984,0.36538461538461536,0.25,0.38461538461538464,364,364,0.7974409768050843,1.0
2024-03-01,-0.021631577919152652,0.2727272727272727,0.27636363636363637,0.4509090909090909,275,275,0.8094299896196886,1.0
2024-03-04,0.20356903533010107,0.4097222222222222,0.1736111111111111,0.40625,288,285,0.8270969776730789,0.9895833333333334
2024-03-05,0.08054436113133695,0.2911392405063291,0.2563291139240506,0.4462025316455696,316,314,0.8217552334639677,0.9936708860759493
2024-03-06,0.08885887214149407,0.30578512396694213,0.19559228650137742,0.4986225895316804,363,363,0.8231077560380142,1.0
2024-03-07,-0.006162018996509739,0.24242424242424243,0.265993265993266,0.49158249158249157,297,297,0.8071714978828173,1.0
2024-03-08,-0.048863782328838604,0.31048387096774194,0.3790322580645161,0.29838709677419356,248,245,0.8116316161593612,0.9879032258064516
2024-03-11,0.1348266428912357,0.39473684210526316,0.23308270676691728,0.35714285714285715,266,262,0.8127569168351079,0.9849624060150376
2024-03-12,0.12731774350960212,0.3583061889250814,0.2280130293159609,0.4006514657980456,307,303,0.8109073735306366,0.9869706840390879
2024-03-13,0.14383152317482553,0.34558823529411764,0.1801470588235294,0.47058823529411764,272,271,0.815523955654834,0.9963235294117647
2024-03-14,0.19740578262646238,0.41596638655462187,0.19747899159663865,0.38235294117647056,238,237,0.8220583987638417,0.9957983193277311
2024-03-15,0.19915259251193632,0.4597156398104265,0.22274881516587677,0.3127962085308057,211,210,0.8374657368376142,0.995260663507109
2024-03-18,0.22893482856531058,0.4219409282700422,0.19831223628691982,0.379746835443038,237,237,0.8136348622509196,1.0
2024-03-19,0.15351503398481078,0.42641509433962266,0.25660377358490566,0.3132075471698113,265,264,0.8110976075810014,0.9962264150943396
2024-03-20,-0.022525615474496715,0.26421404682274247,0.29431438127090304,0.43812709030100333,299,298,0.8281862444725613,0.9966555183946488
2024-03-21,0.02275376799679549,0.3002680965147453,0.289544235924933,0.40482573726541554,373,371,0.797466849622058,0.9946380697050938
2024-03-22,0.06858689491415308,0.35714285714285715,0.3,0.34285714285714286,210,210,0.8215028759979066,1.0
2024-03-25,0.14437854400535155,0.4163424124513619,0.24124513618677043,0.3424124513618677,257,257,0.8040738689064516,1.0
2024-03-26,-0.034372958382293935,0.3181818181818182,0.35909090909090907,0.3181818181818182,220,219,0.8269473500719898,0.9954545454545455
2024-03-27,0.038101786755146534,0.32926829268292684,0.2886178861788618,0.3821138211382114,246,246,0.8309508083554787,1.0
2024-03-28,0.18734179977696094,0.4,0.21071428571428572,0.3821428571428571,280,278,0.8044190806665009,0.9928571428571429
2024-04-01,0.1849006483833312,0.39361702127659576,0.20212765957446807,0.40425531914893614,282,282,0.7850850616575132,1.0
2024-04-02,0.18617316309246235,0.39166666666666666,0.19166666666666668,0.4166666666666667,240,240,0.7855965425570806,1.0
2024-04-03,-0.0016592040929632919,0.2892561983471074,0.30578512396694213,0.39669421487603307,242,240,0.7890967488288879,0.9917355371900827
2024-04-04,0.17390417970406513,0.34814814814814815,0.1814814814814815,0.4703703703703704,270,270,0.8026159719184592,1.0
2024-04-05,0.04301026415245735,0.3805668016194332,0.3360323886639676,0.2834008097165992,247,247,0.7980053003741662,1.0
2024-04-08,0.25320665547835897,0.45075757575757575,0.16287878787878787,0.38636363636363635,264,264,0.8140205819949959,1.0
2024-04-09,0.25262005817809247,0.4816326530612245,0.23265306122448978,0.2816326530612245,245,244,0.8205287151160787,0.9959183673469387
2024-04-10,0.1333490919299751,0.37919463087248323,0.22483221476510068,0.38926174496644295,298,296,0.7873653007318845,0.9932885906040269
2024-04-11,0.016734970481142048,0.30916030534351147,0.32061068702290074,0.3702290076335878,262,262,0.8184439513747018,1.0
2024-04-12,0.13652919823627757,0.4525862068965517,0.2413793103448276,0.2974137931034483,232,230,0.794595934126688,0.9913793103448276
2024-04-15,0.009302559204518659,0.3167420814479638,0.3031674208144796,0.37104072398190047,221,219,0.8004725014782388,0.9909502262443439
2024-04-16,0.1479109892586492,0.424812030075188,0.2593984962406015,0.31203007518796994,266,265,0.8191340224922828,0.9962406015037594
2024-04-17,0.0465860798596505,0.39568345323741005,0.3057553956834532,0.29856115107913667,278,278,0.7924901013322871,1.0
2024-04-18,0.03672050670362435,0.3717948717948718,0.3076923076923077,0.32051282051282054,234,234,0.8315168806375601,1.0
2024-04-19,0.00810066348612662,0.4028436018957346,0.3886255924170616,0.20853080568720378,211,211,0.804434838876905,1.0
2024-04-22,0.060036936457155736,0.33796296296296297,0.2916666666666667,0.3611111111111111,216,214,0.8235040067512298,0.9907407407407407
2024-04-23,0.1326065774169541,0.4069767441860465,0.2364341085271318,0.35658914728682173,258,258,0.8266351403192033,1.0
2024-04-24,0.10221309762733478,0.40725806451612906,0.2782258064516129,0.31451612903225806,248,248,0.8124271503859951,1.0
2024-04-25,0.12701975412045916,0.4,0.27555555555555555,0.3244444444444444,225,225,0.8248152010970645,1.0
2024-04-26,0.1667421986130958,0.4553191489361702,0.2680851063829787,0.2765957446808511,235,235,0.8034342778489945,1.0
2024-04-29,0.10047256052914438,0.40625,0.2708333333333333,0.3229166666666667,288,288,0.8179048404304518,1.0
2024-04-30,0.0716085657150599,0.3866279069767442,0.3226744186046512,0.28488372093023256,344,342,0.800535068090199,0.9941860465116279
2024-05-01,-0.02709474839235938,0.3211009174311927,0.3669724770642202,0.3119266055045872,218,218,0.8290553952849239,1.0
2024-05-02,0.029547095664538885,0.28391167192429023,0.29337539432176657,0.4227129337539432,317,317,0.8330169099174464,1.0
2024-05-03,-0.09256740311816843,0.2897727272727273,0.3977272727272727,0.3125,176,176,0.8281222344799475,1.0
2024-05-06,0.2769403029063886,0.5227272727272727,0.18636363636363637,0.2909090909090909,220,220,0.825132634558461,1.0
2024-05-07,0.13488499554735955,0.3880597014925373,0.2462686567164179,0.3656716417910448,268,268,0.813574457124098,1.0
2024-05-08,0.14265180851332843,0.391304347826087,0.2450592885375494,0.35177865612648224,253,250,0.8144104734659195,0.9881422924901185
2024-05-09,0.15559240905882374,0.4117647058823529,0.21428571428571427,0.3697478991596639,238,237,0.7902489252985782,0.9957983193277311
2024-05-10,0.06838686081205159,0.34024896265560167,0.2821576763485477,0.3651452282157676,241,238,0.8007372247070825,0.9875518672199171
2024-05-13,0.24249578172457403,0.45,0.23333333333333334,0.31666666666666665,240,240,0.8132586513956388,1.0
2024-05-14,-0.009363319795234372,0.3236514522821577,0.3360995850622407,0.3278008298755187,241,238,0.8183207370403434,0.9875518672199171
2024-05-15,0.04451432067325062,0.32919254658385094,0.2826086956521739,0.37267080745341613,322,317,0.8112968042821914,0.984472049689441
2024-05-16,0.19538244650660394,0.4097222222222222,0.19444444444444445,0.3958333333333333,288,288,0.8266270733955834,1.0
2024-05-17,0.06699007258969633,0.38372093023255816,0.28488372093023256,0.31976744186046513,172,170,0.8162047168787788,0.9883720930232558
2024-05-20,0.18903153906774958,0.4597156398104265,0.23222748815165878,0.3080568720379147,211,211,0.8027549809754178,1.0
2024-05-21,0.16558540025360735,0.4588235294117647,0.27450980392156865,0.26666666666666666,255,255,0.8206809618893791,1.0
2024-05-22,0.01728114063380719,0.33088235294117646,0.29411764705882354,0.3713235294117647,272,271,0.7905692873845681,0.9963235294117647
2024-05-23,0.07974411073177519,0.3333333333333333,0.26523297491039427,0.4014336917562724,279,279,0.8055962830461482,1.0
2024-05-24,0.017886744848298792,0.3446601941747573,0.3446601941747573,0.3106796116504854,206,206,0.8277508872515947,1.0
2024-05-28,0.21016850002691714,0.4227129337539432,0.19242902208201892,0.38485804416403785,317,317,0.8241868006882231,1.0
2024-05-29,0.09095887083094567,0.375,0.2962962962962963,0.3287037037037037,216,216,0.8337847899507593,1.0
2024-05-30,0.03781856943091208,0.32,0.28363636363636363,0.39636363636363636,275,275,0.8265712028199976,1.0
2024-05-31,0.06736430220735201,0.40234375,0.31640625,0.28125,256,256,0.8202043568016961,1.0
2024-06-03,0.09415690922291903,0.33532934131736525,0.26047904191616766,0.38622754491017963,334,328,0.8386772077803205,0.9820359281437125
2024-06-04,6.709830713983794e-05,0.33620689655172414,0.3448275862068966,0.3103448275862069,232,230,0.8185689403958942,0.9913793103448276
2024-06-05,0.08979475625040037,0.34074074074074073,0.27037037037037037,0.3814814814814815,270,268,0.8018059200092927,0.9925925925925926
2024-06-06,0.10310801346151327,0.3225806451612903,0.25483870967741934,0.4161290322580645,310,308,0.7836605632653484,0.9935483870967742
2024-06-07,-0.007206797969826888,0.35267857142857145,0.35714285714285715,0.29017857142857145,224,224,0.8033602404009018,1.0
2024-06-10,0.04500737946954765,0.375,0.31985294117647056,0.3014705882352941,272,271,0.8353456530403827,0.9963235294117647
2024-06-11,0.12678668813239183,0.391705069124424,0.25806451612903225,0.35023041474654376,217,217,0.7964608387738329,1.0
2024-06-12,0.029165031357553765,0.2902208201892745,0.2744479495268139,0.4353312302839117,317,317,0.7960430711789838,1.0
2024-06-13,0.09214832246703862,0.31140350877192985,0.2543859649122807,0.4342105263157895,228,228,0.8181734401405903,1.0
2024-06-14,-0.046216405701053176,0.23780487804878048,0.32926829268292684,0.42073170731707316,164,162,0.825137882872864,0.9878048780487805
2024-06-17,0.18355223260566658,0.4473684210526316,0.21929824561403508,0.3333333333333333,228,228,0.826540629983994,1.0
2024-06-18,0.15930337801892094,0.4362934362934363,0.2548262548262548,0.3088803088803089,259,259,0.8393939573562283,1.0
2024-06-20,0.12014164041407195,0.35560344827586204,0.23706896551724138,0.39655172413793105,464,459,0.7962875097405677,0.9892241379310345
2024-06-21,0.11153359843223397,0.3465346534653465,0.22772277227722773,0.4207920792079208,202,201,0.8396243128313947,0.995049504950495
2024-06-24,0.24415709015809828,0.5288888888888889,0.24888888888888888,0.2222222222222222,225,225,0.8419268279605442,1.0
2024-06-25,0.044221141729359474,0.32170542635658916,0.29457364341085274,0.38372093023255816,258,258,0.8098066624744918,1.0
2024-06-26,0.019278481732702475,0.32075471698113206,0.30943396226415093,0.36981132075471695,265,265,0.7854799125554427,1.0
2024-06-27,0.28885282540770046,0.4721189591078067,0.16728624535315986,0.36059479553903345,269,269,0.8155177798412989,1.0
2024-06-28,0.18006358461933264,0.44223107569721115,0.22709163346613545,0.32270916334661354,251,249,0.8259367083449919,0.9920318725099602
2024-07-01,0.09921908081159928,0.3625,0.25833333333333336,0.37916666666666665,240,240,0.8387845065444708,1.0
2024-07-02,0.1444822913538577,0.4,0.25116279069767444,0.3395348837209302,215,213,0.813536308181118,0.9906976744186047
2024-07-03,-0.005441802310878815,0.3212996389891697,0.3104693140794224,0.36462093862815886,277,276,0.8217469360949337,0.9963898916967509
2024-07-05,0.017147486670295788,0.3523809523809524,0.3396825396825397,0.27936507936507937,315,306,0.8244438053540935,0.9714285714285714
2024-07-08,0.034698167113655524,0.38341968911917096,0.31088082901554404,0.29533678756476683,193,191,0.8473419628218206,0.9896373056994818
2024-07-09,0.018361746474581116,0.2692307692307692,0.2692307692307692,0.46153846153846156,208,208,0.8366114982905296,1.0
2024-07-10,0.0033158986981619417,0.2753623188405797,0.29347826086956524,0.427536231884058,276,275,0.804264610897411,0.9963768115942029
2024-07-11,0.05099047301337122,0.35507246376811596,0.3079710144927536,0.33695652173913043,276,276,0.8044514643109363,1.0
2024-07-12,0.015071964199240841,0.3756906077348066,0.3259668508287293,0.292817679558011,181,180,0.8076241372360123,0.994475138121547
2024-07-15,-0.0008210643344292717,0.32142857142857145,0.32589285714285715,0.35267857142857145,224,224,0.8153141119650432,1.0
2024-07-16,0.058280389118647455,0.375,0.3125,0.30859375,256,255,0.8194590098717633,0.99609375
2024-07-17,0.11892563833423671,0.3602941176470588,0.23161764705882354,0.40808823529411764,272,272,0.8118035433923497,1.0
2024-07-18,0.1044341181096611,0.3519163763066202,0.24390243902439024,0.40418118466898956,287,287,0.8176097959176173,1.0
2024-07-19,-0.14203979895929947,0.21084337349397592,0.37349397590361444,0.40963855421686746,166,165,0.8402690943443414,0.9939759036144579
2024-07-22,0.046240764061950115,0.38288288288288286,0.34234234234234234,0.26126126126126126,222,219,0.8301075168940575,0.9864864864864865
2024-07-23,0.0032816080470533613,0.36538461538461536,0.3557692307692308,0.27884615384615385,208,208,0.8226331449471987,1.0
2024-07-24,-0.023195740235327136,0.3013698630136986,0.3047945205479452,0.386986301369863,292,290,0.8322227857236204,0.9931506849315068
2024-07-25,-0.0345609394548983,0.301255230125523,0.36401673640167365,0.33472803347280333,239,239,0.8368525982651251,1.0
2024-07-26,0.0918781421377614,0.3829787234042553,0.30851063829787234,0.2978723404255319,188,186,0.8358756375889624,0.9893617021276596
2024-07-29,0.0508962060603035,0.354978354978355,0.31601731601731603,0.329004329004329,231,231,0.8480751244794755,1.0
2024-07-30,0.02638308294657807,0.29692832764505117,0.2935153583617747,0.40955631399317405,293,293,0.8153290064058206,1.0
2024-07-31,-0.029700374818062997,0.30930930930930933,0.34534534534534533,0.34534534534534533,333,333,0.7775650953387355,1.0
2024-08-01,0.05235037920938339,0.37383177570093457,0.3146417445482866,0.308411214953271,321,320,0.8197211637161672,0.9968847352024922
2024-08-02,-0.08352863670090122,0.2682926829268293,0.3861788617886179,0.33739837398373984,246,244,0.8254388055351914,0.991869918699187
2024-08-05,-0.12895210923152367,0.277992277992278,0.4092664092664093,0.3127413127413127,259,259,0.8398169645011195,1.0
2024-08-06,0.07975577212066627,0.3215686274509804,0.23921568627450981,0.4392156862745098,255,255,0.8243395796009139,1.0
2024-08-07,0.06439985870278327,0.33183856502242154,0.2645739910313901,0.39461883408071746,223,221,0.8053143265829906,0.9910313901345291
2024-08-08,0.19740748547119744,0.4177215189873418,0.21518987341772153,0.3670886075949367,237,237,0.8175126197217386,1.0
2024-08-09,0.0867398286899931,0.35294117647058826,0.3257918552036199,0.3212669683257919,221,221,0.790347659075422,1.0
2024-08-12,0.17519020225298554,0.448559670781893,0.23868312757201646,0.30864197530864196,243,242,0.8246270415704112,0.9958847736625515
2024-08-13,-0.00942396596830307,0.3021276595744681,0.3404255319148936,0.35319148936170214,235,234,0.8233580084947439,0.9957446808510638
2024-08-14,0.02501014293288694,0.2951388888888889,0.28125,0.4166666666666667,288,286,0.7863970192579123,0.9930555555555556
2024-08-15,0.09056800081291133,0.34317343173431736,0.25830258302583026,0.3948339483394834,271,270,0.7932586593760385,0.996309963099631
2024-08-16,0.12736656466528537,0.38421052631578945,0.24210526315789474,0.3684210526315789,190,189,0.8324447843448195,0.9947368421052631
2024-08-19,0.15674435984369162,0.4351851851851852,0.2361111111111111,0.3287037037037037,216,216,0.8448741131082729,1.0
2024-08-20,0.09364475123915701,0.36298932384341637,0.24199288256227758,0.39501779359430605,281,281,0.8173446552397093,1.0
2024-08-21,-0.1301942923594932,0.22813688212927757,0.3650190114068441,0.4068441064638783,263,263,0.8066283328451584,1.0
2024-08-22,0.09792169161215654,0.3384615384615385,0.25846153846153846,0.4,325,324,0.7966313351083685,0.9969230769230769
2024-08-23,-0.02625734185110468,0.30386740331491713,0.35359116022099446,0.3425414364640884,181,181,0.8070797582686935,1.0
2024-08-26,0.07395265049862898,0.3172690763052209,0.24497991967871485,0.42971887550200805,249,247,0.8255464095577054,0.9919678714859438
2024-08-27,0.1382320207080136,0.3424657534246575,0.2191780821917808,0.4383561643835616,219,219,0.8068042031434028,1.0
2024-08-28,0.11168437369225787,0.35019455252918286,0.2178988326848249,0.43190661478599224,257,257,0.824541647146648,1.0
2024-08-29,0.11574520729482174,0.33568904593639576,0.24028268551236748,0.42402826855123676,283,283,0.7775183223161596,1.0
2024-08-30,-0.01989469408698671,0.2727272727272727,0.30303030303030304,0.42424242424242425,231,231,0.7907285925113794,1.0
2024-09-03,0.008277862637358554,0.29107981220657275,0.32629107981220656,0.38028169014084506,426,425,0.8137331802704755,0.9976525821596244
2024-09-04,-0.014858088935060168,0.2468354430379747,0.27531645569620256,0.47468354430379744,316,315,0.8115988043565598,0.9968354430379747
2024-09-05,0.0363985101897686,0.2929936305732484,0.267515923566879,0.43630573248407645,314,313,0.8003498646207511,0.9968152866242038
2024-09-06,-0.11172041833725337,0.2863070539419087,0.4107883817427386,0.3029045643153527,241,241,0.8165937472923168,1.0
2024-09-09,0.23003158315094477,0.4315068493150685,0.17465753424657535,0.3904109589041096,292,291,0.8170535618701751,0.9965753424657534
2024-09-10,0.07047251652864575,0.41025641025641024,0.32967032967032966,0.2564102564102564,273,272,0.8180401003097787,0.9963369963369964
2024-09-11,-0.005744004238410831,0.30223880597014924,0.3283582089552239,0.3656716417910448,268,267,0.7747236764832829,0.996268656716418
2024-09-12,0.1310855270658998,0.4013605442176871,0.25510204081632654,0.3401360544217687,294,293,0.8032102923547856,0.9965986394557823
2024-09-13,0.11483276621191307,0.42035398230088494,0.26991150442477874,0.30973451327433627,226,226,0.8068075144449166,1.0
2024-09-16,0.20260132977881756,0.445993031358885,0.24738675958188153,0.30662020905923343,287,287,0.8363161074575232,1.0
2024-09-17,0.23336900132910712,0.44481605351170567,0.19732441471571907,0.35785953177257523,299,299,0.7992198010750837,1.0
2024-09-18,0.09688574300087684,0.37900874635568516,0.2653061224489796,0.35276967930029157,343,342,0.7862457330638205,0.9970845481049563
2024-09-19,0.08262297906456333,0.35082872928176795,0.26795580110497236,0.3674033149171271,362,357,0.7933350907487362,0.9861878453038674
2024-09-20,0.22517972113256227,0.44370860927152317,0.16887417218543047,0.38741721854304634,302,302,0.8140882909890043,1.0
2024-09-23,0.09741395843568547,0.391304347826087,0.2577639751552795,0.3416149068322981,322,319,0.8220813159471769,0.9906832298136646
2024-09-24,0.12705718175332503,0.4672131147540984,0.3114754098360656,0.22131147540983606,244,244,0.8140787297829253,1.0
2024-09-25,-0.034808825439430015,0.33962264150943394,0.3471698113207547,0.30566037735849055,265,263,0.8129298794632176,0.9924528301886792
2024-09-26,0.12291692310591808,0.4153846153846154,0.3,0.28076923076923077,260,259,0.8078012565388183,0.9961538461538462
2024-09-27,0.0464082269371891,0.37722419928825623,0.3202846975088968,0.29537366548042704,281,279,0.8123429623769602,0.9928825622775801
2024-09-30,0.0361585474335852,0.3553459119496855,0.3081761006289308,0.33647798742138363,318,318,0.80874805630378,1.0
2024-10-01,0.06663607632629691,0.33753943217665616,0.2586750788643533,0.4037854889589905,317,317,0.8096563513346651,1.0
2024-10-02,0.07785406911270425,0.35802469135802467,0.2839506172839506,0.35802469135802467,243,243,0.7839789103578638,1.0
2024-10-03,0.041039494964994545,0.29218106995884774,0.2839506172839506,0.41975308641975306,243,242,0.823095021538498,0.9958847736625515
2024-10-04,0.04481300933286548,0.3383084577114428,0.2885572139303483,0.3681592039800995,201,200,0.8103009708225727,0.9950248756218906
2024-10-07,0.09032726686240898,0.37037037037037035,0.30092592592592593,0.3287037037037037,216,216,0.7866964947294306,1.0
2024-10-08,-0.012610008015833576,0.2878787878787879,0.3143939393939394,0.3977272727272727,264,264,0.7992493618618358,1.0
2024-10-09,0.06892445677939843,0.34558823529411764,0.23529411764705882,0.40808823529411764,272,269,0.795188935051177,0.9889705882352942
2024-10-10,0.22013050925188463,0.4088669950738916,0.2019704433497537,0.3891625615763547,203,203,0.7819417439070828,1.0
2024-10-11,0.008944201944886068,0.33771929824561403,0.37719298245614036,0.2850877192982456,228,228,0.8048710523728739,1.0
2024-10-14,0.058317175109500755,0.38636363636363635,0.32727272727272727,0.2818181818181818,220,219,0.8187691552998269,0.9954545454545455
2024-10-15,0.018504642873533626,0.36610169491525424,0.34915254237288135,0.28135593220338984,295,294,0.8034613150723127,0.9966101694915255
2024-10-16,0.0925426322917797,0.39649122807017545,0.3017543859649123,0.3017543859649123,285,285,0.8154458510248285,1.0
2024-10-17,0.08570623440247925,0.39762611275964393,0.2789317507418398,0.32344213649851633,337,337,0.7982471557859143,1.0
2024-10-18,0.08047317668329923,0.4,0.31,0.29,200,200,0.8278566424548626,1.0
2024-10-21,0.3123947724022649,0.5098814229249012,0.19367588932806323,0.2964426877470356,253,253,0.8268081857988485,1.0
2024-10-22,0.28886730222854695,0.5133928571428571,0.16964285714285715,0.3169642857142857,224,224,0.8187913574012262,1.0
2024-10-23,0.02957806429390162,0.3612167300380228,0.33460076045627374,0.3041825095057034,263,263,0.8022708437288669,1.0
2024-10-24,-0.02032053233306603,0.2765957446808511,0.2765957446808511,0.4432624113475177,282,281,0.8120916255640389,0.9964539007092199
2024-10-25,0.24826418499045153,0.5,0.203125,0.296875,192,192,0.8334073438309133,1.0
2024-10-28,-0.10426293257877578,0.28793774319066145,0.4085603112840467,0.3035019455252918,257,257,0.8400166599435102,1.0
2024-10-29,0.13405128773610991,0.4107883817427386,0.2863070539419087,0.3029045643153527,241,241,0.7985483765354789,1.0
2024-10-30,0.021300409827942405,0.31736526946107785,0.3083832335329341,0.36826347305389223,334,332,0.79007209038519,0.9940119760479041
2024-10-31,0.10825887553316231,0.4270833333333333,0.3159722222222222,0.2569444444444444,288,288,0.7992205961296955,1.0
2024-11-01,-0.005020448447734383,0.31718061674008813,0.3303964757709251,0.3524229074889868,227,227,0.8218014815305298,1.0
2024-11-04,0.09358665798936272,0.3643410852713178,0.2751937984496124,0.35271317829457366,258,256,0.8228350027929991,0.9922480620155039
2024-11-05,0.05378108431306696,0.3161512027491409,0.2611683848797251,0.422680412371134,291,291,0.8001487364678858,1.0
2024-11-06,0.11312383428154575,0.3835616438356164,0.2273972602739726,0.3863013698630137,365,364,0.8108194723397821,0.9972602739726028
2024-11-07,0.06223608573094966,0.30484330484330485,0.28774928774928776,0.38461538461538464,351,343,0.7810174278893207,0.9772079772079773
2024-11-08,0.08041298205806117,0.3953488372093023,0.3023255813953488,0.28837209302325584,215,212,0.8277893683539247,0.986046511627907
2024-11-11,0.059636694627002836,0.3453815261044177,0.27309236947791166,0.37751004016064255,249,248,0.8264788474527097,0.9959839357429718
2024-11-12,0.037991604861862795,0.3485915492957746,0.29225352112676056,0.352112676056338,284,282,0.843352920725836,0.9929577464788732
2024-11-13,0.17673635330956272,0.375,0.1875,0.4236111111111111,288,284,0.8377939235996192,0.9861111111111112
2024-11-14,0.1004797724393628,0.3519163763066202,0.2508710801393728,0.397212543554007,287,287,0.8155868521758488,1.0
2024-11-15,0.04544902613114738,0.3250883392226148,0.29328621908127206,0.3745583038869258,283,281,0.8170278424470026,0.9929328621908127
2024-11-18,0.2372606739162519,0.4844290657439446,0.22837370242214533,0.2837370242214533,289,288,0.8300465790347921,0.9965397923875432
2024-11-19,0.2038528535492512,0.40893470790378006,0.18213058419243985,0.4020618556701031,291,289,0.8190458845927229,0.993127147766323
2024-11-20,0.1319136586124924,0.3776978417266187,0.2302158273381295,0.381294964028777,278,275,0.7992417399449782,0.9892086330935251
2024-11-21,0.16802823531444752,0.37906137184115524,0.21299638989169675,0.40794223826714804,277,277,0.7982017465662009,1.0
2024-11-22,0.12724423931654671,0.3586206896551724,0.21724137931034482,0.4241379310344828,290,290,0.8338608477650018,1.0
2024-11-25,-0.023061684175627314,0.32083333333333336,0.35,0.32916666666666666,240,240,0.838767911742131,1.0
2024-11-26,0.06208248540071081,0.33783783783783783,0.25675675675675674,0.40540540540540543,222,222,0.8215375663460912,1.0
2024-11-27,0.03179169022341203,0.32967032967032966,0.2893772893772894,0.3772893772893773,273,272,0.8161869250676211,0.9963369963369964
2024-11-29,0.0017979860497456702,0.3228346456692913,0.33070866141732286,0.34120734908136485,381,379,0.7949729362075121,0.994750656167979
2024-12-02,0.07185207986847242,0.3402777777777778,0.2847222222222222,0.3715277777777778,288,287,0.8170907833850343,0.9965277777777778
2024-12-03,0.21464381085692033,0.4266666666666667,0.17777777777777778,0.38666666666666666,225,223,0.8103606727625757,0.9911111111111112
2024-12-04,0.0309430458027412,0.30344827586206896,0.2793103448275862,0.4,290,285,0.8168508173080913,0.9827586206896551
2024-12-05,0.09758873904200151,0.3333333333333333,0.24853801169590642,0.41812865497076024,342,342,0.8095549588140688,1.0
2024-12-06,-0.07780246372613323,0.2751937984496124,0.3682170542635659,0.34108527131782945,258,254,0.7929608670510645,0.9844961240310077
2024-12-09,0.27850762846182797,0.4965034965034965,0.17482517482517482,0.32867132867132864,286,286,0.8077392013339729,1.0
2024-12-10,0.11748534473308836,0.36395759717314485,0.254416961130742,0.3745583038869258,283,281,0.7958595265909446,0.9929328621908127
2024-12-11,0.11956339877926642,0.35424354243542433,0.2177121771217712,0.42435424354243545,271,270,0.8234991116656197,0.996309963099631
2024-12-12,0.06582359105009924,0.3418181818181818,0.2872727272727273,0.3709090909090909,275,275,0.7915944976156408,1.0
2024-12-13,0.1297234558585015,0.3705357142857143,0.25892857142857145,0.35267857142857145,224,220,0.815666897865859,0.9821428571428571
2024-12-16,0.08486821875745847,0.3726027397260274,0.26575342465753427,0.3561643835616438,365,363,0.8190711478063882,0.9945205479452055
2024-12-17,0.007035601874097027,0.3169230769230769,0.3230769230769231,0.36,325,325,0.8081707435387832,1.0
2024-12-18,0.057365948577960395,0.32673267326732675,0.2739273927392739,0.39603960396039606,303,302,0.7824106258864434,0.9966996699669967
2024-12-19,0.04115516015847858,0.30124223602484473,0.30124223602484473,0.36645962732919257,322,312,0.8081238474219273,0.968944099378882
2024-12-20,-0.02390648624384586,0.32113821138211385,0.34959349593495936,0.3252032520325203,246,245,0.8195190895576866,0.9959349593495935
2024-12-23,0.059626153083192,0.38132295719844356,0.311284046692607,0.30739299610894943,257,257,0.8208424784098154,1.0
2024-12-24,0.07184423191853573,0.30656934306569344,0.27007299270072993,0.4233576642335766,137,137,0.8221289350168548,1.0
2024-12-26,8.877883374225175e-05,0.3515625,0.3515625,0.296875,128,128,0.8594204592518508,1.0
2024-12-27,-0.02366007345169783,0.32,0.336,0.344,125,125,0.814258951663971,1.0
2024-12-30,0.11257965410909344,0.4140127388535032,0.33121019108280253,0.24203821656050956,157,155,0.8070805795731083,0.9872611464968153
2024-12-31,0.07375527224412151,0.37254901960784315,0.23529411764705882,0.39215686274509803,102,102,0.7952647743856206,1.0
2025-01-02,0.010858071851012509,0.3242009132420091,0.3150684931506849,0.3607305936073059,219,219,0.8075062982295746,1.0
2025-01-03,-0.07156257452173294,0.2753623188405797,0.34782608695652173,0.37681159420289856,138,138,0.8479119759538899,1.0
2025-01-06,0.02435812399108195,0.2697095435684647,0.22406639004149378,0.5062240663900415,241,241,0.8368590210730604,1.0
2025-01-07,0.08872788623474796,0.3438485804416404,0.25236593059936907,0.4037854889589905,317,317,0.811767909617078,1.0
2025-01-08,0.01909361620494202,0.32388663967611336,0.30364372469635625,0.3684210526315789,247,246,0.8006623845274855,0.9959514170040485
2025-01-10,0.07401357501733181,0.37124463519313305,0.296137339055794,0.3283261802575107,466,464,0.801337893153059,0.9957081545064378
2025-01-13,0.14905569750040132,0.43023255813953487,0.2364341085271318,0.32945736434108525,258,257,0.8054091826023295,0.9961240310077519
2025-01-14,0.13867372848520365,0.4125,0.25833333333333336,0.32916666666666666,240,240,0.8083703031142553,1.0
2025-01-15,0.05670733486699194,0.3829787234042553,0.31382978723404253,0.29521276595744683,376,373,0.8096215636257192,0.9920212765957447
2025-01-16,0.0012454191545167705,0.31141868512110726,0.3079584775086505,0.370242214532872,289,286,0.8126305761662397,0.9896193771626297
2025-01-17,-0.08795422404733445,0.2798507462686567,0.41044776119402987,0.30970149253731344,268,268,0.8159129353823946,1.0
2025-01-21,0.04859088116161087,0.35764705882352943,0.30823529411764705,0.3341176470588235,425,425,0.8279655592581805,1.0
2025-01-22,0.13292699000678546,0.3165137614678899,0.19724770642201836,0.48623853211009177,218,218,0.823282851401819,1.0
2025-01-23,0.11402167637203903,0.36395759717314485,0.2508833922261484,0.38515901060070673,283,283,0.8109593067068093,1.0
2025-01-24,0.04852250027761329,0.31640625,0.2421875,0.44140625,256,256,0.8309773365035653,1.0
2025-01-27,0.09586183643808827,0.39849624060150374,0.3082706766917293,0.2932330827067669,266,266,0.8297235358478432,1.0
2025-01-28,0.27068561480418607,0.4897959183673469,0.15816326530612246,0.3520408163265306,196,196,0.7928658471423753,1.0
2025-01-29,-0.07257839034423512,0.21804511278195488,0.3157894736842105,0.46616541353383456,266,266,0.7986880316770166,1.0
2025-01-30,-0.039559056226454385,0.2694805194805195,0.36038961038961037,0.37012987012987014,308,308,0.7987351319813109,1.0
2025-01-31,-0.06702260300130641,0.3112033195020747,0.4024896265560166,0.2863070539419087,241,241,0.8351197655764853,1.0
2025-02-03,0.007399630622419808,0.3402061855670103,0.3161512027491409,0.3436426116838488,291,291,0.8141154506567008,1.0
2025-02-04,0.08431946531589035,0.37037037037037035,0.23703703703703705,0.3888888888888889,270,269,0.8135477721026396,0.9962962962962963
2025-02-05,-0.017544977376483327,0.2697947214076246,0.2873900293255132,0.44281524926686217,341,341,0.8211852857444293,1.0
2025-02-06,-0.008321249139514738,0.2664359861591695,0.31833910034602075,0.40484429065743943,289,286,0.8048810324260405,0.9896193771626297
2025-02-07,-0.0488727754195554,0.2818181818181818,0.33181818181818185,0.37727272727272726,220,218,0.8063784951190336,0.990909090909091
2025-02-10,0.11379868573938294,0.3719806763285024,0.23671497584541062,0.37681159420289856,207,204,0.800742677321621,0.9855072463768116
2025-02-11,0.1457396774779914,0.3902439024390244,0.2097560975609756,0.4,205,205,0.798611033689685,1.0
2025-02-12,0.031193156541691833,0.3170731707317073,0.289198606271777,0.39372822299651566,287,287,0.821089088605256,1.0
2025-02-13,-0.04578844635038678,0.24705882352941178,0.33725490196078434,0.4,255,251,0.8245702598436895,0.984313725490196
2025-02-14,0.1355289106163232,0.38461538461538464,0.2403846153846154,0.375,208,208,0.7970408610999584,1.0
2025-02-18,0.1758456746307009,0.42887931034482757,0.21982758620689655,0.34051724137931033,464,459,0.8089268277023872,0.9892241379310345
2025-02-19,0.06882696601963947,0.3366013071895425,0.24836601307189543,0.4150326797385621,306,306,0.8212820111341725,1.0
2025-02-20,0.07996993704602635,0.2946708463949843,0.23824451410658307,0.4670846394984326,319,319,0.8187065458036141,1.0
2025-02-21,-0.025055108511687886,0.22676579925650558,0.2527881040892193,0.5130111524163569,269,267,0.8424994121776538,0.9925650557620818
2025-02-24,0.11786729538974866,0.35918367346938773,0.24081632653061225,0.3877551020408163,245,242,0.8012200873499075,0.9877551020408163
2025-02-25,0.1181125978563702,0.4064516129032258,0.25483870967741934,0.3387096774193548,310,310,0.8268193837135068,1.0
2025-02-26,0.08673086017370224,0.3360323886639676,0.2550607287449393,0.4089068825910931,247,247,0.8284218000014302,1.0
2025-02-27,0.160823839314936,0.4122137404580153,0.2366412213740458,0.3511450381679389,262,262,0.8082176732425471,1.0
2025-02-28,0.04180637046667262,0.3837638376383764,0.33210332103321033,0.28413284132841327,271,271,0.8210062140468302,1.0
2025-03-03,0.027890366121110587,0.3166144200626959,0.2884012539184953,0.3949843260188088,319,319,0.8185415881741384,1.0
2025-03-04,0.04061708275056613,0.3016393442622951,0.28852459016393445,0.40327868852459015,305,303,0.8129638014453473,0.9934426229508196
2025-03-05,0.06326123798905806,0.2696969696969697,0.19696969696969696,0.5303030303030303,330,329,0.8256668006395497,0.996969696969697
2025-03-06,0.07506318051411315,0.36046511627906974,0.25290697674418605,0.3866279069767442,344,344,0.7999121824842553,1.0
2025-03-07,-0.019510936962426402,0.31679389312977096,0.366412213740458,0.31679389312977096,262,262,0.8032486253339826,1.0
2025-03-10,0.020376535672233718,0.34507042253521125,0.33098591549295775,0.3204225352112676,284,283,0.8310191801917005,0.9964788732394366
2025-03-11,0.18188000045707808,0.4218009478672986,0.22274881516587677,0.3412322274881517,211,208,0.7936889053537295,0.985781990521327
2025-03-12,0.056929041249860146,0.3333333333333333,0.2549019607843137,0.4117647058823529,255,255,0.8100461945814245,1.0
2025-03-13,0.019637687406087713,0.2634146341463415,0.2926829268292683,0.4292682926829268,205,202,0.8291375308048607,0.9853658536585366
2025-03-14,-0.09685211939670678,0.23809523809523808,0.3273809523809524,0.43452380952380953,168,168,0.8106748843122096,1.0
2025-03-17,0.13167619532920394,0.4031746031746032,0.26031746031746034,0.33015873015873015,315,313,0.8225271017216265,0.9936507936507937
2025-03-18,0.09671143783069454,0.36231884057971014,0.2717391304347826,0.34057971014492755,276,269,0.8241994664571543,0.9746376811594203
2025-03-19,0.029599231738008224,0.2977941176470588,0.2647058823529412,0.4375,272,272,0.7937572434106294,1.0
2025-03-20,0.11477978011568221,0.3779264214046823,0.24414715719063546,0.3745819397993311,299,298,0.7887969474064424,0.9966555183946488
2025-03-21,-0.012033142049663834,0.3392857142857143,0.3392857142857143,0.32142857142857145,168,168,0.8091843967281637,1.0
2025-03-24,0.16783127666441908,0.36585365853658536,0.13658536585365855,0.4926829268292683,205,204,0.8136083071722704,0.9951219512195122
2025-03-25,0.1134110202525403,0.397196261682243,0.2570093457943925,0.34579439252336447,214,214,0.8317915425400868,1.0
2025-03-26,0.11134202033679327,0.4230769230769231,0.26495726495726496,0.31196581196581197,234,234,0.7877316499113017,1.0
2025-03-27,0.19214676971849357,0.47297297297297297,0.23873873873873874,0.2882882882882883,222,222,0.8044534002069954,1.0
2025-03-28,0.08123967263170263,0.3684210526315789,0.27530364372469635,0.3360323886639676,247,242,0.7946099210376582,0.979757085020243
2025-03-31,0.15969428733678862,0.4551971326164875,0.24731182795698925,0.2974910394265233,279,279,0.7899778479957239,1.0
2025-04-01,-0.004166307145348504,0.3088803088803089,0.33204633204633205,0.3590733590733591,259,259,0.8247166630384084,1.0
2025-04-02,0.13124259143249203,0.3333333333333333,0.23555555555555555,0.4222222222222222,225,223,0.8014069216935624,0.9911111111111112
2025-04-03,-0.057291844916475786,0.3013698630136986,0.3780821917808219,0.3095890410958904,365,361,0.8229211297226745,0.989041095890411
2025-04-04,-0.2799613334612585,0.17073170731707318,0.5040650406504065,0.3170731707317073,246,244,0.8187508920177085,0.991869918699187
2025-04-07,-0.07803224602338454,0.3474576271186441,0.4279661016949153,0.211864406779661,236,233,0.8260346042240126,0.9872881355932204
2025-04-08,0.14627197589207852,0.39908256880733944,0.24311926605504589,0.3486238532110092,218,216,0.8242582615326952,0.9908256880733946
2025-04-09,0.050359792271328536,0.3769968051118211,0.33865814696485624,0.2747603833865815,313,310,0.794170319457208,0.9904153354632588
2025-04-10,0.13780427137281903,0.375,0.2689393939393939,0.3371212121212121,264,259,0.7834245215051423,0.9810606060606061
2025-04-11,-0.011938675342396182,0.3273542600896861,0.37668161434977576,0.2914798206278027,223,222,0.8084073917822795,0.9955156950672646
2025-04-14,0.13395536945570471,0.48314606741573035,0.3333333333333333,0.1760299625468165,267,265,0.8394477302173399,0.9925093632958801
2025-04-15,0.13321640307980556,0.40145985401459855,0.25547445255474455,0.3284671532846715,274,270,0.813145414546684,0.9854014598540146
2025-04-16,0.11475214383242392,0.3782051282051282,0.2532051282051282,0.358974358974359,312,309,0.79914777284687,0.9903846153846154
2025-04-17,0.08134815699806244,0.3843537414965986,0.29591836734693877,0.30612244897959184,294,290,0.8100071980007764,0.9863945578231292
2025-04-21,0.11829404380072016,0.4149377593360996,0.2987551867219917,0.2863070539419087,241,241,0.8258934514403837,1.0
2025-04-22,0.12003074528698898,0.42290748898678415,0.28193832599118945,0.2907488986784141,227,226,0.8024513275749916,0.9955947136563876
2025-04-23,-0.029374333626155043,0.26104417670682734,0.2931726907630522,0.44176706827309237,249,248,0.828268694781488,0.9959839357429718
2025-04-24,0.05688336230225478,0.3435114503816794,0.2862595419847328,0.33587786259541985,262,253,0.7941516742640333,0.9656488549618321
2025-04-25,0.06960920046686249,0.38823529411764707,0.3,0.31176470588235294,170,170,0.815933520303053,1.0
2025-04-28,0.11632388018376189,0.4075471698113208,0.2830188679245283,0.3018867924528302,265,263,0.8051579468830456,0.9924528301886792
2025-04-29,0.018445611037578764,0.32075471698113206,0.3113207547169811,0.3632075471698113,212,211,0.8398896259436676,0.9952830188679245
2025-04-30,-0.04521743898675235,0.3072463768115942,0.39420289855072466,0.2956521739130435,345,344,0.8046013511024243,0.9971014492753624
2025-05-01,0.1100790368579328,0.39901477832512317,0.29064039408866993,0.2955665024630542,203,200,0.8056159590184688,0.9852216748768473
2025-05-02,-0.09040540977342365,0.27385892116182575,0.3983402489626556,0.3236514522821577,241,240,0.8167493822673957,0.995850622406639
2025-05-05,-0.13115296845561733,0.28627450980392155,0.41568627450980394,0.2980392156862745,255,255,0.8346913683648203,1.0
2025-05-06,0.0018985128226054245,0.2992125984251969,0.2952755905511811,0.39763779527559057,254,252,0.8282819036690016,0.9921259842519685
2025-05-07,0.04727625999865786,0.3007518796992481,0.23684210526315788,0.462406015037594,266,266,0.7936228612311801,1.0
2025-05-08,0.13824452257870387,0.38943894389438943,0.22772277227722773,0.37293729372937295,303,300,0.7949167785048484,0.9900990099009901
2025-05-09,0.19059065842010045,0.45320197044334976,0.2561576354679803,0.29064039408866993,203,203,0.798626477201584,1.0
2025-05-12,0.20979353736786704,0.4452296819787986,0.21908127208480566,0.3250883392226148,283,280,0.7980212873646191,0.9893992932862191
2025-05-13,0.2330461379200587,0.4323308270676692,0.19924812030075187,0.3609022556390977,266,264,0.8009746852471973,0.9924812030075187
2025-05-14,0.019081574914733244,0.28703703703703703,0.2916666666666667,0.41203703703703703,216,214,0.8035587882884195,0.9907407407407407
2025-05-15,0.017650738569190257,0.31475409836065577,0.3016393442622951,0.3836065573770492,305,305,0.809649105052479,1.0
2025-05-16,0.08938964939891146,0.35294117647058826,0.24434389140271492,0.40271493212669685,221,221,0.8058924722186042,1.0
2025-05-19,0.013433297504921865,0.363905325443787,0.35502958579881655,0.2692307692307692,338,334,0.8262056236317058,0.9881656804733728
2025-05-20,0.11265144396190331,0.3878504672897196,0.2757009345794392,0.3364485981308411,214,214,0.8190200774469109,1.0
2025-05-21,0.034467162254546185,0.33962264150943394,0.2641509433962264,0.3886792452830189,265,263,0.7967155223336964,0.9924528301886792
2025-05-22,0.0042962834031069225,0.33647798742138363,0.3270440251572327,0.33647798742138363,318,318,0.8041942354830556,1.0
2025-05-23,0.12067279322424306,0.3886792452830189,0.2792452830188679,0.3320754716981132,265,265,0.8247980468678024,1.0
2025-05-27,0.22359344832822123,0.4900497512437811,0.20149253731343283,0.30597014925373134,402,401,0.8300258091411685,0.9975124378109452
2025-05-28,0.07481581901025725,0.35968379446640314,0.2490118577075099,0.383399209486166,253,251,0.8107932080548123,0.9920948616600791
2025-05-29,-0.06183954143996611,0.28735632183908044,0.3831417624521073,0.32950191570881227,261,261,0.8117982034939002,1.0
2025-05-30,0.04704264420113374,0.39035087719298245,0.33771929824561403,0.2675438596491228,228,227,0.808600567379712,0.9956140350877193
2025-06-02,0.08805763027765504,0.3440514469453376,0.2829581993569132,0.3729903536977492,311,311,0.79475203903925,1.0
2025-06-03,0.06612876811663487,0.3568904593639576,0.31448763250883394,0.31802120141342755,283,280,0.8246196141200406,0.9893992932862191
2025-06-04,0.040646516562172906,0.3382352941176471,0.2757352941176471,0.375,272,269,0.8264704152775519,0.9889705882352942
2025-06-05,0.14322262768675187,0.3824451410658307,0.22884012539184953,0.3730407523510972,319,314,0.8080410230311619,0.9843260188087775
2025-06-06,0.16244675147130952,0.4827586206896552,0.23706896551724138,0.24568965517241378,232,224,0.781488093547523,0.9655172413793104
2025-06-09,0.1302045625427112,0.4497991967871486,0.27309236947791166,0.26907630522088355,249,247,0.8291045123266305,0.9919678714859438
2025-06-10,-0.013996761851763777,0.3064516129032258,0.3387096774193548,0.3548387096774194,248,248,0.8294582577242006,1.0
2025-06-11,0.2342889631167054,0.4641509433962264,0.1811320754716981,0.35471698113207545,265,265,0.8064292212702193,1.0
2025-06-12,-0.008810111761862499,0.3475177304964539,0.34397163120567376,0.2872340425531915,282,276,0.8186447527529537,0.9787234042553191
2025-06-13,-0.07151480648067914,0.3079584775086505,0.39100346020761245,0.2698961937716263,289,280,0.8056947299412318,0.9688581314878892
2025-06-16,-0.042383146994689015,0.3653250773993808,0.3931888544891641,0.23219814241486067,323,320,0.8108013370074332,0.9907120743034056
2025-06-17,0.0146222776123162,0.35374149659863946,0.3469387755102041,0.2857142857142857,294,290,0.8051825365115857,0.9863945578231292
2025-06-18,0.14564680129076596,0.37572254335260113,0.19653179190751446,0.41329479768786126,346,341,0.7795018938279921,0.9855491329479769
2025-06-20,-0.004038470939767906,0.371824480369515,0.3556581986143187,0.26096997690531176,433,428,0.8240342197295661,0.9884526558891455
2025-06-23,-0.020121529982859494,0.3385579937304075,0.31347962382445144,0.322884012539185,319,311,0.7957574877516633,0.9749216300940439
2025-06-24,-0.07415068148349235,0.26688102893890675,0.3633440514469453,0.3536977491961415,311,306,0.8216872466545478,0.9839228295819936
2025-06-25,0.14675541631377126,0.45491803278688525,0.24180327868852458,0.29508196721311475,244,242,0.8018220732034731,0.9918032786885246
2025-06-26,0.15068002199242492,0.4358974358974359,0.28205128205128205,0.2777777777777778,234,233,0.7952126538293044,0.9957264957264957
2025-06-27,0.08339197568706849,0.3574468085106383,0.25957446808510637,0.37872340425531914,235,234,0.8022831177864319,0.9957446808510638
2025-06-30,0.06525258268601485,0.34220532319391633,0.30038022813688214,0.3574144486692015,263,263,0.8068162019261842,1.0
2025-07-01,0.1644079222127662,0.46785714285714286,0.2642857142857143,0.26785714285714285,280,280,0.8137650797409671,1.0
2025-07-02,0.13810470207993472,0.4092664092664093,0.23938223938223938,0.35135135135135137,259,259,0.7826832599621482,1.0
2025-07-03,0.08442383667620174,0.3875968992248062,0.27906976744186046,0.3333333333333333,258,258,0.797178139520246,1.0
2025-07-07,0.030320574441779543,0.41233766233766234,0.36688311688311687,0.22077922077922077,308,308,0.7959903491201339,1.0
2025-07-08,0.17570842218349483,0.44206008583690987,0.22317596566523606,0.33476394849785407,233,233,0.8087491902159007,1.0
2025-07-09,0.06494046338916484,0.3870967741935484,0.3024193548387097,0.31048387096774194,248,248,0.8285401100593228,1.0
2025-07-10,0.1236750096876376,0.4088669950738916,0.22660098522167488,0.3645320197044335,203,203,0.7836940605652156,1.0
2025-07-11,0.06735735063512738,0.41025641025641024,0.3230769230769231,0.26666666666666666,195,195,0.8099537950295669,1.0
2025-07-14,0.0813471669720179,0.4262948207171315,0.3346613545816733,0.23107569721115537,251,249,0.8246001712529056,0.9920318725099602
2025-07-15,0.032315854971062076,0.39628482972136225,0.34365325077399383,0.25386996904024767,323,321,0.8138238389358342,0.9938080495356038
2025-07-16,0.05212865400264834,0.3519163763066202,0.2857142857142857,0.3588850174216028,287,286,0.8199845580579518,0.9965156794425087
2025-07-17,0.1809941722848044,0.4634146341463415,0.2264808362369338,0.30313588850174217,287,285,0.8038068750448394,0.9930313588850174
2025-07-18,0.15270455778227185,0.39106145251396646,0.20670391061452514,0.3854748603351955,179,176,0.812850151041692,0.9832402234636871
2025-07-21,0.18357080099924247,0.5023696682464455,0.2843601895734597,0.1943127962085308,211,207,0.7983730143107078,0.981042654028436
2025-07-22,0.04712819339506127,0.3675675675675676,0.32432432432432434,0.3081081081081081,185,185,0.806046750738814,1.0
2025-07-23,0.13844305832256995,0.4270833333333333,0.23958333333333334,0.3298611111111111,288,287,0.7939330396544227,0.9965277777777778
2025-07-24,0.006169451014842662,0.3017241379310345,0.2672413793103448,0.41954022988505746,348,344,0.8104411351472832,0.9885057471264368
2025-07-25,0.06801823709808322,0.42424242424242425,0.3246753246753247,0.23376623376623376,231,227,0.8504356308655592,0.9826839826839827
2025-07-28,0.27315322496134314,0.5088235294117647,0.18529411764705883,0.3029411764705882,340,339,0.8209215576669812,0.9970588235294118
2025-07-29,0.23752158750244146,0.4826254826254826,0.21235521235521235,0.305019305019305,259,259,0.7962249335635123,1.0
2025-07-30,0.016821617779413947,0.3487654320987654,0.31790123456790126,0.3333333333333333,324,324,0.7760254691044489,1.0
2025-07-31,0.07612037642515804,0.3784722222222222,0.2986111111111111,0.3125,288,285,0.8024487693058817,0.9895833333333334
2025-08-01,-0.09455061100370682,0.2862190812720848,0.4028268551236749,0.31095406360424027,283,283,0.8244199764391559,1.0
2025-08-04,-0.13038237576439168,0.27983539094650206,0.4279835390946502,0.2757201646090535,243,239,0.8200009104846412,0.9835390946502057
2025-08-05,0.09429864134027584,0.3212996389891697,0.23104693140794225,0.44765342960288806,277,277,0.8167088041451864,1.0
2025-08-06,0.07004904690867049,0.36693548387096775,0.28225806451612906,0.35080645161290325,248,248,0.7997046485543251,1.0
2025-08-07,0.032696965545691334,0.3415492957746479,0.30633802816901406,0.352112676056338,284,284,0.7954078911685608,1.0
2025-08-08,0.10131899641772495,0.4182692307692308,0.27403846153846156,0.2980769230769231,208,206,0.8259938621115916,0.9903846153846154
2025-08-11,0.13362181629938416,0.4579831932773109,0.27310924369747897,0.2647058823529412,238,237,0.8253703607788568,0.9957983193277311
2025-08-12,0.08139047640166719,0.37549407114624506,0.2608695652173913,0.33201581027667987,253,245,0.8157076310138314,0.9683794466403162
2025-08-13,0.10970056837714919,0.44983818770226536,0.26537216828478966,0.2815533980582524,309,308,0.7884835026093892,0.9967637540453075
2025-08-14,-0.00044775208671809754,0.32684824902723736,0.3151750972762646,0.3424124513618677,257,253,0.796384693841218,0.9844357976653697
2025-08-15,0.01575081011401564,0.34552845528455284,0.32926829268292684,0.3252032520325203,246,246,0.8108529408530492,1.0
2025-08-18,0.138851769009812,0.4489795918367347,0.2693877551020408,0.27346938775510204,245,243,0.8067676953572795,0.9918367346938776
2025-08-19,0.18065015272973026,0.4327731092436975,0.23949579831932774,0.3277310924369748,238,238,0.8058666050934992,1.0
2025-08-20,-0.032520887843902176,0.2921686746987952,0.33433734939759036,0.3644578313253012,332,329,0.8049239064241253,0.9909638554216867
2025-08-21,0.1565154463097758,0.3686131386861314,0.17883211678832117,0.4343065693430657,274,269,0.8069534711678232,0.9817518248175182
2025-08-22,0.053911660025691865,0.3383084577114428,0.2736318407960199,0.3781094527363184,201,199,0.779664749176658,0.9900497512437811
2025-08-25,0.15548574577831506,0.4163265306122449,0.23673469387755103,0.3306122448979592,245,241,0.8068535917774771,0.9836734693877551
2025-08-26,0.05714655723248687,0.37037037037037035,0.3055555555555556,0.3148148148148148,216,214,0.8298327297529328,0.9907407407407407
2025-08-27,0.22454268169880115,0.5,0.1981981981981982,0.2972972972972973,222,221,0.8096849775422212,0.9954954954954955
2025-08-28,0.14264240695515296,0.4090909090909091,0.22377622377622378,0.36713286713286714,286,286,0.7970393388629793,1.0
2025-08-29,-0.07792850607631809,0.26635514018691586,0.37850467289719625,0.3317757009345794,214,209,0.7858162800375925,0.9766355140186916
2025-09-02,0.2304118810379841,0.4901185770750988,0.20355731225296442,0.30632411067193677,506,506,0.782793318624553,1.0
2025-09-03,-0.043618005460187334,0.2578125,0.31640625,0.41015625,256,252,0.8133886250711623,0.984375
2025-09-04,0.01327432289782191,0.25069637883008355,0.2590529247910863,0.48467966573816157,359,357,0.8064167430253923,0.9944289693593314
2025-09-05,-0.00667253177447612,0.29277566539923955,0.34600760456273766,0.34600760456273766,263,259,0.8154838476401959,0.9847908745247148
2025-09-08,0.2553273286785388,0.5329153605015674,0.23824451410658307,0.219435736677116,319,316,0.8225471090666855,0.9905956112852664
2025-09-09,0.11645453393175086,0.37662337662337664,0.22402597402597402,0.39935064935064934,308,308,0.7859941246834669,1.0
2025-09-10,0.08134117284394021,0.37987012987012986,0.2792207792207792,0.3344155844155844,308,306,0.8001280024745105,0.9935064935064936
2025-09-11,0.06253419877669097,0.3178294573643411,0.2441860465116279,0.4263565891472868,258,255,0.816411154644162,0.9883720930232558
2025-09-12,-0.0030883700305292723,0.3087557603686636,0.3640552995391705,0.31797235023041476,217,215,0.7924569585988688,0.9907834101382489
2025-09-15,0.11270081982124153,0.42857142857142855,0.3,0.26071428571428573,280,277,0.8190183897741434,0.9892857142857143
2025-09-16,0.16963383472348387,0.42567567567567566,0.22635135135135134,0.34797297297297297,296,296,0.7915367330046924,1.0
2025-09-17,-0.07544771654161182,0.25236593059936907,0.34069400630914826,0.4069400630914827,317,317,0.7865283960235607,1.0
2025-09-18,-0.15633390815928577,0.23822714681440443,0.4376731301939058,0.3074792243767313,361,355,0.8216743265239286,0.9833795013850416
2025-09-19,0.010404573277602986,0.3508771929824561,0.35964912280701755,0.2894736842105263,228,228,0.8233783149666953,1.0
2025-09-22,0.26733741033504804,0.5358490566037736,0.20754716981132076,0.2528301886792453,265,264,0.8055090689749429,0.9962264150943396
2025-09-23,0.14085895885546051,0.4163424124513619,0.245136186770428,0.3346303501945525,257,256,0.822228093049489,0.9961089494163424
2025-09-24,0.18369288707293005,0.42857142857142855,0.21428571428571427,0.3531746031746032,252,251,0.794884794261826,0.996031746031746
2025-09-25,0.1053470472642309,0.4,0.3018867924528302,0.29056603773584905,265,263,0.8054144592112915,0.9924528301886792
2025-09-26,0.24180772371573356,0.47767857142857145,0.19642857142857142,0.3169642857142857,224,222,0.826413154065072,0.9910714285714286
2025-09-29,0.07128884965589025,0.41198501872659177,0.30337078651685395,0.27715355805243447,267,265,0.8125561237335205,0.9925093632958801
2025-09-30,0.009331891817796832,0.3519163763066202,0.34494773519163763,0.30313588850174217,287,287,0.8055530057551553,1.0
2025-10-01,0.028097088259334366,0.36666666666666664,0.31,0.3233333333333333,300,300,0.8185178140799204,1.0
2025-10-02,0.03555491776773477,0.3073170731707317,0.28780487804878047,0.40487804878048783,205,205,0.8223318778887028,1.0
2025-10-03,-0.005579908771323985,0.31277533039647576,0.31718061674008813,0.3568281938325991,227,224,0.8427875515605722,0.986784140969163
2025-10-06,0.19792501358777456,0.449438202247191,0.2546816479400749,0.27715355805243447,267,262,0.8099205615638777,0.9812734082397003
2025-10-07,0.13126504360355468,0.41125541125541126,0.2510822510822511,0.33766233766233766,231,231,0.8111894662246043,1.0
2025-10-08,0.05920638068541054,0.3505535055350554,0.30996309963099633,0.33210332103321033,271,269,0.7842107754214546,0.992619926199262
2025-10-09,0.19026144304434242,0.4280155642023346,0.22178988326848248,0.3346303501945525,257,253,0.8045315828483567,0.9844357976653697
2025-10-10,-0.16360905705928216,0.2731707317073171,0.48292682926829267,0.23414634146341465,205,203,0.8313688553612808,0.9902439024390244
2025-10-13,0.3480386692362855,0.5566037735849056,0.1320754716981132,0.3113207547169811,212,212,0.8091662167659346,1.0
2025-10-14,0.08795933339020444,0.38686131386861317,0.3029197080291971,0.2956204379562044,274,270,0.8246592761189849,0.9854014598540146
2025-10-15,0.09611121236339658,0.39776951672862454,0.275092936802974,0.3159851301115242,269,266,0.822879907668085,0.9888475836431226
2025-10-16,-0.13915059133604005,0.27472527472527475,0.4542124542124542,0.2673992673992674,273,272,0.8185846521793043,0.9963369963369964
2025-10-17,-0.004632289699313923,0.32407407407407407,0.3333333333333333,0.32407407407407407,216,212,0.8180164229476227,0.9814814814814815
2025-10-20,0.1509118415894644,0.5110294117647058,0.3382352941176471,0.15073529411764705,272,272,0.817842456895639,1.0
2025-10-21,0.06749121460788807,0.37751004016064255,0.30120481927710846,0.30120481927710846,249,244,0.8299263177103684,0.9799196787148594
2025-10-22,0.0897265858558704,0.4068441064638783,0.2509505703422053,0.34220532319391633,263,263,0.7836859077781779,1.0
2025-10-23,0.2837039320222517,0.46885245901639344,0.17049180327868851,0.3540983606557377,305,303,0.7898060095192182,0.9934426229508196
2025-10-24,0.06700472231367947,0.33455882352941174,0.26838235294117646,0.3897058823529412,272,270,0.8204545685538539,0.9926470588235294
2025-10-27,0.12036897353737534,0.4340836012861736,0.2797427652733119,0.2797427652733119,311,309,0.8133958890600111,0.9935691318327974
2025-10-28,0.11214976790015006,0.3952702702702703,0.28040540540540543,0.32432432432432434,296,296,0.8204605342769945,1.0
2025-10-29,0.056195181087506076,0.37537537537537535,0.2852852852852853,0.3303303303303303,333,330,0.7861963440974553,0.990990990990991
2025-10-30,0.17129589064696635,0.4148606811145511,0.2260061919504644,0.35294117647058826,323,321,0.780888858428254,0.9938080495356038
2025-10-31,0.07204289121741275,0.4036697247706422,0.3073394495412844,0.2889908256880734,218,218,0.7942909360478777,1.0
2025-11-03,0.20328520071234996,0.48148148148148145,0.22895622895622897,0.2828282828282828,297,295,0.8276897517301268,0.9932659932659933
2025-11-04,-0.03548886274086831,0.3225806451612903,0.3548387096774194,0.3064516129032258,248,244,0.8343581692850004,0.9838709677419355
2025-11-05,0.07602253189918795,0.3545816733067729,0.2549800796812749,0.3784860557768924,251,248,0.785300905906385,0.9880478087649402
2025-11-06,0.02863810370100816,0.39556962025316456,0.33860759493670883,0.25949367088607594,316,314,0.804180294844755,0.9936708860759493
2025-11-07,0.05276115701277638,0.40611353711790393,0.3231441048034934,0.27074235807860264,229,229,0.8279578761242362,1.0
2025-11-10,0.2450043823894802,0.4625,0.17916666666666667,0.35,240,238,0.7973891884839835,0.9916666666666667
2025-11-11,-0.013460663814718532,0.3695652173913043,0.3804347826086957,0.22826086956521738,184,180,0.8170217219326231,0.9782608695652174
2025-11-12,0.12495160428984196,0.424812030075188,0.24812030075187969,0.3157894736842105,266,263,0.8270525335132396,0.9887218045112782
2025-11-13,0.10490323174744845,0.3382899628252788,0.2342007434944238,0.41263940520446096,269,265,0.7963221376796938,0.9851301115241635
2025-11-14,0.035998116075899055,0.38016528925619836,0.34710743801652894,0.2603305785123967,242,239,0.8206651906588087,0.987603305785124
2025-11-17,0.16001663742163358,0.4418604651162791,0.25249169435215946,0.29900332225913623,301,299,0.8132266840807172,0.9933554817275747
2025-11-18,0.20826120540732518,0.468,0.256,0.268,250,248,0.8347974218908818,0.992
2025-11-19,0.04067154662927052,0.2972972972972973,0.24624624624624625,0.4444444444444444,333,329,0.7931012988634023,0.987987987987988
2025-11-20,-0.0070842355718744605,0.32,0.344,0.312,250,244,0.8056323196067184,0.976
2025-11-21,-0.07011012746786166,0.2673611111111111,0.3472222222222222,0.3576388888888889,288,280,0.8268006533384323,0.9722222222222222
2025-11-24,0.11721317054007233,0.4153225806451613,0.2862903225806452,0.2903225806451613,248,246,0.8310063556442416,0.9919354838709677
2025-11-25,0.09376225787101208,0.4019607843137255,0.27124183006535946,0.31699346405228757,306,303,0.812532109789329,0.9901960784313726
2025-11-26,0.12847458127918035,0.41630901287553645,0.2532188841201717,0.33047210300429186,233,233,0.7977915644134063,1.0
2025-11-28,0.1016622882373746,0.4123076923076923,0.28923076923076924,0.2953846153846154,325,324,0.763994660642412,0.9969230769230769
2025-12-01,0.05915149632775089,0.3852140077821012,0.3229571984435798,0.27626459143968873,257,253,0.8025200391710983,0.9844357976653697
2025-12-02,0.10397420356092603,0.3656957928802589,0.2815533980582524,0.34627831715210355,309,307,0.8311804596104141,0.9935275080906149
2025-12-03,0.04265121586587546,0.31785714285714284,0.2785714285714286,0.4035714285714286,280,280,0.7894980326294899,1.0
2025-12-04,0.11473731540095883,0.3746031746031746,0.23809523809523808,0.38095238095238093,315,313,0.7823397135391784,0.9936507936507937
2025-12-05,0.13672646839221764,0.42035398230088494,0.2610619469026549,0.3053097345132743,226,223,0.7945578690334286,0.9867256637168141
2025-12-08,0.15338359690127512,0.4411764705882353,0.27941176470588236,0.27941176470588236,272,272,0.8141005904797245,1.0
2025-12-09,0.12258763178741854,0.4276315789473684,0.2598684210526316,0.3125,304,304,0.7918642769126516,1.0
2025-12-10,0.13386013699745306,0.38461538461538464,0.24749163879598662,0.36789297658862874,299,299,0.8119429378804555,1.0
2025-12-11,0.03698851869308522,0.38571428571428573,0.29428571428571426,0.32,350,350,0.8083183988503048,1.0
2025-12-12,0.08120174524396587,0.419811320754717,0.3113207547169811,0.25471698113207547,212,209,0.8162878844441409,0.9858490566037735
2025-12-15,-0.1059543407772773,0.29003021148036257,0.40181268882175225,0.29607250755287007,331,327,0.8302349695189648,0.9879154078549849
2025-12-16,-0.08047747675659536,0.278125,0.35625,0.353125,320,316,0.8186329910649529,0.9875
2025-12-17,0.18392867335898197,0.47005988023952094,0.24251497005988024,0.281437125748503,334,332,0.7864496413483677,0.9940119760479041
2025-12-18,0.06457308498268341,0.3558282208588957,0.3159509202453988,0.3282208588957055,326,326,0.8044503216911678,1.0
2025-12-19,0.06046289576561716,0.4136690647482014,0.3345323741007194,0.2446043165467626,278,276,0.798294166939846,0.9928057553956835
2025-12-22,0.2751372401480426,0.501628664495114,0.1465798045602606,0.34527687296416937,307,305,0.7991741095410019,0.993485342019544
2025-12-23,0.2657166684757134,0.5657894736842105,0.20394736842105263,0.23026315789473684,304,304,0.7860850522196606,1.0
2025-12-24,-0.04851235401489446,0.32432432432432434,0.38513513513513514,0.2905405405405405,148,148,0.8227543438205848,1.0
2025-12-26,-0.1318460892117213,0.29365079365079366,0.4365079365079365,0.2698412698412698,126,126,0.8523409536906651,1.0
2025-12-29,-0.1257632085322287,0.2809917355371901,0.4462809917355372,0.2727272727272727,121,121,0.8310385442469731,1.0
2025-12-30,0.0830708375778868,0.372972972972973,0.2594594594594595,0.35135135135135137,185,182,0.7998679435842639,0.9837837837837838
2025-12-31,-0.13726818412699307,0.25824175824175827,0.3956043956043956,0.3241758241758242,182,178,0.823669530702441,0.978021978021978
