session_date,event_record_count,unique_story_count,positive_event_count,negative_event_count,neutral_event_count,unique_source_count,mean_event_sentiment_score,positive_event_share,negative_event_share,neutral_event_share,sentiment_bucket
2020-01-02,182,182,61,77,44,5,-0.03626373626373626,0.33516483516483514,0.4230769230769231,0.24175824175824176,neutral
2020-01-03,264,264,112,100,52,4,0.009204545454545458,0.42424242424242425,0.3787878787878788,0.19696969696969696,neutral
2020-01-06,250,250,110,69,71,7,0.0544,0.44,0.276,0.284,positive
2020-01-07,296,296,104,115,77,9,-0.005912162162162163,0.35135135135135137,0.3885135135135135,0.26013513513513514,neutral
2020-01-08,328,328,107,182,39,9,-0.1520731707317073,0.32621951219512196,0.5548780487804879,0.11890243902439024,negative
2020-01-09,257,257,107,80,70,8,0.04544747081712063,0.4163424124513619,0.311284046692607,0.2723735408560311,neutral
2020-01-10,215,215,102,66,47,6,0.0835813953488372,0.4744186046511628,0.30697674418604654,0.2186046511627907,positive
2020-01-13,271,271,104,97,70,9,0.013468634686346865,0.3837638376383764,0.35793357933579334,0.25830258302583026,neutral
2020-01-14,229,229,108,84,37,7,0.04646288209606987,0.47161572052401746,0.36681222707423583,0.1615720524017467,neutral
2020-01-15,318,318,150,95,73,7,0.09377358490566039,0.4716981132075472,0.29874213836477986,0.22955974842767296,positive
2020-01-16,250,250,140,63,47,7,0.16288,0.56,0.252,0.188,positive
2020-01-17,263,263,105,101,57,6,-0.0005323193916349785,0.39923954372623577,0.3840304182509506,0.21673003802281368,neutral
2020-01-21,389,389,156,125,108,11,0.030694087403598976,0.40102827763496146,0.3213367609254499,0.2776349614395887,neutral
2020-01-22,222,222,66,87,69,6,-0.0377027027027027,0.2972972972972973,0.3918918918918919,0.3108108108108108,neutral
2020-01-23,296,296,101,87,108,8,0.020304054054054055,0.34121621621621623,0.2939189189189189,0.36486486486486486,neutral
2020-01-24,193,193,41,73,79,6,-0.053937823834196895,0.21243523316062177,0.37823834196891193,0.40932642487046633,negative
2020-01-27,203,203,74,88,41,8,-0.03551724137931034,0.3645320197044335,0.43349753694581283,0.2019704433497537,neutral
2020-01-28,203,203,74,81,48,7,-0.017438423645320198,0.3645320197044335,0.39901477832512317,0.23645320197044334,neutral
2020-01-29,272,272,98,114,60,8,-0.025036764705882356,0.3602941176470588,0.41911764705882354,0.22058823529411764,neutral
2020-01-30,300,300,103,92,105,9,0.006233333333333332,0.3433333333333333,0.30666666666666664,0.35,neutral
2020-01-31,330,330,133,143,54,9,-0.028696969696969693,0.403030303030303,0.43333333333333335,0.16363636363636364,neutral
2020-02-03,279,279,57,140,82,6,-0.15060931899641578,0.20430107526881722,0.5017921146953405,0.2939068100358423,negative
2020-02-04,235,235,105,72,58,8,0.06004255319148936,0.44680851063829785,0.30638297872340425,0.24680851063829787,positive
2020-02-05,344,344,140,94,110,8,0.052063953488372096,0.4069767441860465,0.27325581395348836,0.31976744186046513,positive
2020-02-06,224,224,92,80,52,7,0.02584821428571429,0.4107142857142857,0.35714285714285715,0.23214285714285715,neutral
2020-02-07,270,270,102,104,64,6,-0.008,0.37777777777777777,0.3851851851851852,0.23703703703703705,neutral
2020-02-10,241,241,72,105,64,6,-0.05547717842323652,0.2987551867219917,0.43568464730290457,0.26556016597510373,negative
2020-02-11,221,221,77,78,66,9,-0.011176470588235293,0.34841628959276016,0.35294117647058826,0.2986425339366516,neutral
2020-02-12,283,283,109,83,91,7,0.03946996466431096,0.38515901060070673,0.29328621908127206,0.3215547703180212,neutral
2020-02-13,261,261,83,98,80,7,-0.04689655172413793,0.31800766283524906,0.37547892720306514,0.3065134099616858,neutral
2020-02-14,170,170,63,72,35,6,-0.03211764705882353,0.37058823529411766,0.4235294117647059,0.20588235294117646,neutral
2020-02-18,362,362,144,126,92,8,0.009392265193370167,0.39779005524861877,0.34806629834254144,0.2541436464088398,neutral
2020-02-19,260,260,111,87,62,8,0.045576923076923084,0.4269230769230769,0.3346153846153846,0.23846153846153847,neutral
2020-02-20,302,302,109,100,93,8,0.01298013245033113,0.3609271523178808,0.33112582781456956,0.3079470198675497,neutral
2020-02-21,239,239,73,83,83,6,-0.014225941422594143,0.3054393305439331,0.3472803347280335,0.3472803347280335,neutral
2020-02-24,263,263,115,96,52,6,0.03513307984790875,0.4372623574144487,0.3650190114068441,0.19771863117870722,neutral
2020-02-25,216,216,82,75,59,9,0.013425925925925928,0.37962962962962965,0.3472222222222222,0.27314814814814814,neutral
2020-02-26,264,264,79,131,54,8,-0.1025,0.29924242424242425,0.4962121212121212,0.20454545454545456,negative
2020-02-27,267,267,94,106,67,9,-0.012397003745318354,0.352059925093633,0.3970037453183521,0.250936329588015,neutral
2020-02-28,339,339,121,149,69,8,-0.03348082595870206,0.35693215339233036,0.43952802359882004,0.20353982300884957,neutral
2020-03-02,384,384,152,164,68,7,-0.0020312499999999936,0.3958333333333333,0.4270833333333333,0.17708333333333334,neutral
2020-03-03,334,334,201,87,46,7,0.21344311377245506,0.6017964071856288,0.26047904191616766,0.1377245508982036,positive
2020-03-04,352,352,179,103,70,8,0.13019886363636363,0.5085227272727273,0.29261363636363635,0.19886363636363635,positive
2020-03-05,265,265,90,126,49,9,-0.06418867924528303,0.33962264150943394,0.47547169811320755,0.18490566037735848,negative
2020-03-06,294,294,99,127,68,7,-0.06333333333333334,0.336734693877551,0.43197278911564624,0.23129251700680273,negative
2020-03-09,387,387,77,267,43,9,-0.2791731266149871,0.19896640826873385,0.689922480620155,0.1111111111111111,negative
2020-03-10,236,236,110,94,32,6,0.02728813559322034,0.4661016949152542,0.3983050847457627,0.13559322033898305,neutral
2020-03-11,278,278,100,106,72,6,-0.016043165467625898,0.3597122302158273,0.381294964028777,0.2589928057553957,neutral
2020-03-12,275,275,103,127,45,7,-0.07894545454545455,0.37454545454545457,0.4618181818181818,0.16363636363636364,negative
2020-03-13,210,210,79,91,40,7,-0.042571428571428566,0.3761904761904762,0.43333333333333335,0.19047619047619047,neutral
2020-03-16,356,356,120,187,49,11,-0.10342696629213485,0.33707865168539325,0.5252808988764045,0.13764044943820225,negative
2020-03-17,270,270,96,138,36,8,-0.0905925925925926,0.35555555555555557,0.5111111111111111,0.13333333333333333,negative
2020-03-18,306,306,90,171,45,8,-0.13454248366013072,0.29411764705882354,0.5588235294117647,0.14705882352941177,negative
2020-03-19,310,310,148,97,65,7,0.08041935483870967,0.4774193548387097,0.31290322580645163,0.20967741935483872,positive
2020-03-20,241,241,86,135,20,8,-0.13095435684647302,0.35684647302904565,0.5601659751037344,0.08298755186721991,negative
2020-03-23,260,260,82,144,34,8,-0.1353846153846154,0.3153846153846154,0.5538461538461539,0.13076923076923078,negative
2020-03-24,253,253,77,99,77,8,-0.0716600790513834,0.30434782608695654,0.391304347826087,0.30434782608695654,negative
2020-03-25,250,250,99,106,45,7,-0.05216,0.396,0.424,0.18,negative
2020-03-26,271,271,58,123,90,8,-0.15498154981549817,0.2140221402214022,0.45387453874538747,0.33210332103321033,negative
2020-03-27,290,290,83,148,59,9,-0.1399655172413793,0.28620689655172415,0.5103448275862069,0.20344827586206896,negative
2020-03-30,304,304,70,160,74,10,-0.16940789473684212,0.23026315789473684,0.5263157894736842,0.24342105263157895,negative
2020-03-31,282,282,108,105,69,9,-0.009680851063829786,0.3829787234042553,0.3723404255319149,0.24468085106382978,neutral
2020-04-01,247,247,76,113,58,7,-0.08020242914979757,0.3076923076923077,0.4574898785425101,0.23481781376518218,negative
2020-04-02,291,291,110,99,82,8,-0.004673539518900333,0.37800687285223367,0.3402061855670103,0.281786941580756,neutral
2020-04-03,315,315,110,126,79,5,-0.05673015873015872,0.3492063492063492,0.4,0.2507936507936508,negative
2020-04-06,289,289,72,143,74,7,-0.15705882352941178,0.2491349480968858,0.49480968858131485,0.2560553633217993,negative
2020-04-07,268,268,88,104,76,7,-0.04667910447761194,0.3283582089552239,0.3880597014925373,0.2835820895522388,neutral
2020-04-08,240,240,81,101,58,6,-0.05054166666666667,0.3375,0.42083333333333334,0.24166666666666667,negative
2020-04-09,272,272,117,86,69,8,0.021985294117647065,0.43014705882352944,0.3161764705882353,0.2536764705882353,neutral
2020-04-13,294,294,101,131,62,7,-0.10724489795918368,0.3435374149659864,0.445578231292517,0.2108843537414966,negative
2020-04-14,218,218,56,98,64,8,-0.13504587155963305,0.25688073394495414,0.44954128440366975,0.29357798165137616,negative
2020-04-15,261,261,89,114,58,8,-0.051264367816091956,0.34099616858237547,0.4367816091954023,0.2222222222222222,negative
2020-04-16,278,278,86,133,59,8,-0.12226618705035971,0.30935251798561153,0.4784172661870504,0.21223021582733814,negative
2020-04-17,222,222,39,127,56,7,-0.23567567567567568,0.17567567567567569,0.5720720720720721,0.25225225225225223,negative
2020-04-20,290,290,70,175,45,9,-0.2245862068965517,0.2413793103448276,0.603448275862069,0.15517241379310345,negative
2020-04-21,301,301,86,140,75,10,-0.11225913621262458,0.2857142857142857,0.46511627906976744,0.24916943521594684,negative
2020-04-22,264,264,104,85,75,8,0.006628787878787879,0.3939393939393939,0.32196969696969696,0.2840909090909091,neutral
2020-04-23,337,337,113,102,122,7,-0.02103857566765578,0.3353115727002967,0.3026706231454006,0.3620178041543027,neutral
2020-04-24,244,244,59,135,50,6,-0.2019672131147541,0.24180327868852458,0.5532786885245902,0.20491803278688525,negative
2020-04-27,299,299,90,112,97,8,-0.05073578595317725,0.3010033444816054,0.3745819397993311,0.32441471571906355,negative
2020-04-28,251,251,66,118,67,6,-0.1312749003984064,0.26294820717131473,0.4701195219123506,0.26693227091633465,negative
2020-04-29,321,321,116,115,90,8,-0.010560747663551395,0.3613707165109034,0.3582554517133956,0.2803738317757009,neutral
2020-04-30,362,362,112,167,83,7,-0.12096685082872928,0.30939226519337015,0.4613259668508287,0.2292817679558011,negative
2020-05-01,152,152,48,55,49,8,-0.044671052631578945,0.3157894736842105,0.3618421052631579,0.3223684210526316,neutral
2020-05-04,271,271,78,105,88,7,-0.07594095940959408,0.2878228782287823,0.3874538745387454,0.3247232472324723,negative
2020-05-05,300,300,101,112,87,8,-0.028699999999999993,0.33666666666666667,0.37333333333333335,0.29,neutral
2020-05-06,286,286,61,125,100,10,-0.1438111888111888,0.21328671328671328,0.4370629370629371,0.34965034965034963,negative
2020-05-07,318,318,94,144,80,8,-0.11128930817610064,0.29559748427672955,0.4528301886792453,0.25157232704402516,negative
2020-05-08,205,205,69,77,59,8,-0.06741463414634145,0.33658536585365856,0.375609756097561,0.28780487804878047,negative
2020-05-11,214,214,52,99,63,8,-0.1391588785046729,0.24299065420560748,0.46261682242990654,0.29439252336448596,negative
2020-05-12,258,258,97,99,62,8,-0.04527131782945736,0.375968992248062,0.38372093023255816,0.24031007751937986,neutral
2020-05-13,319,319,119,134,66,8,-0.043416927899686514,0.3730407523510972,0.4200626959247649,0.20689655172413793,neutral
2020-05-14,275,275,104,84,87,8,0.007018181818181817,0.3781818181818182,0.3054545454545455,0.31636363636363635,neutral
2020-05-15,285,285,109,120,56,7,-0.05908771929824561,0.3824561403508772,0.42105263157894735,0.19649122807017544,negative
2020-05-18,227,227,95,70,62,6,0.01951541850220265,0.4185022026431718,0.30837004405286345,0.27312775330396477,neutral
2020-05-19,175,175,91,44,40,10,0.0956,0.52,0.25142857142857145,0.22857142857142856,positive
2020-05-20,282,282,103,84,95,9,0.009397163120567376,0.36524822695035464,0.2978723404255319,0.33687943262411346,neutral
2020-05-21,232,232,97,72,63,7,0.030215517241379313,0.41810344827586204,0.3103448275862069,0.27155172413793105,neutral
2020-05-22,204,204,75,89,40,7,-0.05220588235294118,0.36764705882352944,0.4362745098039216,0.19607843137254902,negative
2020-05-26,322,322,154,87,81,8,0.08680124223602483,0.4782608695652174,0.2701863354037267,0.2515527950310559,positive
2020-05-27,172,172,63,65,44,7,-0.03848837209302326,0.36627906976744184,0.37790697674418605,0.2558139534883721,neutral
2020-05-28,274,274,115,111,48,7,-0.03328467153284671,0.4197080291970803,0.4051094890510949,0.17518248175182483,neutral
2020-05-29,228,228,101,66,61,7,0.04447368421052632,0.44298245614035087,0.2894736842105263,0.2675438596491228,neutral
2020-06-01,217,217,101,59,57,9,0.1003225806451613,0.46543778801843316,0.271889400921659,0.2626728110599078,positive
2020-06-02,156,156,63,56,37,8,0.011794871794871797,0.40384615384615385,0.358974358974359,0.23717948717948717,neutral
2020-06-03,277,277,85,134,58,11,-0.12075812274368229,0.30685920577617326,0.48375451263537905,0.20938628158844766,negative
2020-06-04,288,288,103,91,94,7,0.009409722222222224,0.3576388888888889,0.3159722222222222,0.3263888888888889,neutral
2020-06-05,204,204,89,66,49,7,0.045784313725490196,0.4362745098039216,0.3235294117647059,0.24019607843137256,neutral
2020-06-08,224,224,71,87,66,8,-0.04919642857142857,0.3169642857142857,0.38839285714285715,0.29464285714285715,neutral
2020-06-09,186,186,69,58,59,10,0.010752688172043015,0.3709677419354839,0.3118279569892473,0.3172043010752688,neutral
2020-06-10,286,286,109,105,72,7,-0.04286713286713287,0.3811188811188811,0.36713286713286714,0.2517482517482518,neutral
2020-06-11,226,226,77,100,49,10,-0.1022566371681416,0.3407079646017699,0.4424778761061947,0.2168141592920354,negative
2020-06-12,148,148,47,53,48,6,-0.0527027027027027,0.31756756756756754,0.3581081081081081,0.32432432432432434,negative
2020-06-15,240,240,89,96,55,9,-0.039749999999999994,0.37083333333333335,0.4,0.22916666666666666,neutral
2020-06-16,234,234,107,65,62,9,0.08495726495726495,0.45726495726495725,0.2777777777777778,0.26495726495726496,positive
2020-06-17,235,235,88,92,55,7,-0.007617021276595741,0.37446808510638296,0.39148936170212767,0.23404255319148937,neutral
2020-06-18,280,280,109,68,103,8,0.06517857142857143,0.3892857142857143,0.24285714285714285,0.3678571428571429,positive
2020-06-19,196,196,107,56,33,9,0.1131122448979592,0.5459183673469388,0.2857142857142857,0.1683673469387755,positive
2020-06-22,206,206,99,74,33,9,0.04373786407766991,0.48058252427184467,0.3592233009708738,0.16019417475728157,neutral
2020-06-23,220,220,96,58,66,8,0.07018181818181819,0.43636363636363634,0.2636363636363636,0.3,positive
2020-06-24,236,236,88,95,53,8,-0.013855932203389829,0.3728813559322034,0.4025423728813559,0.2245762711864407,neutral
2020-06-25,273,273,115,87,71,8,0.044395604395604395,0.42124542124542125,0.31868131868131866,0.2600732600732601,neutral
2020-06-26,231,231,86,88,57,9,-0.017056277056277058,0.3722943722943723,0.38095238095238093,0.24675324675324675,neutral
2020-06-29,244,244,89,93,62,7,0.008319672131147546,0.36475409836065575,0.38114754098360654,0.2540983606557377,neutral
2020-06-30,233,233,70,95,68,10,-0.06034334763948497,0.30042918454935624,0.40772532188841204,0.2918454935622318,negative
2020-07-01,270,270,96,91,83,8,0.009000000000000003,0.35555555555555557,0.337037037037037,0.3074074074074074,neutral
2020-07-02,268,268,119,78,71,7,0.06559701492537313,0.44402985074626866,0.291044776119403,0.26492537313432835,positive
2020-07-06,290,290,100,110,80,8,-0.04586206896551724,0.3448275862068966,0.3793103448275862,0.27586206896551724,neutral
2020-07-07,200,200,74,68,58,7,0.014000000000000002,0.37,0.34,0.29,neutral
2020-07-08,192,192,110,53,29,7,0.13999999999999999,0.5729166666666666,0.2760416666666667,0.15104166666666666,positive
2020-07-09,241,241,102,74,65,9,0.06846473029045644,0.42323651452282157,0.3070539419087137,0.2697095435684647,positive
2020-07-10,161,161,68,59,34,5,0.04900621118012422,0.422360248447205,0.36645962732919257,0.2111801242236025,neutral
2020-07-13,173,173,46,87,40,7,-0.14040462427745665,0.2658959537572254,0.5028901734104047,0.23121387283236994,negative
2020-07-14,242,242,92,90,60,7,0.012851239669421487,0.38016528925619836,0.371900826446281,0.24793388429752067,neutral
2020-07-15,285,285,115,78,92,7,0.05035087719298246,0.40350877192982454,0.2736842105263158,0.32280701754385965,positive
2020-07-16,293,293,143,69,81,9,0.13853242320819115,0.4880546075085324,0.2354948805460751,0.2764505119453925,positive
2020-07-17,133,133,50,50,33,7,-0.005037593984962406,0.37593984962406013,0.37593984962406013,0.24812030075187969,neutral
2020-07-20,182,182,74,65,43,6,-0.0054395604395604405,0.4065934065934066,0.35714285714285715,0.23626373626373626,neutral
2020-07-21,189,189,79,61,49,8,0.017936507936507938,0.41798941798941797,0.32275132275132273,0.25925925925925924,neutral
2020-07-22,255,255,111,94,50,9,0.05156862745098039,0.43529411764705883,0.3686274509803922,0.19607843137254902,positive
2020-07-23,242,242,88,96,58,8,-0.03165289256198347,0.36363636363636365,0.39669421487603307,0.2396694214876033,neutral
2020-07-24,210,210,91,65,54,7,0.04280952380952381,0.43333333333333335,0.30952380952380953,0.2571428571428571,neutral
2020-07-27,208,208,77,85,46,9,-0.035528846153846154,0.3701923076923077,0.40865384615384615,0.22115384615384615,neutral
2020-07-28,214,214,87,68,59,10,0.01906542056074766,0.40654205607476634,0.3177570093457944,0.2757009345794392,neutral
2020-07-29,221,221,93,67,61,9,0.033755656108597286,0.42081447963800905,0.3031674208144796,0.27601809954751133,neutral
2020-07-30,299,299,99,133,67,10,-0.1282943143812709,0.3311036789297659,0.44481605351170567,0.22408026755852842,negative
2020-07-31,287,287,128,108,51,8,0.0013240418118466936,0.445993031358885,0.37630662020905925,0.17770034843205576,neutral
2020-08-03,223,223,94,78,51,5,0.03573991031390134,0.42152466367713004,0.34977578475336324,0.22869955156950672,neutral
2020-08-04,233,233,91,93,49,8,-0.024248927038626612,0.3905579399141631,0.39914163090128757,0.21030042918454936,neutral
2020-08-05,310,310,125,84,101,9,0.06316129032258065,0.4032258064516129,0.2709677419354839,0.3258064516129032,positive
2020-08-06,248,248,98,76,74,6,0.048387096774193554,0.3951612903225806,0.3064516129032258,0.29838709677419356,neutral
2020-08-07,229,229,110,62,57,8,0.12851528384279476,0.48034934497816595,0.27074235807860264,0.24890829694323144,positive
2020-08-10,177,177,40,87,50,7,-0.1489265536723164,0.22598870056497175,0.4915254237288136,0.2824858757062147,negative
2020-08-11,214,214,85,89,40,8,-0.014626168224299066,0.397196261682243,0.4158878504672897,0.18691588785046728,neutral
2020-08-12,303,303,131,128,44,10,-0.009735973597359733,0.43234323432343236,0.42244224422442245,0.14521452145214522,neutral
2020-08-13,202,202,92,72,38,7,0.048663366336633665,0.45544554455445546,0.3564356435643564,0.18811881188118812,neutral
2020-08-14,231,231,103,86,42,6,-0.006363636363636359,0.4458874458874459,0.3722943722943723,0.18181818181818182,neutral
2020-08-17,228,228,74,103,51,8,-0.13083333333333333,0.32456140350877194,0.4517543859649123,0.2236842105263158,negative
2020-08-18,151,151,60,52,39,8,0.025364238410596027,0.3973509933774834,0.3443708609271523,0.2582781456953642,neutral
2020-08-19,245,245,90,105,50,10,-0.028285714285714282,0.3673469387755102,0.42857142857142855,0.20408163265306123,neutral
2020-08-20,235,235,51,101,83,7,-0.10229787234042553,0.2170212765957447,0.4297872340425532,0.35319148936170214,negative
2020-08-21,226,226,91,76,59,7,0.03199115044247788,0.4026548672566372,0.336283185840708,0.2610619469026549,neutral
2020-08-24,222,222,85,96,41,7,-0.030045045045045037,0.38288288288288286,0.43243243243243246,0.18468468468468469,neutral
2020-08-25,249,249,102,76,71,8,0.044738955823293174,0.40963855421686746,0.30522088353413657,0.285140562248996,neutral
2020-08-26,205,205,90,79,36,9,0.03824390243902439,0.43902439024390244,0.3853658536585366,0.17560975609756097,neutral
2020-08-27,248,248,126,57,65,6,0.15419354838709678,0.5080645161290323,0.22983870967741934,0.2620967741935484,positive
2020-08-28,196,196,79,94,23,7,-0.06096938775510204,0.4030612244897959,0.47959183673469385,0.11734693877551021,negative
2020-08-31,227,227,94,79,54,8,-0.009823788546255504,0.41409691629955947,0.34801762114537443,0.23788546255506607,neutral
2020-09-01,275,275,135,70,70,9,0.10661818181818182,0.4909090909090909,0.2545454545454545,0.2545454545454545,positive
2020-09-02,194,194,86,73,35,8,0.046134020618556704,0.44329896907216493,0.37628865979381443,0.18041237113402062,neutral
2020-09-03,311,311,95,81,135,7,0.026237942122186497,0.3054662379421222,0.2604501607717042,0.4340836012861736,neutral
2020-09-04,194,194,96,61,37,5,0.08345360824742266,0.4948453608247423,0.31443298969072164,0.19072164948453607,positive
2020-09-08,380,380,145,160,75,7,-0.04157894736842105,0.3815789473684211,0.42105263157894735,0.19736842105263158,neutral
2020-09-09,229,229,101,80,48,7,0.03528384279475982,0.4410480349344978,0.34934497816593885,0.2096069868995633,neutral
2020-09-10,329,329,137,110,82,9,0.04006079027355623,0.41641337386018235,0.3343465045592705,0.24924012158054712,neutral
2020-09-11,196,196,73,88,35,8,-0.020153061224489795,0.37244897959183676,0.4489795918367347,0.17857142857142858,neutral
2020-09-14,279,279,140,85,54,10,0.07021505376344087,0.5017921146953405,0.3046594982078853,0.1935483870967742,positive
2020-09-15,264,264,119,85,60,8,0.05045454545454545,0.45075757575757575,0.32196969696969696,0.22727272727272727,positive
2020-09-16,315,315,135,80,100,6,0.05850793650793651,0.42857142857142855,0.25396825396825395,0.31746031746031744,positive
2020-09-17,324,324,138,88,98,10,0.062314814814814816,0.42592592592592593,0.2716049382716049,0.30246913580246915,positive
2020-09-18,207,207,103,54,50,9,0.101256038647343,0.4975845410628019,0.2608695652173913,0.24154589371980675,positive
2020-09-21,242,242,93,111,38,8,-0.053595041322314046,0.384297520661157,0.45867768595041325,0.15702479338842976,negative
2020-09-22,245,245,111,64,70,7,0.08722448979591838,0.4530612244897959,0.2612244897959184,0.2857142857142857,positive
2020-09-23,285,285,102,89,94,8,-0.005754385964912277,0.35789473684210527,0.312280701754386,0.3298245614035088,neutral
2020-09-24,230,230,93,74,63,8,0.03830434782608696,0.4043478260869565,0.3217391304347826,0.27391304347826084,neutral
2020-09-25,192,192,83,77,32,8,-0.010364583333333335,0.4322916666666667,0.4010416666666667,0.16666666666666666,neutral
2020-09-28,204,204,89,69,46,8,0.029166666666666667,0.4362745098039216,0.3382352941176471,0.22549019607843138,neutral
2020-09-29,233,233,85,86,62,7,0.008154506437768237,0.3648068669527897,0.36909871244635195,0.26609442060085836,neutral
2020-09-30,263,263,123,83,57,9,0.053954372623574144,0.467680608365019,0.3155893536121673,0.21673003802281368,positive
2020-10-01,303,303,121,86,96,9,0.034488448844884494,0.39933993399339934,0.2838283828382838,0.31683168316831684,neutral
2020-10-02,206,206,77,84,45,7,-0.02305825242718447,0.3737864077669903,0.4077669902912621,0.21844660194174756,neutral
2020-10-05,249,249,133,51,65,9,0.13164658634538154,0.5341365461847389,0.20481927710843373,0.26104417670682734,positive
2020-10-06,268,268,102,75,91,8,0.043805970149253734,0.3805970149253731,0.2798507462686567,0.33955223880597013,neutral
2020-10-07,215,215,86,84,45,10,-0.005255813953488367,0.4,0.39069767441860465,0.20930232558139536,neutral
2020-10-08,252,252,127,71,54,8,0.08904761904761906,0.503968253968254,0.28174603174603174,0.21428571428571427,positive
2020-10-09,206,206,93,79,34,7,0.03029126213592233,0.45145631067961167,0.38349514563106796,0.1650485436893204,neutral
2020-10-12,218,218,117,51,50,9,0.1536697247706422,0.536697247706422,0.23394495412844038,0.22935779816513763,positive
2020-10-13,276,276,121,94,61,10,0.03521739130434783,0.4384057971014493,0.34057971014492755,0.2210144927536232,neutral
2020-10-14,229,229,105,80,44,8,0.04868995633187773,0.4585152838427948,0.34934497816593885,0.19213973799126638,neutral
2020-10-15,277,277,101,120,56,7,-0.04664259927797834,0.36462093862815886,0.4332129963898917,0.20216606498194944,neutral
2020-10-16,212,212,96,90,26,7,-0.025754716981132072,0.4528301886792453,0.42452830188679247,0.12264150943396226,neutral
2020-10-19,224,224,98,81,45,6,0.021517857142857137,0.4375,0.36160714285714285,0.20089285714285715,neutral
2020-10-20,196,196,101,44,51,9,0.1321938775510204,0.5153061224489796,0.22448979591836735,0.2602040816326531,positive
2020-10-21,261,261,94,116,51,8,-0.045249042145593873,0.36015325670498083,0.4444444444444444,0.19540229885057472,neutral
2020-10-22,255,255,107,87,61,8,0.0356078431372549,0.4196078431372549,0.3411764705882353,0.23921568627450981,neutral
2020-10-23,234,234,61,88,85,8,-0.07358974358974359,0.2606837606837607,0.37606837606837606,0.36324786324786323,negative
2020-10-26,252,252,96,113,43,10,-0.04492063492063492,0.38095238095238093,0.44841269841269843,0.17063492063492064,neutral
2020-10-27,237,237,121,68,48,7,0.10552742616033756,0.510548523206751,0.2869198312236287,0.20253164556962025,positive
2020-10-28,249,249,82,106,61,4,-0.044016064257028115,0.3293172690763052,0.42570281124497994,0.24497991967871485,neutral
2020-10-29,348,348,109,110,129,6,-0.0034482758620689646,0.3132183908045977,0.3160919540229885,0.3706896551724138,neutral
2020-10-30,247,247,125,82,40,7,0.09522267206477733,0.5060728744939271,0.3319838056680162,0.16194331983805668,positive
2020-11-02,321,321,181,83,57,9,0.14161993769470405,0.5638629283489096,0.2585669781931464,0.17757009345794392,positive
2020-11-03,242,242,127,67,48,7,0.10768595041322315,0.5247933884297521,0.2768595041322314,0.19834710743801653,positive
2020-11-04,391,391,178,89,124,7,0.1150383631713555,0.45524296675191817,0.22762148337595908,0.3171355498721228,positive
2020-11-05,337,337,148,101,88,11,0.07344213649851633,0.4391691394658754,0.2997032640949555,0.26112759643916916,positive
2020-11-06,268,268,121,81,66,9,0.08343283582089552,0.45149253731343286,0.30223880597014924,0.2462686567164179,positive
2020-11-09,351,351,198,102,51,10,0.1494017094017094,0.5641025641025641,0.2905982905982906,0.1452991452991453,positive
2020-11-10,271,271,112,98,61,11,0.005166051660516606,0.4132841328413284,0.36162361623616235,0.22509225092250923,neutral
2020-11-11,214,214,103,78,33,7,0.045186915887850475,0.48130841121495327,0.3644859813084112,0.1542056074766355,neutral
2020-11-12,267,267,104,93,70,9,0.0250936329588015,0.3895131086142322,0.34831460674157305,0.26217228464419473,neutral
2020-11-13,203,203,63,105,35,7,-0.10916256157635468,0.3103448275862069,0.5172413793103449,0.1724137931034483,negative
2020-11-16,276,276,144,69,63,8,0.11380434782608696,0.5217391304347826,0.25,0.22826086956521738,positive
2020-11-17,220,220,101,73,46,8,0.03872727272727273,0.4590909090909091,0.33181818181818185,0.20909090909090908,neutral
2020-11-18,256,256,102,83,71,8,0.044335937500000006,0.3984375,0.32421875,0.27734375,neutral
2020-11-19,261,261,108,97,56,8,-0.006858237547892721,0.41379310344827586,0.3716475095785441,0.21455938697318008,neutral
2020-11-20,165,165,88,39,38,7,0.13587878787878788,0.5333333333333333,0.23636363636363636,0.23030303030303031,positive
2020-11-23,292,292,119,87,86,8,0.04736301369863013,0.4075342465753425,0.2979452054794521,0.2945205479452055,neutral
2020-11-24,237,237,115,71,51,7,0.07679324894514768,0.48523206751054854,0.29957805907172996,0.21518987341772153,positive
2020-11-25,278,278,94,99,85,9,-0.03,0.3381294964028777,0.35611510791366907,0.3057553956834532,neutral
2020-11-27,338,338,119,133,86,8,-0.028668639053254442,0.3520710059171598,0.39349112426035504,0.25443786982248523,neutral
2020-11-30,250,250,99,92,59,8,0.022879999999999998,0.396,0.368,0.236,neutral
2020-12-01,303,303,138,78,87,11,0.12026402640264025,0.45544554455445546,0.25742574257425743,0.2871287128712871,positive
2020-12-02,272,272,124,85,63,9,0.046580882352941166,0.45588235294117646,0.3125,0.23161764705882354,neutral
2020-12-03,289,289,137,78,74,9,0.10480968858131487,0.4740484429065744,0.2698961937716263,0.2560553633217993,positive
2020-12-04,285,285,111,84,90,9,0.026070175438596493,0.3894736842105263,0.29473684210526313,0.3157894736842105,neutral
2020-12-07,308,308,131,90,87,9,0.06503246753246754,0.4253246753246753,0.2922077922077922,0.2824675324675325,positive
2020-12-08,215,215,89,68,58,7,0.056139534883720935,0.413953488372093,0.31627906976744186,0.26976744186046514,positive
2020-12-09,305,305,141,77,87,9,0.10226229508196721,0.46229508196721314,0.25245901639344265,0.28524590163934427,positive
2020-12-10,325,325,143,86,96,9,0.0840923076923077,0.44,0.26461538461538464,0.2953846153846154,positive
2020-12-11,215,215,91,80,44,9,-0.0023720930232558105,0.4232558139534884,0.37209302325581395,0.20465116279069767,neutral
2020-12-14,269,269,115,94,60,9,-0.009925650557620817,0.4275092936802974,0.34944237918215615,0.22304832713754646,neutral
2020-12-15,321,321,123,99,99,9,0.01819314641744548,0.38317757009345793,0.308411214953271,0.308411214953271,neutral
2020-12-16,369,369,147,113,109,8,0.0597289972899729,0.3983739837398374,0.3062330623306233,0.2953929539295393,positive
2020-12-17,403,403,171,101,131,9,0.08535980148883375,0.42431761786600497,0.2506203473945409,0.3250620347394541,positive
2020-12-18,216,216,96,58,62,8,0.065,0.4444444444444444,0.26851851851851855,0.28703703703703703,positive
2020-12-21,249,249,75,135,39,9,-0.13144578313253014,0.30120481927710846,0.5421686746987951,0.1566265060240964,negative
2020-12-22,236,236,89,110,37,11,-0.04940677966101695,0.3771186440677966,0.4661016949152542,0.15677966101694915,neutral
2020-12-23,276,276,122,109,45,10,0.006847826086956528,0.4420289855072464,0.39492753623188404,0.16304347826086957,neutral
2020-12-24,155,155,70,43,42,4,0.08264516129032258,0.45161290322580644,0.27741935483870966,0.2709677419354839,positive
2020-12-28,133,133,46,62,25,6,-0.08849624060150375,0.3458646616541353,0.46616541353383456,0.18796992481203006,negative
2020-12-29,142,142,90,30,22,7,0.20598591549295775,0.6338028169014085,0.2112676056338028,0.15492957746478872,positive
2020-12-30,181,181,85,69,27,8,0.010055248618784532,0.4696132596685083,0.3812154696132597,0.14917127071823205,neutral
2020-12-31,125,125,49,47,29,4,0.018320000000000003,0.392,0.376,0.232,neutral
2021-01-04,212,212,93,75,44,6,0.04089622641509434,0.4386792452830189,0.35377358490566035,0.20754716981132076,neutral
2021-01-05,252,252,124,67,61,8,0.09999999999999999,0.49206349206349204,0.26587301587301587,0.24206349206349206,positive
2021-01-06,325,325,149,91,85,9,0.07975384615384616,0.4584615384615385,0.28,0.26153846153846155,positive
2021-01-07,315,315,115,102,98,7,0.018412698412698415,0.36507936507936506,0.3238095238095238,0.3111111111111111,neutral
2021-01-08,226,226,89,90,47,9,-0.0079646017699115,0.3938053097345133,0.39823008849557523,0.2079646017699115,neutral
2021-01-11,218,218,75,105,38,8,-0.061467889908256884,0.3440366972477064,0.481651376146789,0.1743119266055046,negative
2021-01-12,255,255,101,87,67,8,0.005137254901960783,0.396078431372549,0.3411764705882353,0.2627450980392157,neutral
2021-01-13,273,273,105,117,51,9,-0.043663003663003665,0.38461538461538464,0.42857142857142855,0.18681318681318682,neutral
2021-01-14,254,254,97,108,49,9,-0.041417322834645665,0.38188976377952755,0.4251968503937008,0.19291338582677164,neutral
2021-01-15,277,277,87,123,67,9,-0.05129963898916967,0.3140794223826715,0.44404332129963897,0.24187725631768953,negative
2021-01-19,390,390,174,130,86,9,0.032025641025641025,0.4461538461538462,0.3333333333333333,0.2205128205128205,neutral
2021-01-20,234,234,91,74,69,7,0.03670940170940171,0.3888888888888889,0.3162393162393162,0.2948717948717949,neutral
2021-01-21,270,270,99,74,97,7,0.0452962962962963,0.36666666666666664,0.2740740740740741,0.3592592592592593,neutral
2021-01-22,290,290,81,132,77,5,-0.08120689655172414,0.2793103448275862,0.45517241379310347,0.2655172413793103,negative
2021-01-25,255,255,94,86,75,7,-0.006705882352941175,0.3686274509803922,0.33725490196078434,0.29411764705882354,neutral
2021-01-26,261,261,112,92,57,10,-0.005057471264367816,0.42911877394636017,0.3524904214559387,0.21839080459770116,neutral
2021-01-27,251,251,96,99,56,8,-0.031235059760956172,0.38247011952191234,0.3944223107569721,0.22310756972111553,neutral
2021-01-28,309,309,116,120,73,10,0.01388349514563107,0.37540453074433655,0.3883495145631068,0.23624595469255663,neutral
2021-01-29,288,288,139,83,66,7,0.1117361111111111,0.4826388888888889,0.2881944444444444,0.22916666666666666,positive
2021-02-01,257,257,121,70,66,9,0.07038910505836576,0.4708171206225681,0.2723735408560311,0.25680933852140075,positive
2021-02-02,233,233,89,77,67,10,0.01566523605150215,0.38197424892703863,0.33047210300429186,0.2875536480686695,neutral
2021-02-03,327,327,111,129,87,8,-0.03162079510703363,0.3394495412844037,0.3944954128440367,0.26605504587155965,neutral
2021-02-04,296,296,131,102,63,10,0.042533783783783786,0.44256756756756754,0.34459459459459457,0.21283783783783783,neutral
2021-02-05,290,290,124,62,104,8,0.10975862068965518,0.42758620689655175,0.21379310344827587,0.3586206896551724,positive
2021-02-08,193,193,101,58,34,8,0.11015544041450778,0.5233160621761658,0.3005181347150259,0.17616580310880828,positive
2021-02-09,262,262,121,94,47,8,0.05057251908396947,0.4618320610687023,0.35877862595419846,0.17938931297709923,positive
2021-02-10,339,339,118,102,119,11,0.018613569321533924,0.3480825958702065,0.3008849557522124,0.35103244837758113,neutral
2021-02-11,214,214,70,82,62,8,-0.03742990654205607,0.32710280373831774,0.38317757009345793,0.2897196261682243,neutral
2021-02-12,230,230,107,79,44,8,0.03969565217391304,0.4652173913043478,0.34347826086956523,0.19130434782608696,neutral
2021-02-16,443,443,212,143,88,9,0.054717832957110614,0.4785553047404063,0.3227990970654628,0.1986455981941309,positive
2021-02-17,349,349,153,137,59,8,0.042435530085959884,0.4383954154727794,0.39255014326647564,0.16905444126074498,neutral
2021-02-18,278,278,122,89,67,10,0.05071942446043165,0.43884892086330934,0.32014388489208634,0.24100719424460432,positive
2021-02-19,230,230,77,75,78,6,0.01978260869565218,0.3347826086956522,0.32608695652173914,0.3391304347826087,neutral
2021-02-22,256,256,150,63,43,8,0.1667578125,0.5859375,0.24609375,0.16796875,positive
2021-02-23,271,271,134,86,51,8,0.07808118081180812,0.4944649446494465,0.3173431734317343,0.1881918819188192,positive
2021-02-24,282,282,118,98,66,8,0.03641843971631206,0.41843971631205673,0.3475177304964539,0.23404255319148937,neutral
2021-02-25,257,257,131,73,53,6,0.10914396887159533,0.5097276264591439,0.2840466926070039,0.20622568093385213,positive
2021-02-26,265,265,98,108,59,9,-0.02090566037735849,0.36981132075471695,0.4075471698113208,0.22264150943396227,neutral
2021-03-01,295,295,147,94,54,8,0.10132203389830509,0.49830508474576274,0.31864406779661014,0.18305084745762712,positive
2021-03-02,290,290,97,110,83,9,-0.01617241379310345,0.33448275862068966,0.3793103448275862,0.28620689655172415,neutral
2021-03-03,265,265,102,74,89,9,0.03618867924528302,0.3849056603773585,0.2792452830188679,0.33584905660377357,neutral
2021-03-04,333,333,144,104,85,8,0.03636636636636637,0.43243243243243246,0.3123123123123123,0.2552552552552553,neutral
2021-03-05,322,322,154,84,84,7,0.11152173913043477,0.4782608695652174,0.2608695652173913,0.2608695652173913,positive
2021-03-08,249,249,109,88,52,7,0.03746987951807229,0.43775100401606426,0.3534136546184739,0.20883534136546184,neutral
2021-03-09,269,269,126,85,58,9,0.0712639405204461,0.4684014869888476,0.3159851301115242,0.21561338289962825,positive
2021-03-10,290,290,156,73,61,8,0.13531034482758622,0.5379310344827586,0.2517241379310345,0.2103448275862069,positive
2021-03-11,273,273,140,79,54,10,0.11084249084249084,0.5128205128205128,0.2893772893772894,0.1978021978021978,positive
2021-03-12,253,253,118,103,32,8,0.03833992094861661,0.466403162055336,0.40711462450592883,0.12648221343873517,neutral
2021-03-15,224,224,113,63,48,8,0.11272321428571429,0.5044642857142857,0.28125,0.21428571428571427,positive
2021-03-16,208,208,80,81,47,10,0.01389423076923077,0.38461538461538464,0.3894230769230769,0.22596153846153846,neutral
2021-03-17,294,294,110,122,62,8,-0.020170068027210882,0.3741496598639456,0.41496598639455784,0.2108843537414966,neutral
2021-03-18,348,348,102,140,106,9,-0.06293103448275862,0.29310344827586204,0.40229885057471265,0.3045977011494253,negative
2021-03-19,192,192,88,82,22,7,0.021406249999999998,0.4583333333333333,0.4270833333333333,0.11458333333333333,neutral
2021-03-22,241,241,101,85,55,9,0.00680497925311203,0.4190871369294606,0.35269709543568467,0.22821576763485477,neutral
2021-03-23,283,283,93,137,53,8,-0.07886925795053004,0.3286219081272085,0.4840989399293286,0.1872791519434629,negative
2021-03-24,270,270,98,91,81,7,0.0044444444444444444,0.362962962962963,0.337037037037037,0.3,neutral
2021-03-25,265,265,118,89,58,7,0.05230188679245283,0.44528301886792454,0.33584905660377357,0.2188679245283019,positive
2021-03-26,218,218,104,61,53,9,0.09862385321100918,0.47706422018348627,0.2798165137614679,0.24311926605504589,positive
2021-03-29,213,213,96,70,47,6,0.04488262910798122,0.4507042253521127,0.3286384976525822,0.22065727699530516,neutral
2021-03-30,272,272,118,79,75,7,0.10606617647058823,0.4338235294117647,0.29044117647058826,0.2757352941176471,positive
2021-03-31,266,266,143,79,44,10,0.13526315789473684,0.5375939849624061,0.29699248120300753,0.16541353383458646,positive
2021-04-01,258,258,131,60,67,8,0.1314341085271318,0.5077519379844961,0.23255813953488372,0.2596899224806202,positive
2021-04-05,234,234,90,93,51,7,0.0052564102564102546,0.38461538461538464,0.3974358974358974,0.21794871794871795,neutral
2021-04-06,223,223,118,63,42,9,0.10950672645739912,0.5291479820627802,0.2825112107623318,0.18834080717488788,positive
2021-04-07,292,292,110,69,113,8,0.07068493150684932,0.3767123287671233,0.2363013698630137,0.386986301369863,positive
2021-04-08,222,222,97,72,53,8,0.06666666666666667,0.4369369369369369,0.32432432432432434,0.23873873873873874,positive
2021-04-09,181,181,63,87,31,8,-0.043756906077348064,0.34806629834254144,0.48066298342541436,0.1712707182320442,neutral
2021-04-12,253,253,100,102,51,7,-0.0028853754940711463,0.3952569169960474,0.4031620553359684,0.2015810276679842,neutral
2021-04-13,262,262,116,96,50,9,0.03721374045801527,0.44274809160305345,0.366412213740458,0.19083969465648856,neutral
2021-04-14,227,227,123,60,44,8,0.12418502202643172,0.5418502202643172,0.2643171806167401,0.19383259911894274,positive
2021-04-15,278,278,148,64,66,11,0.15251798561151078,0.5323741007194245,0.2302158273381295,0.23741007194244604,positive
2021-04-16,182,182,85,58,39,7,0.07835164835164835,0.46703296703296704,0.31868131868131866,0.21428571428571427,positive
2021-04-19,205,205,93,64,48,6,0.0495609756097561,0.45365853658536587,0.3121951219512195,0.23414634146341465,neutral
2021-04-20,231,231,129,63,39,8,0.15242424242424243,0.5584415584415584,0.2727272727272727,0.16883116883116883,positive
2021-04-21,302,302,136,91,75,9,0.08841059602649007,0.4503311258278146,0.30132450331125826,0.24834437086092714,positive
2021-04-22,259,259,100,71,88,8,0.05810810810810811,0.3861003861003861,0.27413127413127414,0.33976833976833976,positive
2021-04-23,230,230,94,48,88,9,0.1036086956521739,0.40869565217391307,0.20869565217391303,0.3826086956521739,positive
2021-04-26,252,252,133,73,46,10,0.10706349206349207,0.5277777777777778,0.2896825396825397,0.18253968253968253,positive
2021-04-27,247,247,133,56,58,9,0.155668016194332,0.5384615384615384,0.22672064777327935,0.23481781376518218,positive
2021-04-28,267,267,127,74,66,10,0.08131086142322097,0.4756554307116105,0.27715355805243447,0.24719101123595505,positive
2021-04-29,290,290,137,67,86,8,0.13037931034482758,0.4724137931034483,0.23103448275862068,0.296551724137931,positive
2021-04-30,290,290,108,124,58,8,-0.030758620689655167,0.3724137931034483,0.42758620689655175,0.2,neutral
2021-05-03,239,239,119,52,68,8,0.13564853556485357,0.497907949790795,0.2175732217573222,0.28451882845188287,positive
2021-05-04,254,254,99,70,85,9,0.043228346456692913,0.38976377952755903,0.2755905511811024,0.3346456692913386,neutral
2021-05-05,302,302,126,89,87,9,0.08245033112582781,0.41721854304635764,0.2947019867549669,0.28807947019867547,positive
2021-05-06,273,273,124,82,67,10,0.0916849816849817,0.4542124542124542,0.30036630036630035,0.2454212454212454,positive
2021-05-07,224,224,132,45,47,5,0.19754464285714285,0.5892857142857143,0.20089285714285715,0.20982142857142858,positive
2021-05-10,260,260,101,76,83,8,0.043076923076923075,0.38846153846153847,0.2923076923076923,0.3192307692307692,neutral
2021-05-11,259,259,103,90,66,8,0.034633204633204635,0.39768339768339767,0.3474903474903475,0.2548262548262548,neutral
2021-05-12,329,329,122,116,91,9,0.013100303951367786,0.3708206686930091,0.3525835866261398,0.2765957446808511,neutral
2021-05-13,213,213,73,97,43,7,-0.04140845070422535,0.3427230046948357,0.45539906103286387,0.20187793427230047,neutral
2021-05-14,189,189,70,75,44,7,-0.016719576719576714,0.37037037037037035,0.3968253968253968,0.2328042328042328,neutral
2021-05-17,248,248,109,84,55,8,0.028467741935483872,0.43951612903225806,0.3387096774193548,0.2217741935483871,neutral
2021-05-18,234,234,126,77,31,9,0.09910256410256411,0.5384615384615384,0.32905982905982906,0.13247863247863248,positive
2021-05-19,300,300,91,119,90,8,-0.0252,0.30333333333333334,0.39666666666666667,0.3,neutral
2021-05-20,311,311,131,100,80,10,0.07025723472668811,0.4212218649517685,0.3215434083601286,0.2572347266881029,positive
2021-05-21,265,265,109,67,89,8,0.112,0.41132075471698115,0.2528301886792453,0.33584905660377357,positive
2021-05-24,204,204,91,74,39,8,0.06465686274509803,0.44607843137254904,0.3627450980392157,0.19117647058823528,positive
2021-05-25,263,263,107,66,90,10,0.07984790874524715,0.4068441064638783,0.2509505703422053,0.34220532319391633,positive
2021-05-26,184,184,81,50,53,11,0.06798913043478261,0.44021739130434784,0.2717391304347826,0.28804347826086957,positive
2021-05-27,219,219,107,68,44,9,0.12027397260273973,0.4885844748858447,0.3105022831050228,0.2009132420091324,positive
2021-05-28,214,214,103,45,66,8,0.13406542056074766,0.48130841121495327,0.2102803738317757,0.308411214953271,positive
2021-06-01,364,364,175,105,84,9,0.10829670329670328,0.4807692307692308,0.28846153846153844,0.23076923076923078,positive
2021-06-02,257,257,112,76,69,9,0.07910505836575876,0.4357976653696498,0.29571984435797666,0.26848249027237353,positive
2021-06-03,254,254,116,56,82,8,0.12299212598425198,0.4566929133858268,0.2204724409448819,0.3228346456692913,positive
2021-06-04,258,258,99,84,75,7,0.03930232558139535,0.38372093023255816,0.32558139534883723,0.29069767441860467,neutral
2021-06-07,217,217,91,77,49,10,0.03387096774193548,0.41935483870967744,0.3548387096774194,0.22580645161290322,neutral
2021-06-08,303,303,102,91,110,9,-0.00419141914191419,0.33663366336633666,0.30033003300330036,0.36303630363036304,neutral
2021-06-09,224,224,100,56,68,8,0.11299107142857143,0.44642857142857145,0.25,0.30357142857142855,positive
2021-06-10,271,271,110,89,72,9,0.04907749077490775,0.4059040590405904,0.3284132841328413,0.2656826568265683,neutral
2021-06-11,199,199,95,72,32,6,0.0428643216080402,0.47738693467336685,0.36180904522613067,0.16080402010050251,neutral
2021-06-14,222,222,80,95,47,9,-0.0404954954954955,0.36036036036036034,0.42792792792792794,0.21171171171171171,neutral
2021-06-15,266,266,106,93,67,9,0.029436090225563906,0.39849624060150374,0.34962406015037595,0.2518796992481203,neutral
2021-06-16,289,289,112,110,67,11,-0.015397923875432524,0.3875432525951557,0.3806228373702422,0.23183391003460208,neutral
2021-06-17,362,362,132,145,85,10,-0.03668508287292818,0.36464088397790057,0.4005524861878453,0.23480662983425415,neutral
2021-06-18,171,171,59,68,44,9,-0.05,0.34502923976608185,0.39766081871345027,0.2573099415204678,neutral
2021-06-21,212,212,101,56,55,11,0.08485849056603774,0.47641509433962265,0.2641509433962264,0.25943396226415094,positive
2021-06-22,205,205,91,62,52,8,0.05790243902439025,0.44390243902439025,0.3024390243902439,0.25365853658536586,positive
2021-06-23,260,260,114,64,82,8,0.07476923076923077,0.43846153846153846,0.24615384615384617,0.3153846153846154,positive
2021-06-24,322,322,120,98,104,8,0.020248447204968944,0.37267080745341613,0.30434782608695654,0.32298136645962733,neutral
2021-06-25,226,226,120,58,48,10,0.1304424778761062,0.5309734513274337,0.25663716814159293,0.21238938053097345,positive
2021-06-28,228,228,93,98,37,10,-0.025043859649122806,0.40789473684210525,0.4298245614035088,0.16228070175438597,neutral
2021-06-29,288,288,159,67,62,11,0.1617361111111111,0.5520833333333334,0.2326388888888889,0.2152777777777778,positive
2021-06-30,284,284,157,83,44,11,0.1201056338028169,0.5528169014084507,0.29225352112676056,0.15492957746478872,positive
2021-07-01,310,310,141,63,106,9,0.11703225806451613,0.45483870967741935,0.2032258064516129,0.3419354838709677,positive
2021-07-02,232,232,92,79,61,5,0.013836206896551722,0.39655172413793105,0.34051724137931033,0.2629310344827586,neutral
2021-07-06,291,291,117,102,72,7,0.021271477663230242,0.4020618556701031,0.35051546391752575,0.24742268041237114,neutral
2021-07-07,223,223,76,92,55,8,-0.013946188340807176,0.34080717488789236,0.4125560538116592,0.24663677130044842,neutral
2021-07-08,299,299,101,112,86,10,-0.025351170568561874,0.3377926421404682,0.3745819397993311,0.28762541806020064,neutral
2021-07-09,172,172,82,66,24,6,0.05302325581395349,0.47674418604651164,0.38372093023255816,0.13953488372093023,positive
2021-07-12,206,206,101,68,37,8,0.07393203883495145,0.49029126213592233,0.3300970873786408,0.1796116504854369,positive
2021-07-13,247,247,121,73,53,9,0.0822672064777328,0.4898785425101215,0.29554655870445345,0.2145748987854251,positive
2021-07-14,285,285,129,109,47,9,0.04771929824561404,0.45263157894736844,0.3824561403508772,0.1649122807017544,neutral
2021-07-15,319,319,124,121,74,8,-0.004420062695924763,0.3887147335423197,0.3793103448275862,0.23197492163009403,neutral
2021-07-16,164,164,66,67,31,7,0.00847560975609756,0.4024390243902439,0.40853658536585363,0.18902439024390244,neutral
2021-07-19,244,244,91,122,31,8,-0.05081967213114754,0.3729508196721312,0.5,0.12704918032786885,negative
2021-07-20,211,211,92,75,44,9,0.008672985781990522,0.43601895734597157,0.35545023696682465,0.20853080568720378,neutral
2021-07-21,248,248,106,75,67,11,0.06633064516129032,0.4274193548387097,0.3024193548387097,0.2701612903225806,positive
2021-07-22,292,292,138,96,58,9,0.04969178082191781,0.4726027397260274,0.3287671232876712,0.19863013698630136,neutral
2021-07-23,215,215,80,65,70,7,0.015023255813953485,0.37209302325581395,0.3023255813953488,0.32558139534883723,neutral
2021-07-26,191,191,94,66,31,9,0.0706282722513089,0.49214659685863876,0.34554973821989526,0.16230366492146597,positive
2021-07-27,220,220,102,66,52,7,0.08213636363636363,0.4636363636363636,0.3,0.23636363636363636,positive
2021-07-28,246,246,114,85,47,7,0.06540650406504064,0.4634146341463415,0.34552845528455284,0.1910569105691057,positive
2021-07-29,293,293,136,79,78,8,0.08993174061433448,0.4641638225255973,0.2696245733788396,0.26621160409556316,positive
2021-07-30,297,297,124,103,70,9,0.04309764309764309,0.4175084175084175,0.3468013468013468,0.2356902356902357,neutral
2021-08-02,227,227,85,96,46,6,-0.02682819383259912,0.3744493392070485,0.42290748898678415,0.2026431718061674,neutral
2021-08-03,223,223,85,68,70,7,0.0479372197309417,0.3811659192825112,0.30493273542600896,0.31390134529147984,neutral
2021-08-04,258,258,106,87,65,7,0.03244186046511628,0.4108527131782946,0.3372093023255814,0.25193798449612403,neutral
2021-08-05,301,301,102,81,118,10,0.04066445182724253,0.3388704318936877,0.2691029900332226,0.3920265780730897,neutral
2021-08-06,238,238,89,64,85,7,0.06231092436974789,0.3739495798319328,0.2689075630252101,0.35714285714285715,positive
2021-08-09,246,246,85,120,41,6,-0.05495934959349593,0.34552845528455284,0.4878048780487805,0.16666666666666666,negative
2021-08-10,193,193,87,49,57,7,0.09176165803108809,0.45077720207253885,0.2538860103626943,0.29533678756476683,positive
2021-08-11,262,262,127,83,52,8,0.07145038167938932,0.4847328244274809,0.31679389312977096,0.1984732824427481,positive
2021-08-12,308,308,130,105,73,8,0.056818181818181816,0.42207792207792205,0.3409090909090909,0.237012987012987,positive
2021-08-13,179,179,68,71,40,5,-0.003910614525139664,0.37988826815642457,0.39664804469273746,0.22346368715083798,neutral
2021-08-16,272,272,110,92,70,7,0.0342279411764706,0.40441176470588236,0.3382352941176471,0.25735294117647056,neutral
2021-08-17,222,222,96,87,39,8,0.03315315315315315,0.43243243243243246,0.3918918918918919,0.17567567567567569,neutral
2021-08-18,285,285,92,95,98,9,-0.008070175438596491,0.32280701754385965,0.3333333333333333,0.34385964912280703,neutral
2021-08-19,278,278,116,89,73,6,0.06974820143884893,0.4172661870503597,0.32014388489208634,0.26258992805755393,positive
2021-08-20,213,213,72,99,42,7,-0.06765258215962441,0.3380281690140845,0.4647887323943662,0.19718309859154928,negative
2021-08-23,257,257,113,73,71,6,0.06089494163424125,0.4396887159533074,0.2840466926070039,0.27626459143968873,positive
2021-08-24,206,206,108,45,53,10,0.14771844660194175,0.5242718446601942,0.21844660194174756,0.25728155339805825,positive
2021-08-25,229,229,98,67,64,8,0.0465938864628821,0.4279475982532751,0.2925764192139738,0.2794759825327511,neutral
2021-08-26,212,212,52,103,57,7,-0.1335377358490566,0.24528301886792453,0.4858490566037736,0.2688679245283019,negative
2021-08-27,214,214,96,78,40,6,0.03560747663551402,0.4485981308411215,0.3644859813084112,0.18691588785046728,neutral
2021-08-30,246,246,90,107,49,6,-0.052723577235772354,0.36585365853658536,0.4349593495934959,0.1991869918699187,negative
2021-08-31,250,250,97,110,43,8,0.0010399999999999984,0.388,0.44,0.172,neutral
2021-09-01,283,283,108,104,71,8,0.023356890459363955,0.38162544169611307,0.3674911660777385,0.2508833922261484,neutral
2021-09-02,286,286,130,68,88,9,0.11,0.45454545454545453,0.23776223776223776,0.3076923076923077,positive
2021-09-03,281,281,94,85,102,7,0.0013167259786476847,0.33451957295373663,0.302491103202847,0.36298932384341637,neutral
2021-09-07,314,314,147,105,62,9,0.06573248407643312,0.4681528662420382,0.3343949044585987,0.19745222929936307,positive
2021-09-08,215,215,116,69,30,6,0.08093023255813953,0.5395348837209303,0.3209302325581395,0.13953488372093023,positive
2021-09-09,294,294,129,96,69,11,0.06387755102040817,0.4387755102040816,0.32653061224489793,0.23469387755102042,positive
2021-09-10,240,240,105,93,42,9,0.03591666666666667,0.4375,0.3875,0.175,neutral
2021-09-13,226,226,115,60,51,10,0.10712389380530973,0.5088495575221239,0.26548672566371684,0.22566371681415928,positive
2021-09-14,285,285,147,60,78,9,0.1365964912280702,0.5157894736842106,0.21052631578947367,0.2736842105263158,positive
2021-09-15,241,241,127,71,43,9,0.11601659751037345,0.5269709543568465,0.2946058091286307,0.17842323651452283,positive
2021-09-16,266,266,116,80,70,10,0.07086466165413534,0.43609022556390975,0.3007518796992481,0.2631578947368421,positive
2021-09-17,164,164,83,45,36,9,0.1398170731707317,0.5060975609756098,0.27439024390243905,0.21951219512195122,positive
2021-09-20,259,259,84,110,65,9,-0.05158301158301158,0.32432432432432434,0.4247104247104247,0.25096525096525096,negative
2021-09-21,235,235,109,55,71,8,0.08634042553191489,0.46382978723404256,0.23404255319148937,0.3021276595744681,positive
2021-09-22,257,257,112,59,86,9,0.07350194552529184,0.4357976653696498,0.22957198443579765,0.3346303501945525,positive
2021-09-23,348,348,120,108,120,8,0.0012068965517241374,0.3448275862068966,0.3103448275862069,0.3448275862068966,neutral
2021-09-24,198,198,94,66,38,9,0.04388888888888889,0.47474747474747475,0.3333333333333333,0.1919191919191919,neutral
2021-09-27,266,266,161,68,37,9,0.15210526315789474,0.6052631578947368,0.2556390977443609,0.13909774436090225,positive
2021-09-28,280,280,117,110,53,9,0.028428571428571428,0.41785714285714287,0.39285714285714285,0.18928571428571428,neutral
2021-09-29,241,241,119,55,67,8,0.11684647302904565,0.49377593360995853,0.22821576763485477,0.27800829875518673,positive
2021-09-30,324,324,170,89,65,9,0.11499999999999999,0.5246913580246914,0.27469135802469136,0.2006172839506173,positive
2021-10-01,262,262,133,83,46,9,0.09164122137404579,0.5076335877862596,0.31679389312977096,0.17557251908396945,positive
2021-10-04,257,257,151,59,47,9,0.15719844357976656,0.5875486381322957,0.22957198443579765,0.1828793774319066,positive
2021-10-05,322,322,146,77,99,11,0.104472049689441,0.453416149068323,0.2391304347826087,0.30745341614906835,positive
2021-10-06,293,293,157,106,30,9,0.07935153583617748,0.5358361774744027,0.36177474402730375,0.10238907849829351,positive
2021-10-07,254,254,118,72,64,7,0.058818897637795284,0.4645669291338583,0.28346456692913385,0.25196850393700787,positive
2021-10-08,242,242,119,53,70,7,0.12789256198347107,0.49173553719008267,0.2190082644628099,0.2892561983471074,positive
2021-10-11,200,200,94,77,29,9,0.03985,0.47,0.385,0.145,neutral
2021-10-12,276,276,124,74,78,9,0.0644927536231884,0.4492753623188406,0.26811594202898553,0.2826086956521739,positive
2021-10-13,308,308,114,95,99,8,0.03441558441558441,0.37012987012987014,0.30844155844155846,0.32142857142857145,neutral
2021-10-14,323,323,153,97,73,9,0.07356037151702786,0.47368421052631576,0.30030959752321984,0.2260061919504644,positive
2021-10-15,289,289,158,85,46,8,0.06370242214532872,0.5467128027681661,0.29411764705882354,0.15916955017301038,positive
2021-10-18,314,314,146,107,61,9,0.04687898089171974,0.46496815286624205,0.34076433121019106,0.1942675159235669,neutral
2021-10-19,252,252,135,59,58,10,0.13174603174603175,0.5357142857142857,0.23412698412698413,0.23015873015873015,positive
2021-10-20,354,354,154,103,97,9,0.05296610169491525,0.4350282485875706,0.2909604519774011,0.2740112994350282,positive
2021-10-21,255,255,117,87,51,8,0.07670588235294117,0.4588235294117647,0.3411764705882353,0.2,positive
2021-10-22,244,244,86,68,90,7,0.03594262295081967,0.3524590163934426,0.2786885245901639,0.36885245901639346,neutral
2021-10-25,277,277,112,65,100,8,0.07162454873646208,0.4043321299638989,0.23465703971119134,0.36101083032490977,positive
2021-10-26,236,236,134,56,46,9,0.15351694915254235,0.5677966101694916,0.23728813559322035,0.19491525423728814,positive
2021-10-27,300,300,125,90,85,8,0.07283333333333333,0.4166666666666667,0.3,0.2833333333333333,positive
2021-10-28,307,307,114,118,75,7,-0.006286644951140067,0.3713355048859935,0.38436482084690554,0.24429967426710097,neutral
2021-10-29,326,326,163,85,78,8,0.1377914110429448,0.5,0.2607361963190184,0.2392638036809816,positive
2021-11-01,284,284,110,77,97,9,0.03626760563380282,0.3873239436619718,0.2711267605633803,0.3415492957746479,neutral
2021-11-02,228,228,104,65,59,10,0.06473684210526316,0.45614035087719296,0.2850877192982456,0.25877192982456143,positive
2021-11-03,313,313,124,125,64,10,-0.0059105431309904154,0.3961661341853035,0.3993610223642173,0.20447284345047922,neutral
2021-11-04,397,397,136,116,145,11,0.014937027707808566,0.3425692695214106,0.29219143576826195,0.36523929471032746,neutral
2021-11-05,254,254,119,82,53,9,0.0815748031496063,0.468503937007874,0.3228346456692913,0.20866141732283464,positive
2021-11-08,256,256,145,79,32,6,0.0978125,0.56640625,0.30859375,0.125,positive
2021-11-09,250,250,130,67,53,10,0.12359999999999999,0.52,0.268,0.212,positive
2021-11-10,329,329,125,138,66,8,0.014346504559270518,0.3799392097264438,0.4194528875379939,0.2006079027355623,neutral
2021-11-11,277,277,108,106,63,7,-0.007400722021660651,0.3898916967509025,0.38267148014440433,0.22743682310469315,neutral
2021-11-12,188,188,89,59,40,8,0.10414893617021276,0.4734042553191489,0.31382978723404253,0.2127659574468085,positive
2021-11-15,373,373,207,107,59,11,0.12329758713136729,0.5549597855227882,0.2868632707774799,0.1581769436997319,positive
2021-11-16,299,299,174,68,57,10,0.16187290969899665,0.5819397993311036,0.22742474916387959,0.19063545150501673,positive
2021-11-17,329,329,144,107,78,9,0.06927051671732523,0.4376899696048632,0.3252279635258359,0.23708206686930092,positive
2021-11-18,272,272,125,72,75,11,0.08397058823529412,0.45955882352941174,0.2647058823529412,0.2757352941176471,positive
2021-11-19,227,227,99,65,63,10,0.07823788546255506,0.43612334801762115,0.28634361233480177,0.2775330396475771,positive
2021-11-22,318,318,161,84,73,10,0.09594339622641508,0.5062893081761006,0.2641509433962264,0.22955974842767296,positive
2021-11-23,333,333,172,67,94,11,0.1373873873873874,0.5165165165165165,0.2012012012012012,0.2822822822822823,positive
2021-11-24,382,382,160,128,94,9,0.04895287958115183,0.418848167539267,0.33507853403141363,0.24607329842931938,neutral
2021-11-26,379,379,139,144,96,8,-0.037968337730870716,0.36675461741424803,0.37994722955145116,0.2532981530343008,neutral
2021-11-29,255,255,141,71,43,9,0.11709803921568628,0.5529411764705883,0.2784313725490196,0.16862745098039217,positive
2021-11-30,341,341,125,130,86,10,0.0031964809384164195,0.36656891495601174,0.3812316715542522,0.25219941348973607,neutral
2021-12-01,299,299,144,99,56,11,0.0796989966555184,0.4816053511705686,0.3311036789297659,0.18729096989966554,positive
2021-12-02,239,239,107,74,58,9,0.06656903765690377,0.4476987447698745,0.30962343096234307,0.24267782426778242,positive
2021-12-03,278,278,122,64,92,7,0.11115107913669064,0.43884892086330934,0.2302158273381295,0.33093525179856115,positive
2021-12-06,297,297,156,73,68,10,0.13148148148148148,0.5252525252525253,0.24579124579124578,0.22895622895622897,positive
2021-12-07,325,325,137,101,87,10,0.060461538461538455,0.42153846153846153,0.31076923076923074,0.2676923076923077,positive
2021-12-08,252,252,103,76,73,11,0.033452380952380956,0.4087301587301587,0.30158730158730157,0.2896825396825397,neutral
2021-12-09,282,282,89,129,64,9,-0.06453900709219858,0.31560283687943264,0.4574468085106383,0.22695035460992907,negative
2021-12-10,272,272,90,112,70,9,-0.00849264705882353,0.33088235294117646,0.4117647058823529,0.25735294117647056,neutral
2021-12-13,293,293,135,76,82,10,0.11044368600682594,0.46075085324232085,0.2593856655290102,0.27986348122866894,positive
2021-12-14,271,271,119,85,67,8,0.07324723247232472,0.43911439114391143,0.31365313653136534,0.24723247232472326,positive
2021-12-15,395,395,160,142,93,8,-0.01222784810126582,0.4050632911392405,0.3594936708860759,0.23544303797468355,neutral
2021-12-16,433,433,165,129,139,8,0.025265588914549653,0.3810623556581986,0.2979214780600462,0.3210161662817552,neutral
2021-12-17,258,258,128,87,43,11,0.050465116279069765,0.49612403100775193,0.3372093023255814,0.16666666666666666,positive
2021-12-20,268,268,109,97,62,10,0.02970149253731343,0.40671641791044777,0.3619402985074627,0.23134328358208955,neutral
2021-12-21,217,217,131,34,52,9,0.2038709677419355,0.6036866359447005,0.15668202764976957,0.23963133640552994,positive
2021-12-22,235,235,123,54,58,9,0.1405531914893617,0.5234042553191489,0.2297872340425532,0.24680851063829787,positive
2021-12-23,215,215,101,50,64,6,0.10572093023255814,0.4697674418604651,0.23255813953488372,0.29767441860465116,positive
2021-12-27,167,167,81,52,34,5,0.06676646706586827,0.48502994011976047,0.31137724550898205,0.20359281437125748,positive
2021-12-28,141,141,62,37,42,8,0.07815602836879432,0.4397163120567376,0.2624113475177305,0.2978723404255319,positive
2021-12-29,138,138,56,55,27,5,-0.02630434782608695,0.4057971014492754,0.39855072463768115,0.1956521739130435,neutral
2021-12-30,121,121,62,44,15,4,0.07975206611570249,0.512396694214876,0.36363636363636365,0.12396694214876033,positive
2021-12-31,85,85,48,23,14,4,0.17152941176470587,0.5647058823529412,0.27058823529411763,0.16470588235294117,positive
2022-01-03,149,149,67,43,39,7,0.055100671140939604,0.44966442953020136,0.28859060402684567,0.26174496644295303,positive
2022-01-04,205,205,96,57,52,8,0.0998048780487805,0.4682926829268293,0.2780487804878049,0.25365853658536586,positive
2022-01-05,324,324,138,89,97,9,0.05888888888888889,0.42592592592592593,0.27469135802469136,0.2993827160493827,positive
2022-01-06,344,344,131,109,104,8,0.024738372093023254,0.3808139534883721,0.3168604651162791,0.3023255813953488,neutral
2022-01-07,252,252,94,87,71,9,0.008174603174603171,0.373015873015873,0.34523809523809523,0.28174603174603174,neutral
2022-01-10,193,193,71,63,59,9,0.01989637305699482,0.36787564766839376,0.32642487046632124,0.30569948186528495,neutral
2022-01-11,204,204,95,70,39,9,0.03558823529411764,0.46568627450980393,0.3431372549019608,0.19117647058823528,neutral
2022-01-12,310,310,172,101,37,9,0.10099999999999999,0.5548387096774193,0.3258064516129032,0.11935483870967742,positive
2022-01-13,190,190,84,67,39,8,0.03942105263157895,0.4421052631578947,0.3526315789473684,0.20526315789473684,neutral
2022-01-14,280,280,106,113,61,6,-0.017107142857142855,0.37857142857142856,0.4035714285714286,0.21785714285714286,neutral
2022-01-18,420,420,203,105,112,9,0.10171428571428572,0.48333333333333334,0.25,0.26666666666666666,positive
2022-01-19,246,246,94,82,70,9,0.030813008130081303,0.3821138211382114,0.3333333333333333,0.2845528455284553,neutral
2022-01-20,392,392,160,109,123,8,0.06594387755102041,0.40816326530612246,0.2780612244897959,0.3137755102040816,positive
2022-01-21,196,196,65,91,40,8,-0.0851530612244898,0.33163265306122447,0.4642857142857143,0.20408163265306123,negative
2022-01-24,350,350,102,139,109,9,-0.04122857142857143,0.2914285714285714,0.39714285714285713,0.31142857142857144,neutral
2022-01-25,240,240,110,62,68,8,0.09845833333333333,0.4583333333333333,0.25833333333333336,0.2833333333333333,positive
2022-01-26,309,309,127,109,73,8,0.019579288025889968,0.4110032362459547,0.35275080906148865,0.23624595469255663,neutral
2022-01-27,322,322,127,120,75,9,0.012142857142857141,0.3944099378881988,0.37267080745341613,0.2329192546583851,neutral
2022-01-28,270,270,133,87,50,6,0.06440740740740741,0.4925925925925926,0.32222222222222224,0.18518518518518517,positive
2022-01-31,349,349,164,100,85,9,0.0859025787965616,0.4699140401146132,0.28653295128939826,0.24355300859598855,positive
2022-02-01,300,300,131,97,72,10,0.047733333333333336,0.43666666666666665,0.3233333333333333,0.24,neutral
2022-02-02,274,274,124,94,56,7,0.03726277372262774,0.45255474452554745,0.34306569343065696,0.20437956204379562,neutral
2022-02-03,336,336,118,113,105,11,-0.0060714285714285705,0.35119047619047616,0.33630952380952384,0.3125,neutral
2022-02-04,300,300,144,76,80,5,0.10873333333333332,0.48,0.25333333333333335,0.26666666666666666,positive
2022-02-07,318,318,171,94,53,6,0.1260377358490566,0.5377358490566038,0.29559748427672955,0.16666666666666666,positive
2022-02-08,259,259,102,87,70,7,0.026911196911196908,0.3938223938223938,0.3359073359073359,0.2702702702702703,neutral
2022-02-09,221,221,126,49,46,7,0.15751131221719458,0.5701357466063348,0.22171945701357465,0.2081447963800905,positive
2022-02-10,285,285,94,94,97,7,0.0042807017543859665,0.3298245614035088,0.3298245614035088,0.34035087719298246,neutral
2022-02-11,214,214,86,64,64,8,0.015140186915887853,0.40186915887850466,0.29906542056074764,0.29906542056074764,neutral
2022-02-14,251,251,106,85,60,8,0.013944223107569721,0.42231075697211157,0.3386454183266932,0.23904382470119523,neutral
2022-02-15,287,287,125,98,64,8,0.04313588850174216,0.4355400696864111,0.34146341463414637,0.2229965156794425,neutral
2022-02-16,346,346,183,98,65,10,0.11592485549132948,0.5289017341040463,0.2832369942196532,0.18786127167630057,positive
2022-02-17,325,325,136,101,88,9,0.06403076923076922,0.41846153846153844,0.31076923076923074,0.27076923076923076,positive
2022-02-18,214,214,99,68,47,6,0.07060747663551402,0.46261682242990654,0.3177570093457944,0.21962616822429906,positive
2022-02-22,451,451,201,137,113,8,0.051862527716186255,0.44567627494456763,0.30376940133037694,0.25055432372505543,positive
2022-02-23,252,252,107,94,51,7,0.011428571428571436,0.4246031746031746,0.373015873015873,0.20238095238095238,neutral
2022-02-24,427,427,180,166,81,11,0.0004683840749414545,0.4215456674473068,0.38875878220140514,0.18969555035128804,neutral
2022-02-25,285,285,116,117,52,7,-0.030315789473684213,0.4070175438596491,0.4105263157894737,0.1824561403508772,neutral
2022-02-28,436,436,212,157,67,8,0.04830275229357798,0.48623853211009177,0.36009174311926606,0.1536697247706422,neutral
2022-03-01,377,377,179,106,92,10,0.09994694960212201,0.47480106100795755,0.28116710875331563,0.2440318302387268,positive
2022-03-02,350,350,172,102,76,10,0.09477142857142858,0.49142857142857144,0.2914285714285714,0.21714285714285714,positive
2022-03-03,316,316,135,98,83,9,0.05028481012658228,0.4272151898734177,0.310126582278481,0.2626582278481013,positive
2022-03-04,341,341,153,138,50,8,0.008445747800586512,0.44868035190615835,0.4046920821114369,0.1466275659824047,neutral
2022-03-07,322,322,154,128,40,9,0.026459627329192544,0.4782608695652174,0.39751552795031053,0.12422360248447205,neutral
2022-03-08,397,397,176,142,79,10,0.02309823677581864,0.4433249370277078,0.35768261964735515,0.19899244332493704,neutral
2022-03-09,337,337,141,138,58,10,-0.01697329376854599,0.41839762611275966,0.4094955489614243,0.17210682492581603,neutral
2022-03-10,343,343,134,138,71,9,-0.016530612244897956,0.39067055393586003,0.40233236151603496,0.20699708454810495,neutral
2022-03-11,264,264,96,126,42,7,-0.06958333333333333,0.36363636363636365,0.4772727272727273,0.1590909090909091,negative
2022-03-14,263,263,77,141,45,10,-0.12334600760456273,0.29277566539923955,0.5361216730038023,0.17110266159695817,negative
2022-03-15,322,322,127,144,51,10,-0.0434472049689441,0.3944099378881988,0.4472049689440994,0.15838509316770186,neutral
2022-03-16,352,352,132,164,56,9,-0.0678125,0.375,0.4659090909090909,0.1590909090909091,negative
2022-03-17,373,373,151,163,59,8,-0.053109919571045584,0.40482573726541554,0.43699731903485256,0.1581769436997319,negative
2022-03-18,222,222,93,79,50,8,-0.006666666666666668,0.4189189189189189,0.35585585585585583,0.22522522522522523,neutral
2022-03-21,281,281,126,104,51,9,0.03345195729537367,0.4483985765124555,0.3701067615658363,0.18149466192170818,neutral
2022-03-22,262,262,116,113,33,8,-0.004465648854961834,0.44274809160305345,0.4312977099236641,0.12595419847328243,neutral
2022-03-23,276,276,156,84,36,9,0.13014492753623189,0.5652173913043478,0.30434782608695654,0.13043478260869565,positive
2022-03-24,349,349,135,105,109,10,0.04005730659025788,0.3868194842406877,0.3008595988538682,0.3123209169054441,neutral
2022-03-25,289,289,142,106,41,8,0.0802076124567474,0.4913494809688581,0.36678200692041524,0.14186851211072665,positive
2022-03-28,303,303,119,123,61,10,-0.011221122112211223,0.3927392739273927,0.40594059405940597,0.20132013201320131,neutral
2022-03-29,313,313,142,102,69,9,0.07364217252396166,0.4536741214057508,0.3258785942492013,0.22044728434504793,positive
2022-03-30,288,288,129,97,62,8,0.05996527777777778,0.4479166666666667,0.3368055555555556,0.2152777777777778,positive
2022-03-31,308,308,155,88,65,9,0.10957792207792208,0.5032467532467533,0.2857142857142857,0.21103896103896103,positive
2022-04-01,283,283,123,96,64,7,0.06017667844522968,0.43462897526501765,0.3392226148409894,0.22614840989399293,positive
2022-04-04,301,301,147,79,75,10,0.11561461794019932,0.4883720930232558,0.26245847176079734,0.24916943521594684,positive
2022-04-05,339,339,154,74,111,10,0.11749262536873156,0.45427728613569324,0.2182890855457227,0.3274336283185841,positive
2022-04-06,299,299,140,100,59,12,0.06424749163879599,0.4682274247491639,0.33444816053511706,0.19732441471571907,positive
2022-04-07,234,234,104,70,60,9,0.0738034188034188,0.4444444444444444,0.29914529914529914,0.2564102564102564,positive
2022-04-08,212,212,104,73,35,9,0.08825471698113208,0.49056603773584906,0.3443396226415094,0.1650943396226415,positive
2022-04-11,305,305,144,88,73,9,0.08560655737704918,0.4721311475409836,0.28852459016393445,0.23934426229508196,positive
2022-04-12,339,339,126,124,89,8,0.0007964601769911523,0.37168141592920356,0.36578171091445427,0.26253687315634217,neutral
2022-04-13,330,330,134,149,47,7,-0.055212121212121205,0.40606060606060607,0.45151515151515154,0.14242424242424243,negative
2022-04-14,327,327,140,106,81,8,0.047186544342507644,0.42813455657492355,0.3241590214067278,0.24770642201834864,neutral
2022-04-18,269,269,139,87,43,7,0.08245353159851301,0.516728624535316,0.32342007434944237,0.15985130111524162,positive
2022-04-19,210,210,72,85,53,11,-0.03133333333333333,0.34285714285714286,0.40476190476190477,0.2523809523809524,neutral
2022-04-20,271,271,115,92,64,8,0.053690036900369005,0.42435424354243545,0.33948339483394835,0.23616236162361623,positive
2022-04-21,230,230,100,82,48,8,0.029695652173913043,0.43478260869565216,0.3565217391304348,0.20869565217391303,neutral
2022-04-22,228,228,71,90,67,6,-0.035,0.31140350877192985,0.39473684210526316,0.29385964912280704,neutral
2022-04-25,272,272,101,123,48,9,-0.04650735294117647,0.3713235294117647,0.4522058823529412,0.17647058823529413,neutral
2022-04-26,240,240,124,60,56,9,0.11183333333333333,0.5166666666666667,0.25,0.23333333333333334,positive
2022-04-27,297,297,130,86,81,8,0.07454545454545455,0.4377104377104377,0.2895622895622896,0.2727272727272727,positive
2022-04-28,343,343,151,102,90,9,0.07793002915451895,0.4402332361516035,0.29737609329446063,0.26239067055393583,positive
2022-04-29,324,324,163,91,70,9,0.12604938271604937,0.5030864197530864,0.2808641975308642,0.21604938271604937,positive
2022-05-02,244,244,101,82,61,8,0.03799180327868852,0.4139344262295082,0.3360655737704918,0.25,neutral
2022-05-03,228,228,83,88,57,7,-0.011535087719298249,0.36403508771929827,0.38596491228070173,0.25,neutral
2022-05-04,375,375,164,114,97,7,0.03472,0.43733333333333335,0.304,0.25866666666666666,neutral
2022-05-05,340,340,144,140,56,8,-0.03185294117647059,0.4235294117647059,0.4117647058823529,0.16470588235294117,neutral
2022-05-06,209,209,87,83,39,7,0.004258373205741622,0.41626794258373206,0.39712918660287083,0.18660287081339713,neutral
2022-05-09,256,256,103,115,38,8,-0.0412890625,0.40234375,0.44921875,0.1484375,neutral
2022-05-10,208,208,76,80,52,9,-0.01639423076923077,0.36538461538461536,0.38461538461538464,0.25,neutral
2022-05-11,309,309,181,82,46,8,0.1523948220064725,0.5857605177993528,0.26537216828478966,0.1488673139158576,positive
2022-05-12,312,312,127,129,56,8,-0.02211538461538461,0.40705128205128205,0.41346153846153844,0.1794871794871795,neutral
2022-05-13,169,169,76,65,28,6,0.02076923076923077,0.44970414201183434,0.38461538461538464,0.16568047337278108,neutral
2022-05-16,326,326,141,115,70,7,0.028374233128834355,0.4325153374233129,0.35276073619631904,0.2147239263803681,neutral
2022-05-17,256,256,151,63,42,10,0.1659765625,0.58984375,0.24609375,0.1640625,positive
2022-05-18,292,292,120,121,51,7,0.022773972602739726,0.410958904109589,0.4143835616438356,0.17465753424657535,neutral
2022-05-19,263,263,105,96,62,10,0.003460076045627376,0.39923954372623577,0.3650190114068441,0.23574144486692014,neutral
2022-05-20,260,260,134,66,60,9,0.13603846153846152,0.5153846153846153,0.25384615384615383,0.23076923076923078,positive
2022-05-23,231,231,134,61,36,7,0.16757575757575757,0.5800865800865801,0.26406926406926406,0.15584415584415584,positive
2022-05-24,278,278,111,86,81,11,0.03514388489208633,0.39928057553956836,0.30935251798561153,0.29136690647482016,neutral
2022-05-25,337,337,142,114,81,9,0.03658753709198813,0.42136498516320475,0.33827893175074186,0.2403560830860534,neutral
2022-05-26,250,250,99,73,78,11,0.03628,0.396,0.292,0.312,neutral
2022-05-27,197,197,102,51,44,9,0.11736040609137056,0.5177664974619289,0.25888324873096447,0.2233502538071066,positive
2022-05-31,499,499,218,153,128,8,0.07296593186372746,0.43687374749499,0.3066132264529058,0.2565130260521042,positive
2022-06-01,223,223,109,59,55,10,0.10457399103139013,0.48878923766816146,0.2645739910313901,0.24663677130044842,positive
2022-06-02,288,288,144,85,59,7,0.0735763888888889,0.5,0.2951388888888889,0.2048611111111111,positive
2022-06-03,211,211,95,58,58,9,0.10587677725118483,0.45023696682464454,0.27488151658767773,0.27488151658767773,positive
2022-06-06,209,209,98,61,50,9,0.10559808612440191,0.4688995215311005,0.291866028708134,0.23923444976076555,positive
2022-06-07,317,317,141,88,88,9,0.08539432176656152,0.444794952681388,0.277602523659306,0.277602523659306,positive
2022-06-08,350,350,147,112,91,9,0.053542857142857135,0.42,0.32,0.26,positive
2022-06-09,268,268,97,105,66,9,-0.03675373134328358,0.3619402985074627,0.3917910447761194,0.2462686567164179,neutral
2022-06-10,274,274,109,98,67,8,0.032810218978102185,0.3978102189781022,0.35766423357664234,0.24452554744525548,neutral
2022-06-13,307,307,120,135,52,10,-0.029641693811074923,0.39087947882736157,0.43973941368078173,0.16938110749185667,neutral
2022-06-14,241,241,92,93,56,8,-0.03834024896265561,0.3817427385892116,0.38589211618257263,0.23236514522821577,neutral
2022-06-15,382,382,140,169,73,9,-0.05599476439790576,0.36649214659685864,0.4424083769633508,0.19109947643979058,negative
2022-06-16,328,328,122,154,52,8,-0.08103658536585365,0.3719512195121951,0.4695121951219512,0.15853658536585366,negative
2022-06-17,208,208,69,94,45,10,-0.068125,0.3317307692307692,0.4519230769230769,0.21634615384615385,negative
2022-06-21,371,371,145,121,105,7,0.01032345013477089,0.3908355795148248,0.3261455525606469,0.2830188679245283,neutral
2022-06-22,284,284,108,132,44,8,-0.06073943661971831,0.38028169014084506,0.4647887323943662,0.15492957746478872,negative
2022-06-23,310,310,78,135,97,11,-0.12596774193548385,0.25161290322580643,0.43548387096774194,0.31290322580645163,negative
2022-06-24,231,231,116,80,35,8,0.03129870129870129,0.5021645021645021,0.3463203463203463,0.15151515151515152,neutral
2022-06-27,229,229,108,91,30,8,0.01615720524017467,0.47161572052401746,0.39737991266375544,0.13100436681222707,neutral
2022-06-28,208,208,102,68,38,9,0.06610576923076922,0.49038461538461536,0.3269230769230769,0.18269230769230768,positive
2022-06-29,292,292,138,106,48,8,0.0413013698630137,0.4726027397260274,0.363013698630137,0.1643835616438356,neutral
2022-06-30,305,305,142,103,60,11,0.07967213114754097,0.46557377049180326,0.3377049180327869,0.19672131147540983,positive
2022-07-01,216,216,74,93,49,8,-0.05574074074074074,0.3425925925925926,0.4305555555555556,0.22685185185185186,negative
2022-07-05,352,352,135,170,47,9,-0.04153409090909091,0.3835227272727273,0.48295454545454547,0.13352272727272727,neutral
2022-07-06,283,283,97,92,94,10,0.012968197879858655,0.34275618374558303,0.3250883392226148,0.3321554770318021,neutral
2022-07-07,288,288,114,104,70,8,-0.018958333333333334,0.3958333333333333,0.3611111111111111,0.24305555555555555,neutral
2022-07-08,213,213,97,72,44,10,0.03741784037558685,0.45539906103286387,0.3380281690140845,0.20657276995305165,neutral
2022-07-11,209,209,86,81,42,6,0.03574162679425837,0.41148325358851673,0.3875598086124402,0.20095693779904306,neutral
2022-07-12,265,265,75,138,52,10,-0.12543396226415096,0.2830188679245283,0.5207547169811321,0.19622641509433963,negative
2022-07-13,361,361,135,166,60,10,-0.060083102493074796,0.3739612188365651,0.4598337950138504,0.16620498614958448,negative
2022-07-14,296,296,115,113,68,8,0.018952702702702696,0.3885135135135135,0.38175675675675674,0.22972972972972974,neutral
2022-07-15,240,240,106,86,48,7,0.03266666666666666,0.44166666666666665,0.35833333333333334,0.2,neutral
2022-07-18,221,221,106,80,35,7,0.040180995475113127,0.4796380090497738,0.36199095022624433,0.1583710407239819,neutral
2022-07-19,254,254,118,78,58,10,0.059921259842519684,0.4645669291338583,0.30708661417322836,0.2283464566929134,positive
2022-07-20,303,303,100,128,75,9,-0.029933993399339935,0.33003300330033003,0.42244224422442245,0.24752475247524752,neutral
2022-07-21,337,337,115,168,54,10,-0.07623145400593472,0.34124629080118696,0.49851632047477745,0.16023738872403562,negative
2022-07-22,288,288,117,93,78,9,0.030104166666666668,0.40625,0.3229166666666667,0.2708333333333333,neutral
2022-07-25,261,261,101,93,67,8,-0.009693486590038311,0.38697318007662834,0.3563218390804598,0.2567049808429119,neutral
2022-07-26,253,253,117,80,56,6,0.0508695652173913,0.4624505928853755,0.31620553359683795,0.22134387351778656,positive
2022-07-27,311,311,129,120,62,7,-0.02745980707395498,0.41479099678456594,0.3858520900321543,0.19935691318327975,neutral
2022-07-28,297,297,119,112,66,10,0.01582491582491582,0.4006734006734007,0.3771043771043771,0.2222222222222222,neutral
2022-07-29,274,274,125,86,63,7,0.06156934306569342,0.4562043795620438,0.31386861313868614,0.22992700729927007,positive
2022-08-01,276,276,89,133,54,9,-0.09416666666666668,0.322463768115942,0.48188405797101447,0.1956521739130435,negative
2022-08-02,204,204,64,90,50,10,-0.07872549019607843,0.3137254901960784,0.4411764705882353,0.24509803921568626,negative
2022-08-03,294,294,118,93,83,8,0.03636054421768708,0.4013605442176871,0.3163265306122449,0.282312925170068,neutral
2022-08-04,333,333,112,111,110,8,-0.023213213213213214,0.33633633633633636,0.3333333333333333,0.3303303303303303,neutral
2022-08-05,270,270,81,121,68,9,-0.06940740740740742,0.3,0.44814814814814813,0.2518518518518518,negative
2022-08-08,223,223,105,97,21,6,-0.0025560538116591943,0.47085201793721976,0.4349775784753363,0.09417040358744394,neutral
2022-08-09,240,240,107,76,57,11,0.0545,0.44583333333333336,0.31666666666666665,0.2375,positive
2022-08-10,297,297,108,128,61,8,-0.05249158249158249,0.36363636363636365,0.43097643097643096,0.2053872053872054,negative
2022-08-11,246,246,113,90,43,8,0.03203252032520326,0.45934959349593496,0.36585365853658536,0.17479674796747968,neutral
2022-08-12,234,234,91,98,45,8,-0.01653846153846154,0.3888888888888889,0.4188034188034188,0.19230769230769232,neutral
2022-08-15,309,309,112,155,42,8,-0.07919093851132686,0.36245954692556637,0.5016181229773463,0.13592233009708737,negative
2022-08-16,232,232,87,95,50,8,-0.03176724137931034,0.375,0.40948275862068967,0.21551724137931033,neutral
2022-08-17,302,302,118,101,83,7,0.0373841059602649,0.39072847682119205,0.3344370860927152,0.27483443708609273,neutral
2022-08-18,286,286,125,84,77,9,0.06087412587412588,0.4370629370629371,0.2937062937062937,0.2692307692307692,positive
2022-08-19,179,179,66,83,30,5,-0.04150837988826815,0.3687150837988827,0.46368715083798884,0.16759776536312848,neutral
2022-08-22,235,235,94,95,46,8,0.014382978723404254,0.4,0.40425531914893614,0.19574468085106383,neutral
2022-08-23,253,253,103,76,74,8,0.0558498023715415,0.40711462450592883,0.30039525691699603,0.2924901185770751,positive
2022-08-24,211,211,87,74,50,8,0.010426540284360195,0.41232227488151657,0.35071090047393366,0.23696682464454977,neutral
2022-08-25,256,256,107,92,57,8,0.0251171875,0.41796875,0.359375,0.22265625,neutral
2022-08-26,231,231,92,64,75,9,0.05406926406926407,0.39826839826839827,0.27705627705627706,0.3246753246753247,positive
2022-08-29,224,224,108,79,37,9,0.057678571428571426,0.48214285714285715,0.35267857142857145,0.16517857142857142,positive
2022-08-30,214,214,87,79,48,8,0.02177570093457944,0.40654205607476634,0.3691588785046729,0.22429906542056074,neutral
2022-08-31,273,273,122,97,54,7,0.03307692307692308,0.4468864468864469,0.3553113553113553,0.1978021978021978,neutral
2022-09-01,320,320,124,113,83,10,0.012968750000000001,0.3875,0.353125,0.259375,neutral
2022-09-02,228,228,111,82,35,11,0.05714912280701754,0.4868421052631579,0.35964912280701755,0.15350877192982457,positive
2022-09-06,400,400,157,154,89,8,0.0174,0.3925,0.385,0.2225,neutral
2022-09-07,399,399,176,125,98,9,0.06458646616541354,0.44110275689223055,0.3132832080200501,0.24561403508771928,positive
2022-09-08,357,357,142,163,52,9,-0.021792717086834733,0.39775910364145656,0.4565826330532213,0.14565826330532214,neutral
2022-09-09,192,192,80,77,35,7,-0.008229166666666668,0.4166666666666667,0.4010416666666667,0.18229166666666666,neutral
2022-09-12,316,316,160,91,65,8,0.09003164556962025,0.5063291139240507,0.2879746835443038,0.20569620253164558,positive
2022-09-13,308,308,125,106,77,9,0.02737012987012987,0.40584415584415584,0.34415584415584416,0.25,neutral
2022-09-14,348,348,143,132,73,10,0.006896551724137932,0.4109195402298851,0.3793103448275862,0.20977011494252873,neutral
2022-09-15,323,323,134,117,72,7,0.01653250773993808,0.4148606811145511,0.3622291021671827,0.22291021671826625,neutral
2022-09-16,214,214,94,91,29,8,-0.015654205607476636,0.4392523364485981,0.4252336448598131,0.13551401869158877,neutral
2022-09-19,244,244,106,79,59,8,0.008032786885245901,0.4344262295081967,0.3237704918032787,0.24180327868852458,neutral
2022-09-20,318,318,170,82,66,11,0.13817610062893082,0.5345911949685535,0.2578616352201258,0.20754716981132076,positive
2022-09-21,360,360,119,161,80,10,-0.08572222222222223,0.33055555555555555,0.44722222222222224,0.2222222222222222,negative
2022-09-22,407,407,148,189,70,11,-0.0774938574938575,0.36363636363636365,0.4643734643734644,0.171990171990172,negative
2022-09-23,254,254,52,136,66,8,-0.17303149606299215,0.2047244094488189,0.5354330708661418,0.25984251968503935,negative
2022-09-26,299,299,100,159,40,8,-0.10317725752508361,0.33444816053511706,0.5317725752508361,0.13377926421404682,negative
2022-09-27,269,269,128,88,53,10,0.0742007434944238,0.4758364312267658,0.3271375464684015,0.1970260223048327,positive
2022-09-28,299,299,130,120,49,9,0.00471571906354515,0.43478260869565216,0.4013377926421405,0.16387959866220736,neutral
2022-09-29,298,298,104,133,61,9,-0.033791946308724834,0.348993288590604,0.4463087248322148,0.20469798657718122,neutral
2022-09-30,270,270,105,96,69,10,0.002222222222222219,0.3888888888888889,0.35555555555555557,0.25555555555555554,neutral
2022-10-03,269,269,116,99,54,9,-0.01657992565055762,0.4312267657992565,0.3680297397769517,0.20074349442379183,neutral
2022-10-04,251,251,135,67,49,10,0.1198406374501992,0.5378486055776892,0.26693227091633465,0.1952191235059761,positive
2022-10-05,341,341,129,92,120,8,0.03850439882697947,0.3782991202346041,0.2697947214076246,0.3519061583577713,neutral
2022-10-06,285,285,135,95,55,11,0.039578947368421054,0.47368421052631576,0.3333333333333333,0.19298245614035087,neutral
2022-10-07,257,257,128,64,65,9,0.11743190661478599,0.4980544747081712,0.2490272373540856,0.2529182879377432,positive
2022-10-10,205,205,59,113,33,4,-0.11502439024390243,0.28780487804878047,0.551219512195122,0.16097560975609757,negative
2022-10-11,234,234,112,79,43,11,0.0691025641025641,0.47863247863247865,0.33760683760683763,0.18376068376068377,positive
2022-10-12,332,332,103,103,126,10,-0.0019879518072289156,0.3102409638554217,0.3102409638554217,0.3795180722891566,neutral
2022-10-13,309,309,121,110,78,10,0.019417475728155338,0.39158576051779936,0.3559870550161812,0.2524271844660194,neutral
2022-10-14,244,244,98,96,50,9,-0.0034426229508196754,0.4016393442622951,0.39344262295081966,0.20491803278688525,neutral
2022-10-17,267,267,122,99,46,9,0.04640449438202247,0.45692883895131087,0.3707865168539326,0.17228464419475656,neutral
2022-10-18,217,217,89,68,60,10,0.0412442396313364,0.41013824884792627,0.31336405529953915,0.2764976958525346,neutral
2022-10-19,296,296,138,99,59,10,0.0631081081081081,0.46621621621621623,0.3344594594594595,0.19932432432432431,positive
2022-10-20,327,327,124,134,69,8,-0.034006116207951076,0.37920489296636084,0.40978593272171254,0.21100917431192662,neutral
2022-10-21,205,205,85,88,32,9,-0.02117073170731707,0.4146341463414634,0.4292682926829268,0.15609756097560976,neutral
2022-10-24,358,358,157,116,85,8,0.06502793296089386,0.43854748603351956,0.3240223463687151,0.23743016759776536,positive
2022-10-25,258,258,137,72,49,11,0.12375968992248063,0.5310077519379846,0.27906976744186046,0.18992248062015504,positive
2022-10-26,304,304,143,86,75,10,0.07888157894736843,0.47039473684210525,0.28289473684210525,0.24671052631578946,positive
2022-10-27,346,346,154,124,68,10,0.024393063583815027,0.44508670520231214,0.3583815028901734,0.19653179190751446,neutral
2022-10-28,272,272,105,108,59,8,0.001985294117647058,0.3860294117647059,0.39705882352941174,0.21691176470588236,neutral
2022-10-31,321,321,112,165,44,7,-0.07514018691588785,0.34890965732087226,0.514018691588785,0.13707165109034267,negative
2022-11-01,246,246,126,79,41,7,0.08223577235772359,0.5121951219512195,0.32113821138211385,0.16666666666666666,positive
2022-11-02,313,313,134,104,75,7,0.03654952076677316,0.4281150159744409,0.33226837060702874,0.23961661341853036,neutral
2022-11-03,366,366,109,164,93,10,-0.07207650273224045,0.2978142076502732,0.44808743169398907,0.2540983606557377,negative
2022-11-04,291,291,141,73,77,7,0.11323024054982819,0.4845360824742268,0.2508591065292096,0.2646048109965636,positive
2022-11-07,223,223,102,84,37,10,0.07174887892376682,0.45739910313901344,0.37668161434977576,0.16591928251121077,positive
2022-11-08,228,228,111,80,37,6,0.06868421052631579,0.4868421052631579,0.3508771929824561,0.16228070175438597,positive
2022-11-09,265,265,115,100,50,9,0.02252830188679246,0.4339622641509434,0.37735849056603776,0.18867924528301888,neutral
2022-11-10,293,293,111,111,71,9,-0.028327645051194537,0.378839590443686,0.378839590443686,0.24232081911262798,neutral
2022-11-11,248,248,76,111,61,6,-0.09923387096774193,0.3064516129032258,0.4475806451612903,0.24596774193548387,negative
2022-11-14,247,247,126,79,42,8,0.0794331983805668,0.5101214574898786,0.31983805668016196,0.1700404858299595,positive
2022-11-15,315,315,121,111,83,10,-0.002253968253968254,0.38412698412698415,0.3523809523809524,0.2634920634920635,neutral
2022-11-16,350,350,128,149,73,10,-0.028399999999999998,0.3657142857142857,0.4257142857142857,0.20857142857142857,neutral
2022-11-17,295,295,120,122,53,11,0.0011525423728813524,0.4067796610169492,0.4135593220338983,0.17966101694915254,neutral
2022-11-18,228,228,88,93,47,10,-0.016885964912280706,0.38596491228070173,0.40789473684210525,0.20614035087719298,neutral
2022-11-21,313,313,144,119,50,10,0.054504792332268376,0.46006389776357826,0.3801916932907348,0.1597444089456869,positive
2022-11-22,257,257,119,87,51,11,0.06708171206225681,0.46303501945525294,0.33852140077821014,0.19844357976653695,positive
2022-11-23,383,383,108,122,153,10,-0.020626631853785903,0.2819843342036554,0.3185378590078329,0.39947780678851175,neutral
2022-11-25,337,337,142,117,78,10,0.031928783382789316,0.42136498516320475,0.34718100890207715,0.2314540059347181,neutral
2022-11-28,204,204,87,85,32,9,-0.014509803921568627,0.4264705882352941,0.4166666666666667,0.1568627450980392,neutral
2022-11-29,278,278,146,65,67,10,0.12014388489208633,0.5251798561151079,0.23381294964028776,0.24100719424460432,positive
2022-11-30,345,345,150,115,80,8,0.03026086956521739,0.43478260869565216,0.3333333333333333,0.2318840579710145,neutral
2022-12-01,327,327,145,86,96,6,0.07614678899082568,0.4434250764525994,0.26299694189602446,0.29357798165137616,positive
2022-12-02,256,256,132,63,61,10,0.11117187499999999,0.515625,0.24609375,0.23828125,positive
2022-12-05,291,291,128,103,60,10,0.029931271477663234,0.43986254295532645,0.3539518900343643,0.20618556701030927,neutral
2022-12-06,269,269,93,84,92,8,0.014646840148698884,0.34572490706319703,0.31226765799256506,0.3420074349442379,neutral
2022-12-07,362,362,150,144,68,8,-0.012016574585635357,0.4143646408839779,0.39779005524861877,0.1878453038674033,neutral
2022-12-08,251,251,92,81,78,11,-0.005976095617529882,0.3665338645418327,0.32270916334661354,0.3107569721115538,neutral
2022-12-09,218,218,87,63,68,10,0.045183486238532106,0.39908256880733944,0.2889908256880734,0.3119266055045872,neutral
2022-12-12,442,442,269,108,65,11,0.233710407239819,0.6085972850678733,0.24434389140271492,0.14705882352941177,positive
2022-12-13,369,369,155,129,85,10,0.005962059620596205,0.42005420054200543,0.34959349593495936,0.23035230352303523,neutral
2022-12-14,335,335,136,132,67,9,-0.006597014925373131,0.4059701492537313,0.3940298507462687,0.2,neutral
2022-12-15,400,400,143,179,78,9,-0.0361,0.3575,0.4475,0.195,neutral
2022-12-16,259,259,112,70,77,9,0.06706563706563706,0.43243243243243246,0.2702702702702703,0.2972972972972973,positive
2022-12-19,247,247,114,68,65,12,0.07348178137651822,0.46153846153846156,0.27530364372469635,0.2631578947368421,positive
2022-12-20,229,229,89,75,65,9,0.014497816593886463,0.388646288209607,0.32751091703056767,0.2838427947598253,neutral
2022-12-21,316,316,161,98,57,10,0.07911392405063292,0.509493670886076,0.310126582278481,0.18037974683544303,positive
2022-12-22,231,231,92,78,61,9,0.025800865800865797,0.39826839826839827,0.33766233766233766,0.26406926406926406,neutral
2022-12-23,197,197,100,62,35,7,0.11081218274111675,0.5076142131979695,0.3147208121827411,0.17766497461928935,positive
2022-12-27,172,172,74,68,30,7,0.015523255813953493,0.43023255813953487,0.3953488372093023,0.1744186046511628,neutral
2022-12-28,162,162,68,53,41,6,0.032407407407407406,0.41975308641975306,0.3271604938271605,0.25308641975308643,neutral
2022-12-29,158,158,43,64,51,7,-0.07556962025316455,0.2721518987341772,0.4050632911392405,0.3227848101265823,negative
2022-12-30,90,90,53,28,9,4,0.19055555555555553,0.5888888888888889,0.3111111111111111,0.1,positive
2023-01-03,277,277,109,101,67,7,-0.02209386281588448,0.3935018050541516,0.36462093862815886,0.24187725631768953,neutral
2023-01-04,226,226,92,69,65,9,0.06991150442477875,0.40707964601769914,0.3053097345132743,0.28761061946902655,positive
2023-01-05,332,332,124,94,114,10,0.046355421686746986,0.37349397590361444,0.28313253012048195,0.3433734939759036,neutral
2023-01-06,296,296,123,88,85,9,0.05506756756756757,0.4155405405405405,0.2972972972972973,0.28716216216216217,positive
2023-01-09,268,268,136,75,57,9,0.10417910447761194,0.5074626865671642,0.2798507462686567,0.2126865671641791,positive
2023-01-10,238,238,108,63,67,9,0.0842436974789916,0.453781512605042,0.2647058823529412,0.2815126050420168,positive
2023-01-11,271,271,131,79,61,9,0.08121771217712176,0.4833948339483395,0.2915129151291513,0.22509225092250923,positive
2023-01-12,309,309,148,84,77,10,0.0787378640776699,0.47896440129449835,0.27184466019417475,0.24919093851132687,positive
2023-01-13,217,217,107,62,48,6,0.10958525345622121,0.4930875576036866,0.2857142857142857,0.22119815668202766,positive
2023-01-17,472,472,212,162,98,7,0.030254237288135595,0.4491525423728814,0.3432203389830508,0.2076271186440678,neutral
2023-01-18,341,341,142,139,60,11,-0.009882697947214074,0.41642228739002934,0.40762463343108507,0.17595307917888564,neutral
2023-01-19,307,307,101,119,87,9,-0.03791530944625408,0.3289902280130293,0.38762214983713356,0.28338762214983715,neutral
2023-01-20,223,223,85,89,49,9,0.0013452914798206305,0.3811659192825112,0.3991031390134529,0.21973094170403587,neutral
2023-01-23,210,210,89,68,53,8,0.044904761904761906,0.4238095238095238,0.3238095238095238,0.2523809523809524,neutral
2023-01-24,241,241,63,88,90,8,-0.04705394190871369,0.26141078838174275,0.3651452282157676,0.37344398340248963,neutral
2023-01-25,235,235,106,84,45,7,0.033106382978723405,0.451063829787234,0.3574468085106383,0.19148936170212766,neutral
2023-01-26,303,303,148,95,60,10,0.07214521452145214,0.4884488448844885,0.31353135313531355,0.19801980198019803,positive
2023-01-27,208,208,101,74,33,7,0.06254807692307693,0.4855769230769231,0.3557692307692308,0.15865384615384615,positive
2023-01-30,282,282,111,118,53,11,-0.008014184397163119,0.39361702127659576,0.41843971631205673,0.1879432624113475,neutral
2023-01-31,293,293,130,99,64,9,0.05047781569965871,0.44368600682593856,0.3378839590443686,0.21843003412969283,positive
2023-02-01,372,372,131,137,104,10,-0.016424731182795697,0.3521505376344086,0.3682795698924731,0.27956989247311825,neutral
2023-02-02,334,334,127,141,66,6,-0.025179640718562876,0.38023952095808383,0.4221556886227545,0.19760479041916168,neutral
2023-02-03,302,302,111,98,93,9,0.03003311258278146,0.3675496688741722,0.32450331125827814,0.3079470198675497,neutral
2023-02-06,319,319,146,125,48,8,-0.00153605015673981,0.45768025078369906,0.39184952978056425,0.15047021943573669,neutral
2023-02-07,310,310,113,113,84,8,-0.015193548387096774,0.36451612903225805,0.36451612903225805,0.2709677419354839,neutral
2023-02-08,252,252,105,88,59,7,0.01146825396825397,0.4166666666666667,0.3492063492063492,0.23412698412698413,neutral
2023-02-09,237,237,84,91,62,8,-0.010675105485232069,0.35443037974683544,0.38396624472573837,0.2616033755274262,neutral
2023-02-10,276,276,127,83,66,12,0.05507246376811594,0.4601449275362319,0.3007246376811594,0.2391304347826087,positive
2023-02-13,278,278,115,103,60,7,0.007877697841726624,0.4136690647482014,0.37050359712230213,0.2158273381294964,neutral
2023-02-14,330,330,105,127,98,8,-0.030424242424242427,0.3181818181818182,0.38484848484848483,0.296969696969697,neutral
2023-02-15,342,342,136,111,95,12,0.04301169590643275,0.39766081871345027,0.32456140350877194,0.2777777777777778,neutral
2023-02-16,249,249,113,81,55,9,0.0634136546184739,0.4538152610441767,0.3253012048192771,0.22088353413654618,positive
2023-02-17,235,235,98,96,41,7,-0.026638297872340424,0.41702127659574467,0.4085106382978723,0.17446808510638298,neutral
2023-02-21,516,516,207,147,162,9,0.04496124031007752,0.4011627906976744,0.28488372093023256,0.313953488372093,neutral
2023-02-22,336,336,128,114,94,9,0.046875,0.38095238095238093,0.3392857142857143,0.27976190476190477,neutral
2023-02-23,283,283,123,89,71,10,0.055406360424028266,0.43462897526501765,0.31448763250883394,0.2508833922261484,positive
2023-02-24,268,268,113,106,49,10,-0.0016044776119402986,0.4216417910447761,0.39552238805970147,0.1828358208955224,neutral
2023-02-27,253,253,110,96,47,8,0.029881422924901188,0.43478260869565216,0.3794466403162055,0.1857707509881423,neutral
2023-02-28,288,288,141,84,63,11,0.09534722222222222,0.4895833333333333,0.2916666666666667,0.21875,positive
2023-03-01,390,390,162,135,93,8,0.034,0.4153846153846154,0.34615384615384615,0.23846153846153847,neutral
2023-03-02,251,251,114,77,60,10,0.06087649402390439,0.4541832669322709,0.30677290836653387,0.23904382470119523,positive
2023-03-03,234,234,97,78,59,11,0.03068376068376069,0.41452991452991456,0.3333333333333333,0.25213675213675213,neutral
2023-03-06,264,264,117,84,63,8,0.07446969696969696,0.4431818181818182,0.3181818181818182,0.23863636363636365,positive
2023-03-07,265,265,105,118,42,8,-0.01769811320754717,0.39622641509433965,0.44528301886792454,0.15849056603773584,neutral
2023-03-08,335,335,127,110,98,8,0.01791044776119403,0.37910447761194027,0.3283582089552239,0.29253731343283584,neutral
2023-03-09,272,272,104,99,69,7,-0.008125,0.38235294117647056,0.3639705882352941,0.2536764705882353,neutral
2023-03-10,316,316,98,115,103,10,-0.023734177215189875,0.310126582278481,0.3639240506329114,0.3259493670886076,neutral
2023-03-13,261,261,103,113,45,7,-0.04118773946360153,0.3946360153256705,0.4329501915708812,0.1724137931034483,neutral
2023-03-14,301,301,138,88,75,13,0.06943521594684386,0.4584717607973422,0.292358803986711,0.24916943521594684,positive
2023-03-15,375,375,133,146,96,10,-0.019733333333333332,0.3546666666666667,0.3893333333333333,0.256,neutral
2023-03-16,319,319,112,141,66,9,-0.053197492163009404,0.3510971786833856,0.44200626959247646,0.20689655172413793,negative
2023-03-17,207,207,95,71,41,7,0.05531400966183574,0.45893719806763283,0.34299516908212563,0.19806763285024154,positive
2023-03-20,282,282,149,87,46,8,0.11478723404255319,0.5283687943262412,0.30851063829787234,0.16312056737588654,positive
2023-03-21,237,237,113,68,56,7,0.08362869198312237,0.4767932489451477,0.2869198312236287,0.23628691983122363,positive
2023-03-22,344,344,119,136,89,10,-0.03616279069767442,0.34593023255813954,0.3953488372093023,0.25872093023255816,neutral
2023-03-23,372,372,135,160,77,9,-0.04508064516129033,0.3629032258064516,0.43010752688172044,0.20698924731182797,neutral
2023-03-24,262,262,125,66,71,7,0.09526717557251908,0.4770992366412214,0.25190839694656486,0.27099236641221375,positive
2023-03-27,266,266,137,83,46,8,0.09048872180451129,0.5150375939849624,0.31203007518796994,0.17293233082706766,positive
2023-03-28,248,248,126,79,43,10,0.09048387096774194,0.5080645161290323,0.3185483870967742,0.17338709677419356,positive
2023-03-29,292,292,137,100,55,9,0.04941780821917808,0.4691780821917808,0.3424657534246575,0.18835616438356165,neutral
2023-03-30,270,270,110,109,51,8,-0.005666666666666666,0.4074074074074074,0.40370370370370373,0.18888888888888888,neutral
2023-03-31,290,290,147,92,51,8,0.056896551724137934,0.506896551724138,0.31724137931034485,0.17586206896551723,positive
2023-04-03,343,343,160,132,51,10,0.03174927113702624,0.46647230320699706,0.3848396501457726,0.14868804664723032,neutral
2023-04-04,290,290,134,91,65,9,0.06586206896551723,0.46206896551724136,0.3137931034482759,0.22413793103448276,positive
2023-04-05,355,355,145,110,100,10,0.03811267605633803,0.4084507042253521,0.30985915492957744,0.28169014084507044,neutral
2023-04-06,248,248,105,82,61,7,0.03826612903225807,0.42338709677419356,0.33064516129032256,0.24596774193548387,neutral
2023-04-10,303,303,143,108,52,7,0.06118811881188119,0.47194719471947194,0.3564356435643564,0.1716171617161716,positive
2023-04-11,256,256,128,58,70,10,0.1332421875,0.5,0.2265625,0.2734375,positive
2023-04-12,300,300,128,70,102,7,0.08346666666666668,0.4266666666666667,0.23333333333333334,0.34,positive
2023-04-13,317,317,120,109,88,9,0.008107255520504732,0.3785488958990536,0.3438485804416404,0.277602523659306,neutral
2023-04-14,227,227,108,78,41,7,0.05035242290748899,0.47577092511013214,0.3436123348017621,0.18061674008810572,positive
2023-04-17,275,275,114,88,73,12,0.05032727272727273,0.41454545454545455,0.32,0.26545454545454544,positive
2023-04-18,312,312,150,73,89,12,0.11782051282051281,0.4807692307692308,0.23397435897435898,0.28525641025641024,positive
2023-04-19,317,317,136,113,68,11,0.03577287066246057,0.42902208201892744,0.35646687697160884,0.21451104100946372,neutral
2023-04-20,246,246,108,83,55,11,0.05357723577235772,0.43902439024390244,0.33739837398373984,0.22357723577235772,positive
2023-04-21,222,222,79,71,72,7,0.04297297297297297,0.35585585585585583,0.31981981981981983,0.32432432432432434,neutral
2023-04-24,234,234,125,66,43,7,0.12008547008547009,0.5341880341880342,0.28205128205128205,0.18376068376068377,positive
2023-04-25,243,243,130,70,43,9,0.1180246913580247,0.5349794238683128,0.2880658436213992,0.17695473251028807,positive
2023-04-26,319,319,156,91,72,11,0.10244514106583072,0.4890282131661442,0.2852664576802508,0.22570532915360503,positive
2023-04-27,287,287,126,79,82,11,0.08480836236933798,0.43902439024390244,0.27526132404181186,0.2857142857142857,positive
2023-04-28,301,301,137,110,54,10,0.0462126245847176,0.45514950166112955,0.3654485049833887,0.17940199335548174,neutral
2023-05-01,228,228,88,81,59,7,0.016535087719298246,0.38596491228070173,0.35526315789473684,0.25877192982456143,neutral
2023-05-02,270,270,91,120,59,8,-0.06266666666666668,0.337037037037037,0.4444444444444444,0.21851851851851853,negative
2023-05-03,297,297,104,133,60,8,-0.0771043771043771,0.3501683501683502,0.4478114478114478,0.20202020202020202,negative
2023-05-04,386,386,131,149,106,11,-0.027046632124352335,0.3393782383419689,0.3860103626943005,0.27461139896373055,neutral
2023-05-05,227,227,88,92,47,7,0.000616740088105724,0.3876651982378855,0.4052863436123348,0.20704845814977973,neutral
2023-05-08,231,231,104,83,44,7,0.01571428571428572,0.45021645021645024,0.3593073593073593,0.19047619047619047,neutral
2023-05-09,264,264,152,60,52,10,0.14553030303030304,0.5757575757575758,0.22727272727272727,0.19696969696969696,positive
2023-05-10,333,333,141,113,79,9,0.03063063063063063,0.42342342342342343,0.33933933933933935,0.23723723723723725,neutral
2023-05-11,311,311,105,129,77,11,-0.03620578778135048,0.33762057877813506,0.41479099678456594,0.24758842443729903,neutral
2023-05-12,220,220,97,85,38,8,0.021409090909090912,0.4409090909090909,0.38636363636363635,0.17272727272727273,neutral
2023-05-15,297,297,158,58,81,10,0.15824915824915825,0.531986531986532,0.19528619528619529,0.2727272727272727,positive
2023-05-16,316,316,158,110,48,9,0.09088607594936708,0.5,0.34810126582278483,0.1518987341772152,positive
2023-05-17,230,230,113,77,40,9,0.08143478260869566,0.49130434782608695,0.3347826086956522,0.17391304347826086,positive
2023-05-18,261,261,108,79,74,7,0.05858237547892721,0.41379310344827586,0.30268199233716475,0.2835249042145594,positive
2023-05-19,154,154,47,61,46,9,-0.058896103896103884,0.3051948051948052,0.3961038961038961,0.2987012987012987,negative
2023-05-22,220,220,100,69,51,9,0.058545454545454546,0.45454545454545453,0.31363636363636366,0.2318181818181818,positive
2023-05-23,248,248,99,73,76,8,0.05475806451612903,0.39919354838709675,0.29435483870967744,0.3064516129032258,positive
2023-05-24,298,298,138,76,84,8,0.08057046979865773,0.46308724832214765,0.2550335570469799,0.28187919463087246,positive
2023-05-25,279,279,106,94,79,9,0.015663082437275985,0.37992831541218636,0.33691756272401435,0.2831541218637993,neutral
2023-05-26,231,231,114,66,51,9,0.09346320346320346,0.4935064935064935,0.2857142857142857,0.22077922077922077,positive
2023-05-30,370,370,154,142,74,13,0.017918918918918916,0.41621621621621624,0.3837837837837838,0.2,neutral
2023-05-31,325,325,155,116,54,9,0.06821538461538461,0.47692307692307695,0.3569230769230769,0.16615384615384615,positive
2023-06-01,312,312,149,95,68,10,0.0876923076923077,0.4775641025641026,0.30448717948717946,0.21794871794871795,positive
2023-06-02,202,202,100,57,45,7,0.09014851485148516,0.49504950495049505,0.28217821782178215,0.22277227722772278,positive
2023-06-05,329,329,161,104,64,10,0.09240121580547113,0.48936170212765956,0.3161094224924012,0.1945288753799392,positive
2023-06-06,273,273,99,101,73,9,-0.00512820512820513,0.3626373626373626,0.36996336996337,0.2673992673992674,neutral
2023-06-07,361,361,154,102,105,10,0.041939058171745154,0.4265927977839335,0.28254847645429365,0.29085872576177285,neutral
2023-06-08,282,282,99,111,72,8,-0.03138297872340425,0.35106382978723405,0.39361702127659576,0.2553191489361702,neutral
2023-06-09,223,223,91,76,56,8,0.021345291479820627,0.4080717488789238,0.34080717488789236,0.25112107623318386,neutral
2023-06-12,227,227,72,97,58,9,-0.054052863436123345,0.31718061674008813,0.42731277533039647,0.2555066079295154,negative
2023-06-13,273,273,116,74,83,9,0.06604395604395605,0.4249084249084249,0.27106227106227104,0.304029304029304,positive
2023-06-14,339,339,125,126,88,8,0.0005604719764011801,0.3687315634218289,0.37168141592920356,0.25958702064896755,neutral
2023-06-15,320,320,116,118,86,10,-0.024906249999999998,0.3625,0.36875,0.26875,neutral
2023-06-16,227,227,94,88,45,9,-0.00863436123348017,0.41409691629955947,0.3876651982378855,0.19823788546255505,neutral
2023-06-20,421,421,213,139,69,10,0.07855106888361045,0.505938242280285,0.33016627078384797,0.16389548693586697,positive
2023-06-21,308,308,139,91,78,10,0.05155844155844155,0.4512987012987013,0.29545454545454547,0.2532467532467532,positive
2023-06-22,414,414,136,185,93,8,-0.08065217391304348,0.3285024154589372,0.4468599033816425,0.2246376811594203,negative
2023-06-23,242,242,99,88,55,7,0.0024793388429752076,0.4090909090909091,0.36363636363636365,0.22727272727272727,neutral
2023-06-26,241,241,126,72,43,8,0.08186721991701243,0.5228215767634855,0.2987551867219917,0.17842323651452283,positive
2023-06-27,256,256,133,62,61,11,0.137890625,0.51953125,0.2421875,0.23828125,positive
2023-06-28,245,245,131,74,40,9,0.10028571428571428,0.5346938775510204,0.3020408163265306,0.16326530612244897,positive
2023-06-29,268,268,133,59,76,10,0.1257089552238806,0.4962686567164179,0.22014925373134328,0.2835820895522388,positive
2023-06-30,236,236,115,82,39,9,0.05775423728813559,0.4872881355932203,0.3474576271186441,0.1652542372881356,positive
2023-07-03,241,241,95,95,51,10,0.0055186721991701245,0.3941908713692946,0.3941908713692946,0.21161825726141079,neutral
2023-07-05,345,345,140,80,125,10,0.07663768115942028,0.4057971014492754,0.2318840579710145,0.36231884057971014,positive
2023-07-06,267,267,120,66,81,6,0.08715355805243445,0.449438202247191,0.24719101123595505,0.30337078651685395,positive
2023-07-07,237,237,103,75,59,7,0.04329113924050633,0.4345991561181435,0.31645569620253167,0.2489451476793249,neutral
2023-07-10,228,228,95,81,52,10,0.03359649122807017,0.4166666666666667,0.35526315789473684,0.22807017543859648,neutral
2023-07-11,257,257,125,73,59,9,0.07023346303501946,0.48638132295719844,0.2840466926070039,0.22957198443579765,positive
2023-07-12,313,313,129,104,80,9,0.021501597444089457,0.41214057507987223,0.33226837060702874,0.25559105431309903,neutral
2023-07-13,267,267,117,93,57,9,0.01393258426966292,0.43820224719101125,0.34831460674157305,0.21348314606741572,neutral
2023-07-14,196,196,92,49,55,8,0.08642857142857144,0.46938775510204084,0.25,0.28061224489795916,positive
2023-07-17,298,298,114,125,59,10,-0.010738255033557048,0.3825503355704698,0.41946308724832215,0.19798657718120805,neutral
2023-07-18,212,212,116,63,33,7,0.11948113207547169,0.5471698113207547,0.2971698113207547,0.15566037735849056,positive
2023-07-19,279,279,125,89,65,7,0.058673835125448034,0.44802867383512546,0.31899641577060933,0.23297491039426524,positive
2023-07-20,286,286,113,86,87,10,0.04087412587412587,0.3951048951048951,0.3006993006993007,0.3041958041958042,neutral
2023-07-21,194,194,96,63,35,7,0.058814432989690725,0.4948453608247423,0.3247422680412371,0.18041237113402062,positive
2023-07-24,274,274,98,88,88,8,-0.01708029197080292,0.35766423357664234,0.32116788321167883,0.32116788321167883,neutral
2023-07-25,228,228,110,72,46,9,0.06320175438596491,0.4824561403508772,0.3157894736842105,0.20175438596491227,positive
2023-07-26,277,277,103,117,57,10,-0.05703971119133574,0.37184115523465705,0.4223826714801444,0.20577617328519857,negative
2023-07-27,321,321,147,99,75,8,0.048224299065420556,0.45794392523364486,0.308411214953271,0.2336448598130841,neutral
2023-07-28,232,232,91,85,56,10,0.014181034482758623,0.3922413793103448,0.36637931034482757,0.2413793103448276,neutral
2023-07-31,218,218,88,92,38,10,-0.0012844036697247678,0.4036697247706422,0.42201834862385323,0.1743119266055046,neutral
2023-08-01,254,254,89,102,63,7,-0.023031496062992124,0.35039370078740156,0.4015748031496063,0.24803149606299213,neutral
2023-08-02,274,274,109,134,31,7,-0.047919708029197074,0.3978102189781022,0.48905109489051096,0.11313868613138686,neutral
2023-08-03,303,303,106,117,80,8,-0.0502970297029703,0.34983498349834985,0.38613861386138615,0.264026402640264,negative
2023-08-04,244,244,85,84,75,8,-0.022786885245901643,0.3483606557377049,0.3442622950819672,0.3073770491803279,neutral
2023-08-07,216,216,69,104,43,6,-0.06379629629629628,0.3194444444444444,0.48148148148148145,0.19907407407407407,negative
2023-08-08,284,284,119,85,80,6,0.03669014084507042,0.41901408450704225,0.2992957746478873,0.28169014084507044,neutral
2023-08-09,254,254,130,82,42,9,0.06425196850393701,0.5118110236220472,0.3228346456692913,0.16535433070866143,positive
2023-08-10,291,291,107,105,79,10,0.003917525773195874,0.36769759450171824,0.36082474226804123,0.27147766323024053,neutral
2023-08-11,208,208,99,65,44,5,0.06302884615384616,0.47596153846153844,0.3125,0.21153846153846154,positive
2023-08-14,214,214,77,91,46,8,-0.01299065420560748,0.3598130841121495,0.4252336448598131,0.21495327102803738,neutral
2023-08-15,272,272,113,100,59,7,0.03544117647058824,0.41544117647058826,0.36764705882352944,0.21691176470588236,neutral
2023-08-16,258,258,113,84,61,7,0.05015503875968992,0.437984496124031,0.32558139534883723,0.2364341085271318,positive
2023-08-17,228,228,103,82,43,8,0.013070175438596492,0.4517543859649123,0.35964912280701755,0.18859649122807018,neutral
2023-08-18,160,160,71,65,24,8,0.0439375,0.44375,0.40625,0.15,neutral
2023-08-21,230,230,85,110,35,8,-0.03443478260869566,0.3695652173913043,0.4782608695652174,0.15217391304347827,neutral
2023-08-22,193,193,91,56,46,10,0.09233160621761659,0.47150259067357514,0.29015544041450775,0.23834196891191708,positive
2023-08-23,299,299,115,108,76,10,0.015217391304347828,0.38461538461538464,0.3612040133779264,0.25418060200668896,neutral
2023-08-24,231,231,83,67,81,7,0.01017316017316017,0.3593073593073593,0.29004329004329005,0.35064935064935066,neutral
2023-08-25,179,179,77,59,43,6,0.03558659217877096,0.4301675977653631,0.329608938547486,0.24022346368715083,neutral
2023-08-28,196,196,90,68,38,6,0.048673469387755096,0.45918367346938777,0.3469387755102041,0.19387755102040816,neutral
2023-08-29,259,259,123,65,71,7,0.10648648648648648,0.4749034749034749,0.25096525096525096,0.27413127413127414,positive
2023-08-30,314,314,139,96,79,9,0.03840764331210191,0.4426751592356688,0.3057324840764331,0.2515923566878981,neutral
2023-08-31,257,257,101,104,52,7,-0.01879377431906615,0.39299610894941633,0.4046692607003891,0.20233463035019456,neutral
2023-09-01,296,296,134,88,74,8,0.07212837837837838,0.4527027027027027,0.2972972972972973,0.25,positive
2023-09-05,383,383,145,149,89,8,-0.012402088772845958,0.3785900783289817,0.38903394255874674,0.23237597911227154,neutral
2023-09-06,339,339,141,112,86,10,0.02893805309734513,0.415929203539823,0.3303834808259587,0.2536873156342183,neutral
2023-09-07,303,303,144,83,76,8,0.10264026402640264,0.4752475247524752,0.2739273927392739,0.2508250825082508,positive
2023-09-08,224,224,104,56,64,9,0.08700892857142857,0.4642857142857143,0.25,0.2857142857142857,positive
2023-09-11,259,259,110,81,68,10,0.04679536679536679,0.4247104247104247,0.3127413127413127,0.2625482625482625,neutral
2023-09-12,334,334,158,110,66,9,0.054341317365269454,0.47305389221556887,0.32934131736526945,0.19760479041916168,positive
2023-09-13,332,332,131,134,67,9,-0.010361445783132528,0.39457831325301207,0.4036144578313253,0.20180722891566266,neutral
2023-09-14,337,337,150,123,64,10,0.027922848664688422,0.44510385756676557,0.3649851632047478,0.18991097922848665,neutral
2023-09-15,218,218,124,65,29,8,0.14490825688073394,0.5688073394495413,0.2981651376146789,0.13302752293577982,positive
2023-09-18,262,262,112,91,59,9,0.017938931297709928,0.42748091603053434,0.3473282442748092,0.22519083969465647,neutral
2023-09-19,309,309,133,107,69,11,0.04016181229773463,0.43042071197411,0.34627831715210355,0.22330097087378642,neutral
2023-09-20,345,345,142,77,126,9,0.07553623188405797,0.4115942028985507,0.22318840579710145,0.3652173913043478,positive
2023-09-21,337,337,115,114,108,8,-0.004243323442136501,0.34124629080118696,0.33827893175074186,0.32047477744807124,neutral
2023-09-22,249,249,110,60,79,8,0.0940562248995984,0.44176706827309237,0.24096385542168675,0.3172690763052209,positive
2023-09-25,227,227,102,71,54,11,0.057577092511013214,0.44933920704845814,0.31277533039647576,0.23788546255506607,positive
2023-09-26,272,272,124,86,62,8,0.07040441176470588,0.45588235294117646,0.3161764705882353,0.22794117647058823,positive
2023-09-27,290,290,133,89,68,10,0.07113793103448277,0.4586206896551724,0.30689655172413793,0.23448275862068965,positive
2023-09-28,272,272,153,47,72,10,0.18783088235294115,0.5625,0.17279411764705882,0.2647058823529412,positive
2023-09-29,268,268,114,85,69,11,0.04902985074626865,0.4253731343283582,0.31716417910447764,0.2574626865671642,neutral
2023-10-02,256,256,116,74,66,9,0.08363281250000001,0.453125,0.2890625,0.2578125,positive
2023-10-03,193,193,99,56,38,8,0.09569948186528497,0.5129533678756477,0.29015544041450775,0.19689119170984457,positive
2023-10-04,270,270,93,91,86,9,0.006185185185185182,0.34444444444444444,0.337037037037037,0.31851851851851853,neutral
2023-10-05,294,294,99,99,96,9,0.003197278911564626,0.336734693877551,0.336734693877551,0.32653061224489793,neutral
2023-10-06,234,234,80,86,68,9,-0.004700854700854707,0.3418803418803419,0.36752136752136755,0.2905982905982906,neutral
2023-10-09,270,270,120,110,40,6,-0.049740740740740745,0.4444444444444444,0.4074074074074074,0.14814814814814814,neutral
2023-10-10,258,258,119,91,48,9,0.032364341085271316,0.46124031007751937,0.35271317829457366,0.18604651162790697,neutral
2023-10-11,241,241,93,84,64,11,0.02987551867219917,0.38589211618257263,0.34854771784232363,0.26556016597510373,neutral
2023-10-12,345,345,149,117,79,11,0.050202898550724635,0.4318840579710145,0.3391304347826087,0.2289855072463768,positive
2023-10-13,256,256,122,77,57,8,0.07265625,0.4765625,0.30078125,0.22265625,positive
2023-10-16,223,223,102,71,50,7,0.0683408071748879,0.45739910313901344,0.3183856502242152,0.2242152466367713,positive
2023-10-17,282,282,142,72,68,9,0.10163120567375887,0.5035460992907801,0.2553191489361702,0.24113475177304963,positive
2023-10-18,324,324,153,96,75,8,0.054814814814814816,0.4722222222222222,0.2962962962962963,0.23148148148148148,positive
2023-10-19,281,281,132,98,51,8,0.04886120996441281,0.4697508896797153,0.3487544483985765,0.18149466192170818,neutral
2023-10-20,195,195,65,93,37,7,-0.06738461538461539,0.3333333333333333,0.47692307692307695,0.18974358974358974,negative
2023-10-23,298,298,132,106,60,10,0.035872483221476514,0.4429530201342282,0.35570469798657717,0.20134228187919462,neutral
2023-10-24,278,278,106,70,102,6,0.06665467625899281,0.381294964028777,0.2517985611510791,0.3669064748201439,positive
2023-10-25,264,264,127,67,70,7,0.11738636363636365,0.4810606060606061,0.2537878787878788,0.26515151515151514,positive
2023-10-26,336,336,156,81,99,9,0.1143452380952381,0.4642857142857143,0.24107142857142858,0.29464285714285715,positive
2023-10-27,240,240,104,78,58,9,0.05829166666666666,0.43333333333333335,0.325,0.24166666666666667,positive
2023-10-30,266,266,116,84,66,7,0.0531203007518797,0.43609022556390975,0.3157894736842105,0.24812030075187969,positive
2023-10-31,333,333,133,120,80,12,0.0022222222222222222,0.3993993993993994,0.36036036036036034,0.24024024024024024,neutral
2023-11-01,341,341,146,90,105,9,0.08829912023460411,0.4281524926686217,0.26392961876832843,0.30791788856304986,positive
2023-11-02,352,352,132,94,126,8,0.046619318181818185,0.375,0.26704545454545453,0.35795454545454547,neutral
2023-11-03,252,252,111,85,56,8,0.037698412698412696,0.44047619047619047,0.3373015873015873,0.2222222222222222,neutral
2023-11-06,266,266,126,99,41,8,0.051578947368421064,0.47368421052631576,0.37218045112781956,0.15413533834586465,positive
2023-11-07,288,288,112,88,88,6,0.04958333333333333,0.3888888888888889,0.3055555555555556,0.3055555555555556,neutral
2023-11-08,228,228,88,70,70,7,0.05535087719298246,0.38596491228070173,0.30701754385964913,0.30701754385964913,positive
2023-11-09,266,266,134,63,69,8,0.12526315789473685,0.5037593984962406,0.23684210526315788,0.2593984962406015,positive
2023-11-10,218,218,97,72,49,10,0.07371559633027522,0.44495412844036697,0.3302752293577982,0.22477064220183487,positive
2023-11-13,250,250,143,66,41,9,0.174,0.572,0.264,0.164,positive
2023-11-14,268,268,118,85,65,9,0.06514925373134328,0.44029850746268656,0.31716417910447764,0.24253731343283583,positive
2023-11-15,325,325,122,127,76,11,-0.018769230769230767,0.37538461538461537,0.39076923076923076,0.23384615384615384,neutral
2023-11-16,241,241,98,84,59,9,0.04365145228215767,0.4066390041493776,0.34854771784232363,0.24481327800829875,neutral
2023-11-17,233,233,112,70,51,8,0.10025751072961372,0.48068669527896996,0.30042918454935624,0.21888412017167383,positive
2023-11-20,248,248,141,67,40,8,0.1386290322580645,0.5685483870967742,0.2701612903225806,0.16129032258064516,positive
2023-11-21,290,290,109,89,92,11,0.029275862068965517,0.3758620689655172,0.30689655172413793,0.31724137931034485,neutral
2023-11-22,285,285,99,103,83,10,0.011754385964912286,0.3473684210526316,0.36140350877192984,0.2912280701754386,neutral
2023-11-24,321,321,107,107,107,8,0.006012461059190031,0.3333333333333333,0.3333333333333333,0.3333333333333333,neutral
2023-11-27,225,225,113,72,40,10,0.0904,0.5022222222222222,0.32,0.17777777777777778,positive
2023-11-28,284,284,136,59,89,11,0.12066901408450706,0.4788732394366197,0.20774647887323944,0.31338028169014087,positive
2023-11-29,312,312,165,68,79,8,0.15576923076923077,0.5288461538461539,0.21794871794871795,0.2532051282051282,positive
2023-11-30,339,339,145,125,69,10,0.012271386430678467,0.4277286135693215,0.3687315634218289,0.20353982300884957,neutral
2023-12-01,234,234,109,74,51,7,0.08286324786324786,0.4658119658119658,0.3162393162393162,0.21794871794871795,positive
2023-12-04,271,271,109,95,67,9,0.02328413284132841,0.4022140221402214,0.3505535055350554,0.24723247232472326,neutral
2023-12-05,274,274,122,73,79,9,0.08098540145985401,0.44525547445255476,0.2664233576642336,0.28832116788321166,positive
2023-12-06,307,307,123,63,121,11,0.10120521172638437,0.4006514657980456,0.20521172638436483,0.3941368078175896,positive
2023-12-07,242,242,125,65,52,11,0.13665289256198349,0.5165289256198347,0.26859504132231404,0.21487603305785125,positive
2023-12-08,274,274,121,77,76,11,0.09332116788321168,0.4416058394160584,0.28102189781021897,0.2773722627737226,positive
2023-12-11,287,287,138,80,69,11,0.10400696864111497,0.4808362369337979,0.2787456445993031,0.24041811846689895,positive
2023-12-12,297,297,134,88,75,12,0.08791245791245791,0.4511784511784512,0.2962962962962963,0.25252525252525254,positive
2023-12-13,317,317,137,78,102,8,0.09230283911671924,0.43217665615141954,0.24605678233438485,0.3217665615141956,positive
2023-12-14,350,350,196,64,90,9,0.19479999999999997,0.56,0.18285714285714286,0.2571428571428571,positive
2023-12-15,269,269,107,76,86,10,0.043011152416356876,0.39776951672862454,0.2825278810408922,0.31970260223048325,neutral
2023-12-18,245,245,115,62,68,7,0.09971428571428571,0.46938775510204084,0.2530612244897959,0.27755102040816326,positive
2023-12-19,245,245,108,68,69,6,0.07477551020408163,0.44081632653061226,0.27755102040816326,0.2816326530612245,positive
2023-12-20,232,232,123,56,53,9,0.13948275862068965,0.5301724137931034,0.2413793103448276,0.22844827586206898,positive
2023-12-21,211,211,90,74,47,9,0.025876777251184833,0.4265402843601896,0.35071090047393366,0.22274881516587677,neutral
2023-12-22,248,248,112,72,64,7,0.06875,0.45161290322580644,0.2903225806451613,0.25806451612903225,positive
2023-12-26,129,129,55,41,33,6,0.027054263565891475,0.4263565891472868,0.3178294573643411,0.2558139534883721,neutral
2023-12-27,130,130,53,56,21,7,-0.013615384615384616,0.4076923076923077,0.4307692307692308,0.16153846153846155,neutral
2023-12-28,147,147,64,54,29,9,0.024081632653061225,0.43537414965986393,0.3673469387755102,0.19727891156462585,neutral
2023-12-29,91,91,32,44,15,8,-0.09208791208791207,0.3516483516483517,0.4835164835164835,0.16483516483516483,negative
2024-01-02,214,214,75,89,50,10,-0.05359813084112149,0.35046728971962615,0.4158878504672897,0.2336448598130841,negative
2024-01-03,200,200,94,56,50,10,0.09205,0.47,0.28,0.25,positive
2024-01-04,288,288,118,78,92,11,0.0775,0.4097222222222222,0.2708333333333333,0.3194444444444444,positive
2024-01-05,250,250,99,77,74,9,0.0476,0.396,0.308,0.296,neutral
2024-01-08,224,224,95,68,61,9,0.06258928571428571,0.42410714285714285,0.30357142857142855,0.27232142857142855,positive
2024-01-09,311,311,141,58,112,8,0.13154340836012862,0.4533762057877814,0.1864951768488746,0.36012861736334406,positive
2024-01-10,232,232,89,61,82,11,0.08784482758620689,0.38362068965517243,0.2629310344827586,0.35344827586206895,positive
2024-01-11,253,253,109,67,77,9,0.08039525691699605,0.4308300395256917,0.2648221343873518,0.30434782608695654,positive
2024-01-12,272,272,131,89,52,10,0.05169117647058824,0.48161764705882354,0.3272058823529412,0.19117647058823528,positive
2024-01-16,433,433,174,133,126,11,0.04413394919168591,0.4018475750577367,0.3071593533487298,0.2909930715935335,neutral
2024-01-17,297,297,129,106,62,9,0.059730639730639724,0.43434343434343436,0.3569023569023569,0.20875420875420875,positive
2024-01-18,270,270,125,72,73,9,0.0844074074074074,0.46296296296296297,0.26666666666666666,0.27037037037037037,positive
2024-01-19,192,192,71,78,43,8,0.007968749999999998,0.3697916666666667,0.40625,0.22395833333333334,neutral
2024-01-22,185,185,87,62,36,11,0.042918918918918914,0.4702702702702703,0.33513513513513515,0.1945945945945946,neutral
2024-01-23,240,240,104,81,55,10,0.050958333333333335,0.43333333333333335,0.3375,0.22916666666666666,positive
2024-01-24,310,310,138,71,101,9,0.10451612903225806,0.44516129032258067,0.22903225806451613,0.3258064516129032,positive
2024-01-25,311,311,132,70,109,10,0.09964630225080386,0.42443729903536975,0.22508038585209003,0.3504823151125402,positive
2024-01-26,192,192,104,47,41,8,0.17140624999999998,0.5416666666666666,0.24479166666666666,0.21354166666666666,positive
2024-01-29,260,260,119,85,56,10,0.0798076923076923,0.4576923076923077,0.3269230769230769,0.2153846153846154,positive
2024-01-30,283,283,141,65,77,10,0.11855123674911659,0.49823321554770317,0.22968197879858657,0.27208480565371024,positive
2024-01-31,327,327,154,69,104,10,0.13813455657492354,0.4709480122324159,0.21100917431192662,0.3180428134556575,positive
2024-02-01,309,309,127,64,118,9,0.11145631067961165,0.4110032362459547,0.20711974110032363,0.3818770226537217,positive
2024-02-02,212,212,83,59,70,11,0.05004716981132075,0.3915094339622642,0.2783018867924528,0.330188679245283,positive
2024-02-05,256,256,116,74,66,9,0.08152343749999999,0.453125,0.2890625,0.2578125,positive
2024-02-06,259,259,123,85,51,8,0.06386100386100385,0.4749034749034749,0.3281853281853282,0.1969111969111969,positive
2024-02-07,299,299,104,79,116,9,0.03638795986622074,0.34782608695652173,0.26421404682274247,0.3879598662207358,neutral
2024-02-08,256,256,117,74,65,7,0.089140625,0.45703125,0.2890625,0.25390625,positive
2024-02-09,174,174,87,34,53,6,0.16413793103448276,0.5,0.19540229885057472,0.3045977011494253,positive
2024-02-12,175,175,71,62,42,8,0.0328,0.4057142857142857,0.35428571428571426,0.24,neutral
2024-02-13,242,242,108,61,73,9,0.11289256198347107,0.4462809917355372,0.25206611570247933,0.30165289256198347,positive
2024-02-14,276,276,103,93,80,9,0.02666666666666667,0.37318840579710144,0.33695652173913043,0.2898550724637681,neutral
2024-02-15,318,318,125,108,85,9,0.02528301886792453,0.39308176100628933,0.33962264150943394,0.2672955974842767,neutral
2024-02-16,222,222,121,67,34,10,0.13554054054054054,0.545045045045045,0.30180180180180183,0.15315315315315314,positive
2024-02-20,407,407,170,98,139,12,0.10135135135135136,0.4176904176904177,0.24078624078624078,0.3415233415233415,positive
2024-02-21,274,274,125,81,68,7,0.08722627737226278,0.4562043795620438,0.2956204379562044,0.24817518248175183,positive
2024-02-22,360,360,148,91,121,9,0.06030555555555556,0.4111111111111111,0.25277777777777777,0.33611111111111114,positive
2024-02-23,216,216,96,86,34,10,0.04097222222222222,0.4444444444444444,0.39814814814814814,0.1574074074074074,neutral
2024-02-26,231,231,94,90,47,8,0.01761904761904762,0.4069264069264069,0.38961038961038963,0.20346320346320346,neutral
2024-02-27,273,273,128,72,73,12,0.10362637362637363,0.46886446886446886,0.26373626373626374,0.2673992673992674,positive
2024-02-28,286,286,132,89,65,8,0.08444055944055943,0.46153846153846156,0.3111888111888112,0.22727272727272727,positive
2024-02-29,364,364,156,88,120,12,0.11115384615384616,0.42857142857142855,0.24175824175824176,0.32967032967032966,positive
2024-03-01,275,275,114,81,80,10,0.04803636363636364,0.41454545454545455,0.29454545454545455,0.2909090909090909,neutral
2024-03-04,288,288,138,101,49,10,0.07298611111111111,0.4791666666666667,0.3506944444444444,0.1701388888888889,positive
2024-03-05,316,316,143,90,83,10,0.11234177215189874,0.4525316455696203,0.2848101265822785,0.2626582278481013,positive
2024-03-06,363,363,183,104,76,10,0.11550964187327824,0.5041322314049587,0.2865013774104683,0.209366391184573,positive
2024-03-07,297,297,94,74,129,7,0.031178451178451177,0.3164983164983165,0.24915824915824916,0.43434343434343436,neutral
2024-03-08,248,248,108,60,80,9,0.09729838709677419,0.43548387096774194,0.24193548387096775,0.3225806451612903,positive
2024-03-11,266,266,126,72,68,8,0.10334586466165413,0.47368421052631576,0.2706766917293233,0.2556390977443609,positive
2024-03-12,307,307,107,95,105,10,0.025472312703583064,0.3485342019543974,0.30944625407166126,0.34201954397394135,neutral
2024-03-13,272,272,137,63,72,8,0.14702205882352942,0.5036764705882353,0.23161764705882354,0.2647058823529412,positive
2024-03-14,238,238,113,59,66,9,0.1026890756302521,0.47478991596638653,0.24789915966386555,0.2773109243697479,positive
2024-03-15,211,211,82,64,65,11,0.038957345971563986,0.3886255924170616,0.3033175355450237,0.3080568720379147,neutral
2024-03-18,237,237,120,67,50,9,0.07556962025316456,0.5063291139240507,0.28270042194092826,0.2109704641350211,positive
2024-03-19,265,265,138,66,61,10,0.1300754716981132,0.5207547169811321,0.2490566037735849,0.23018867924528302,positive
2024-03-20,299,299,132,74,93,11,0.10852842809364549,0.4414715719063545,0.24749163879598662,0.3110367892976589,positive
2024-03-21,373,373,145,94,134,11,0.07836461126005362,0.38873994638069703,0.2520107238605898,0.35924932975871315,positive
2024-03-22,210,210,84,77,49,9,0.008904761904761901,0.4,0.36666666666666664,0.23333333333333334,neutral
2024-03-25,257,257,119,84,54,8,0.042062256809338526,0.46303501945525294,0.32684824902723736,0.21011673151750973,neutral
2024-03-26,220,220,90,61,69,10,0.06972727272727272,0.4090909090909091,0.2772727272727273,0.31363636363636366,positive
2024-03-27,246,246,87,77,82,10,0.034065040650406504,0.35365853658536583,0.3130081300813008,0.3333333333333333,neutral
2024-03-28,280,280,126,74,80,10,0.08614285714285715,0.45,0.2642857142857143,0.2857142857142857,positive
2024-04-01,282,282,131,67,84,7,0.12404255319148938,0.4645390070921986,0.2375886524822695,0.2978723404255319,positive
2024-04-02,240,240,108,66,66,9,0.07533333333333334,0.45,0.275,0.275,positive
2024-04-03,242,242,105,71,66,9,0.04698347107438017,0.43388429752066116,0.29338842975206614,0.2727272727272727,neutral
2024-04-04,270,270,121,46,103,11,0.1312962962962963,0.44814814814814813,0.17037037037037037,0.3814814814814815,positive
2024-04-05,247,247,113,74,60,9,0.08157894736842104,0.4574898785425101,0.29959514170040485,0.242914979757085,positive
2024-04-08,264,264,138,63,63,10,0.161780303030303,0.5227272727272727,0.23863636363636365,0.23863636363636365,positive
2024-04-09,245,245,126,46,73,12,0.16751020408163264,0.5142857142857142,0.18775510204081633,0.2979591836734694,positive
2024-04-10,298,298,124,78,96,10,0.07580536912751677,0.4161073825503356,0.26174496644295303,0.3221476510067114,positive
2024-04-11,262,262,108,75,79,11,0.08179389312977099,0.4122137404580153,0.2862595419847328,0.3015267175572519,positive
2024-04-12,232,232,116,72,44,9,0.09245689655172414,0.5,0.3103448275862069,0.1896551724137931,positive
2024-04-15,221,221,86,93,42,8,-0.03131221719457013,0.3891402714932127,0.42081447963800905,0.19004524886877827,neutral
2024-04-16,266,266,138,74,54,10,0.1369924812030075,0.518796992481203,0.2781954887218045,0.20300751879699247,positive
2024-04-17,278,278,108,106,64,10,-0.005611510791366904,0.38848920863309355,0.381294964028777,0.2302158273381295,neutral
2024-04-18,234,234,114,65,55,10,0.10316239316239316,0.48717948717948717,0.2777777777777778,0.23504273504273504,positive
2024-04-19,211,211,83,88,40,12,-0.023507109004739336,0.3933649289099526,0.41706161137440756,0.1895734597156398,neutral
2024-04-22,216,216,104,79,33,8,0.0812037037037037,0.48148148148148145,0.36574074074074076,0.1527777777777778,positive
2024-04-23,258,258,122,41,95,8,0.14112403100775192,0.4728682170542636,0.15891472868217055,0.3682170542635659,positive
2024-04-24,248,248,100,76,72,11,0.06669354838709678,0.4032258064516129,0.3064516129032258,0.2903225806451613,positive
2024-04-25,225,225,84,68,73,9,0.024666666666666667,0.37333333333333335,0.3022222222222222,0.3244444444444444,neutral
2024-04-26,235,235,92,74,69,7,0.01221276595744681,0.39148936170212767,0.3148936170212766,0.2936170212765957,neutral
2024-04-29,288,288,126,78,84,9,0.07836805555555555,0.4375,0.2708333333333333,0.2916666666666667,positive
2024-04-30,344,344,139,115,90,9,0.03654069767441861,0.40406976744186046,0.33430232558139533,0.2616279069767442,neutral
2024-05-01,218,218,89,64,65,8,0.08307339449541284,0.40825688073394495,0.29357798165137616,0.2981651376146789,positive
2024-05-02,317,317,127,92,98,9,0.04520504731861199,0.40063091482649843,0.2902208201892745,0.30914826498422715,neutral
2024-05-03,176,176,67,62,47,9,0.010227272727272724,0.3806818181818182,0.3522727272727273,0.26704545454545453,neutral
2024-05-06,220,220,111,52,57,8,0.09795454545454545,0.5045454545454545,0.23636363636363636,0.2590909090909091,positive
2024-05-07,268,268,131,73,64,7,0.10966417910447761,0.48880597014925375,0.27238805970149255,0.23880597014925373,positive
2024-05-08,253,253,119,67,67,11,0.09802371541501975,0.47035573122529645,0.2648221343873518,0.2648221343873518,positive
2024-05-09,238,238,112,57,69,10,0.09936974789915966,0.47058823529411764,0.23949579831932774,0.28991596638655465,positive
2024-05-10,241,241,125,57,59,10,0.14145228215767633,0.5186721991701245,0.23651452282157676,0.24481327800829875,positive
2024-05-13,240,240,144,52,44,10,0.157375,0.6,0.21666666666666667,0.18333333333333332,positive
2024-05-14,241,241,95,73,73,8,0.04829875518672199,0.3941908713692946,0.3029045643153527,0.3029045643153527,neutral
2024-05-15,322,322,156,90,76,9,0.09714285714285714,0.484472049689441,0.2795031055900621,0.2360248447204969,positive
2024-05-16,288,288,138,72,78,10,0.10777777777777778,0.4791666666666667,0.25,0.2708333333333333,positive
2024-05-17,172,172,93,41,38,8,0.11087209302325582,0.5406976744186046,0.23837209302325582,0.22093023255813954,positive
2024-05-20,211,211,91,66,54,9,0.05109004739336494,0.4312796208530806,0.3127962085308057,0.2559241706161137,positive
2024-05-21,255,255,120,74,61,9,0.1127843137254902,0.47058823529411764,0.2901960784313726,0.23921568627450981,positive
2024-05-22,272,272,107,80,85,9,0.06477941176470589,0.39338235294117646,0.29411764705882354,0.3125,positive
2024-05-23,279,279,101,71,107,10,0.06275985663082437,0.36200716845878134,0.25448028673835127,0.3835125448028674,positive
2024-05-24,206,206,73,77,56,10,0.027427184466019414,0.35436893203883496,0.3737864077669903,0.27184466019417475,neutral
2024-05-28,317,317,159,77,81,11,0.1171608832807571,0.501577287066246,0.24290220820189273,0.2555205047318612,positive
2024-05-29,216,216,88,74,54,10,0.05486111111111111,0.4074074074074074,0.3425925925925926,0.25,positive
2024-05-30,275,275,119,90,66,10,0.06294545454545454,0.43272727272727274,0.32727272727272727,0.24,positive
2024-05-31,256,256,109,84,63,11,0.0515625,0.42578125,0.328125,0.24609375,positive
2024-06-03,334,334,136,107,91,10,0.07823353293413174,0.40718562874251496,0.3203592814371258,0.27245508982035926,positive
2024-06-04,232,232,93,84,55,9,0.04504310344827586,0.40086206896551724,0.3620689655172414,0.23706896551724138,neutral
2024-06-05,270,270,125,82,63,10,0.08714814814814816,0.46296296296296297,0.3037037037037037,0.23333333333333334,positive
2024-06-06,310,310,154,61,95,10,0.14774193548387096,0.4967741935483871,0.1967741935483871,0.3064516129032258,positive
2024-06-07,224,224,96,61,67,9,0.09044642857142857,0.42857142857142855,0.27232142857142855,0.29910714285714285,positive
2024-06-10,272,272,134,77,61,10,0.12095588235294118,0.49264705882352944,0.28308823529411764,0.22426470588235295,positive
2024-06-11,217,217,99,63,55,9,0.08737327188940093,0.45622119815668205,0.2903225806451613,0.2534562211981567,positive
2024-06-12,317,317,115,110,92,10,0.021766561514195586,0.3627760252365931,0.3470031545741325,0.2902208201892745,neutral
2024-06-13,228,228,100,59,69,10,0.07184210526315789,0.43859649122807015,0.25877192982456143,0.3026315789473684,positive
2024-06-14,164,164,66,63,35,8,0.0012195121951219497,0.4024390243902439,0.38414634146341464,0.21341463414634146,neutral
2024-06-17,228,228,82,70,76,7,0.029824561403508774,0.35964912280701755,0.30701754385964913,0.3333333333333333,neutral
2024-06-18,259,259,123,59,77,8,0.11158301158301158,0.4749034749034749,0.2277992277992278,0.2972972972972973,positive
2024-06-20,464,464,222,81,161,9,0.14922413793103448,0.47844827586206895,0.17456896551724138,0.34698275862068967,positive
2024-06-21,202,202,75,66,61,8,0.03331683168316832,0.3712871287128713,0.32673267326732675,0.30198019801980197,neutral
2024-06-24,225,225,92,66,67,9,0.04697777777777778,0.4088888888888889,0.29333333333333333,0.29777777777777775,neutral
2024-06-25,258,258,104,98,56,12,0.023062015503875967,0.40310077519379844,0.3798449612403101,0.21705426356589147,neutral
2024-06-26,265,265,106,99,60,10,0.005132075471698112,0.4,0.37358490566037733,0.22641509433962265,neutral
2024-06-27,269,269,132,45,92,10,0.14104089219330854,0.49070631970260226,0.16728624535315986,0.3420074349442379,positive
2024-06-28,251,251,100,68,83,10,0.07059760956175298,0.398406374501992,0.27091633466135456,0.33067729083665337,positive
2024-07-01,240,240,105,49,86,10,0.11666666666666667,0.4375,0.20416666666666666,0.35833333333333334,positive
2024-07-02,215,215,96,53,66,9,0.1033953488372093,0.44651162790697674,0.24651162790697675,0.30697674418604654,positive
2024-07-03,277,277,95,66,116,10,0.04296028880866426,0.34296028880866425,0.23826714801444043,0.4187725631768953,neutral
2024-07-05,315,315,139,77,99,10,0.08419047619047619,0.44126984126984126,0.24444444444444444,0.3142857142857143,positive
2024-07-08,193,193,88,54,51,9,0.10569948186528497,0.45595854922279794,0.27979274611398963,0.26424870466321243,positive
2024-07-09,208,208,81,63,64,9,0.045384615384615384,0.3894230769230769,0.30288461538461536,0.3076923076923077,neutral
2024-07-10,276,276,126,83,67,8,0.07804347826086958,0.45652173913043476,0.3007246376811594,0.2427536231884058,positive
2024-07-11,276,276,117,69,90,10,0.0831159420289855,0.42391304347826086,0.25,0.32608695652173914,positive
2024-07-12,181,181,80,53,48,7,0.08082872928176794,0.4419889502762431,0.292817679558011,0.26519337016574585,positive
2024-07-15,224,224,86,86,52,11,-0.019285714285714288,0.38392857142857145,0.38392857142857145,0.23214285714285715,neutral
2024-07-16,256,256,112,85,59,10,0.0642578125,0.4375,0.33203125,0.23046875,positive
2024-07-17,272,272,117,65,90,8,0.085,0.43014705882352944,0.23897058823529413,0.33088235294117646,positive
2024-07-18,287,287,145,62,80,8,0.14766550522648084,0.5052264808362369,0.21602787456445993,0.2787456445993031,positive
2024-07-19,166,166,44,77,45,9,-0.06765060240963856,0.26506024096385544,0.463855421686747,0.2710843373493976,negative
2024-07-22,222,222,103,82,37,7,0.04765765765765765,0.46396396396396394,0.36936936936936937,0.16666666666666666,neutral
2024-07-23,208,208,100,66,42,8,0.08350961538461539,0.4807692307692308,0.3173076923076923,0.20192307692307693,positive
2024-07-24,292,292,122,73,97,10,0.09208904109589042,0.4178082191780822,0.25,0.3321917808219178,positive
2024-07-25,239,239,103,73,63,12,0.03104602510460251,0.4309623430962343,0.3054393305439331,0.26359832635983266,neutral
2024-07-26,188,188,92,52,44,8,0.09925531914893618,0.48936170212765956,0.2765957446808511,0.23404255319148937,positive
2024-07-29,231,231,109,75,47,10,0.0890909090909091,0.47186147186147187,0.3246753246753247,0.20346320346320346,positive
2024-07-30,293,293,108,90,95,9,0.04252559726962457,0.36860068259385664,0.30716723549488056,0.3242320819112628,neutral
2024-07-31,333,333,141,121,71,9,0.03621621621621622,0.42342342342342343,0.3633633633633634,0.2132132132132132,neutral
2024-08-01,321,321,132,102,87,10,0.06174454828660436,0.411214953271028,0.3177570093457944,0.27102803738317754,positive
2024-08-02,246,246,87,75,84,8,0.032520325203252036,0.35365853658536583,0.3048780487804878,0.34146341463414637,neutral
2024-08-05,259,259,84,124,51,9,-0.07471042471042472,0.32432432432432434,0.47876447876447875,0.1969111969111969,negative
2024-08-06,255,255,104,70,81,10,0.0763921568627451,0.40784313725490196,0.27450980392156865,0.3176470588235294,positive
2024-08-07,223,223,91,59,73,7,0.05739910313901345,0.4080717488789238,0.2645739910313901,0.3273542600896861,positive
2024-08-08,237,237,96,66,75,7,0.06181434599156118,0.4050632911392405,0.27848101265822783,0.31645569620253167,positive
2024-08-09,221,221,94,71,56,9,0.043303167420814484,0.4253393665158371,0.3212669683257919,0.25339366515837103,neutral
2024-08-12,243,243,116,77,50,7,0.06255144032921811,0.4773662551440329,0.3168724279835391,0.205761316872428,positive
2024-08-13,235,235,93,92,50,8,0.020638297872340425,0.39574468085106385,0.39148936170212767,0.2127659574468085,neutral
2024-08-14,288,288,130,83,75,10,0.08652777777777777,0.4513888888888889,0.2881944444444444,0.2604166666666667,positive
2024-08-15,271,271,146,65,60,10,0.14081180811808117,0.5387453874538746,0.23985239852398524,0.22140221402214022,positive
2024-08-16,190,190,89,52,49,7,0.1191578947368421,0.46842105263157896,0.2736842105263158,0.2578947368421053,positive
2024-08-19,216,216,97,81,38,9,0.053101851851851845,0.44907407407407407,0.375,0.17592592592592593,positive
2024-08-20,281,281,140,79,62,9,0.10469750889679716,0.498220640569395,0.28113879003558717,0.2206405693950178,positive
2024-08-21,263,263,92,81,90,8,0.024524714828897336,0.34980988593155893,0.30798479087452474,0.34220532319391633,neutral
2024-08-22,325,325,134,76,115,11,0.0871076923076923,0.4123076923076923,0.23384615384615384,0.35384615384615387,positive
2024-08-23,181,181,77,56,48,10,0.05292817679558011,0.425414364640884,0.30939226519337015,0.26519337016574585,positive
2024-08-26,249,249,107,87,55,10,0.045421686746987947,0.42971887550200805,0.3493975903614458,0.22088353413654618,neutral
2024-08-27,219,219,94,70,55,11,0.0536986301369863,0.4292237442922374,0.319634703196347,0.2511415525114155,positive
2024-08-28,257,257,111,74,72,10,0.09439688715953308,0.43190661478599224,0.28793774319066145,0.2801556420233463,positive
2024-08-29,283,283,127,73,83,9,0.06809187279151943,0.44876325088339225,0.2579505300353357,0.29328621908127206,positive
2024-08-30,231,231,81,86,64,7,-0.007186147186147187,0.35064935064935066,0.3722943722943723,0.27705627705627706,neutral
2024-09-03,426,426,137,140,149,8,0.009507042253521126,0.3215962441314554,0.3286384976525822,0.34976525821596244,neutral
2024-09-04,316,316,119,89,108,11,0.07110759493670886,0.37658227848101267,0.28164556962025317,0.34177215189873417,positive
2024-09-05,314,314,141,78,95,12,0.1049044585987261,0.44904458598726116,0.2484076433121019,0.30254777070063693,positive
2024-09-06,241,241,92,85,64,10,-0.0012448132780083013,0.3817427385892116,0.35269709543568467,0.26556016597510373,neutral
2024-09-09,292,292,160,60,72,11,0.1746232876712329,0.547945205479452,0.2054794520547945,0.2465753424657534,positive
2024-09-10,273,273,125,96,52,11,0.051721611721611715,0.45787545787545786,0.3516483516483517,0.19047619047619047,positive
2024-09-11,268,268,87,86,95,9,-0.006156716417910448,0.3246268656716418,0.3208955223880597,0.35447761194029853,neutral
2024-09-12,294,294,174,52,68,9,0.2083673469387755,0.5918367346938775,0.17687074829931973,0.23129251700680273,positive
2024-09-13,226,226,110,70,46,9,0.10327433628318584,0.48672566371681414,0.30973451327433627,0.20353982300884957,positive
2024-09-16,287,287,144,72,71,8,0.10993031358885016,0.5017421602787456,0.2508710801393728,0.24738675958188153,positive
2024-09-17,299,299,150,80,69,10,0.09591973244147158,0.5016722408026756,0.26755852842809363,0.23076923076923078,positive
2024-09-18,343,343,149,88,106,9,0.09982507288629738,0.43440233236151604,0.2565597667638484,0.30903790087463556,positive
2024-09-19,362,362,179,86,97,9,0.1411878453038674,0.494475138121547,0.23756906077348067,0.26795580110497236,positive
2024-09-20,302,302,149,86,67,10,0.07218543046357616,0.49337748344370863,0.2847682119205298,0.22185430463576158,positive
2024-09-23,322,322,128,95,99,10,0.05226708074534161,0.39751552795031053,0.2950310559006211,0.30745341614906835,positive
2024-09-24,244,244,128,58,58,9,0.13204918032786886,0.5245901639344263,0.23770491803278687,0.23770491803278687,positive
2024-09-25,265,265,114,95,56,9,0.04705660377358491,0.43018867924528303,0.3584905660377358,0.21132075471698114,neutral
2024-09-26,260,260,117,66,77,11,0.1045,0.45,0.25384615384615383,0.29615384615384616,positive
2024-09-27,281,281,120,85,76,13,0.06811387900355871,0.42704626334519574,0.302491103202847,0.2704626334519573,positive
2024-09-30,318,318,130,106,82,10,0.030754716981132073,0.4088050314465409,0.3333333333333333,0.2578616352201258,neutral
2024-10-01,317,317,140,79,98,10,0.06785488958990536,0.4416403785488959,0.24921135646687698,0.30914826498422715,positive
2024-10-02,243,243,148,69,26,9,0.10921810699588477,0.6090534979423868,0.2839506172839506,0.10699588477366255,positive
2024-10-03,243,243,104,70,69,9,0.05279835390946502,0.4279835390946502,0.2880658436213992,0.2839506172839506,positive
2024-10-04,201,201,87,59,55,9,0.06402985074626866,0.43283582089552236,0.2935323383084577,0.2736318407960199,positive
2024-10-07,216,216,94,84,38,7,0.018657407407407414,0.4351851851851852,0.3888888888888889,0.17592592592592593,neutral
2024-10-08,264,264,89,81,94,11,0.0346590909090909,0.3371212121212121,0.3068181818181818,0.3560606060606061,neutral
2024-10-09,272,272,90,73,109,7,0.038786764705882354,0.33088235294117646,0.26838235294117646,0.4007352941176471,neutral
2024-10-10,203,203,82,56,65,11,0.05551724137931034,0.4039408866995074,0.27586206896551724,0.32019704433497537,positive
2024-10-11,228,228,99,53,76,8,0.09934210526315788,0.4342105263157895,0.2324561403508772,0.3333333333333333,positive
2024-10-14,220,220,80,80,60,9,0.007499999999999994,0.36363636363636365,0.36363636363636365,0.2727272727272727,neutral
2024-10-15,295,295,133,90,72,8,0.06898305084745762,0.45084745762711864,0.3050847457627119,0.2440677966101695,positive
2024-10-16,285,285,153,66,66,10,0.14631578947368423,0.5368421052631579,0.23157894736842105,0.23157894736842105,positive
2024-10-17,337,337,148,95,94,10,0.06204747774480712,0.4391691394658754,0.2818991097922849,0.2789317507418398,positive
2024-10-18,200,200,96,63,41,9,0.0861,0.48,0.315,0.205,positive
2024-10-21,253,253,143,56,54,9,0.1551383399209486,0.5652173913043478,0.22134387351778656,0.2134387351778656,positive
2024-10-22,224,224,131,48,45,10,0.19129464285714287,0.5848214285714286,0.21428571428571427,0.20089285714285715,positive
2024-10-23,263,263,118,96,49,11,0.06019011406844107,0.44866920152091255,0.3650190114068441,0.18631178707224336,positive
2024-10-24,282,282,105,64,113,8,0.09808510638297872,0.3723404255319149,0.22695035460992907,0.40070921985815605,positive
2024-10-25,192,192,94,58,40,7,0.07291666666666667,0.4895833333333333,0.3020833333333333,0.20833333333333334,positive
2024-10-28,257,257,70,128,59,9,-0.10556420233463035,0.2723735408560311,0.4980544747081712,0.22957198443579765,negative
2024-10-29,241,241,114,72,55,10,0.08398340248962655,0.4730290456431535,0.2987551867219917,0.22821576763485477,positive
2024-10-30,334,334,166,84,84,11,0.13799401197604788,0.49700598802395207,0.25149700598802394,0.25149700598802394,positive
2024-10-31,288,288,110,79,99,9,0.051944444444444446,0.3819444444444444,0.2743055555555556,0.34375,positive
2024-11-01,227,227,97,63,67,9,0.0513215859030837,0.42731277533039647,0.2775330396475771,0.29515418502202645,positive
2024-11-04,258,258,139,62,57,8,0.1412015503875969,0.5387596899224806,0.24031007751937986,0.22093023255813954,positive
2024-11-05,291,291,130,74,87,10,0.1056701030927835,0.44673539518900346,0.2542955326460481,0.29896907216494845,positive
2024-11-06,365,365,148,104,113,9,0.08252054794520548,0.4054794520547945,0.28493150684931506,0.3095890410958904,positive
2024-11-07,351,351,171,94,86,9,0.10868945868945869,0.48717948717948717,0.2678062678062678,0.245014245014245,positive
2024-11-08,215,215,102,54,59,9,0.12539534883720932,0.4744186046511628,0.25116279069767444,0.2744186046511628,positive
2024-11-11,249,249,101,81,67,8,0.038072289156626506,0.40562248995983935,0.3253012048192771,0.26907630522088355,neutral
2024-11-12,284,284,109,113,62,11,-0.017711267605633803,0.38380281690140844,0.397887323943662,0.21830985915492956,neutral
2024-11-13,288,288,116,73,99,12,0.08559027777777778,0.4027777777777778,0.2534722222222222,0.34375,positive
2024-11-14,287,287,139,92,56,10,0.07390243902439024,0.4843205574912892,0.3205574912891986,0.1951219512195122,positive
2024-11-15,283,283,110,97,76,10,0.018268551236749118,0.38869257950530034,0.34275618374558303,0.26855123674911663,neutral
2024-11-18,289,289,152,81,56,12,0.12318339100346021,0.5259515570934256,0.28027681660899656,0.19377162629757785,positive
2024-11-19,291,291,151,74,66,12,0.13271477663230238,0.5189003436426117,0.2542955326460481,0.2268041237113402,positive
2024-11-20,278,278,104,98,76,9,0.032230215827338135,0.37410071942446044,0.35251798561151076,0.2733812949640288,neutral
2024-11-21,277,277,131,62,84,12,0.11411552346570397,0.4729241877256318,0.22382671480144403,0.30324909747292417,positive
2024-11-22,290,290,123,63,104,9,0.10458620689655174,0.4241379310344828,0.21724137931034482,0.3586206896551724,positive
2024-11-25,240,240,89,91,60,8,-0.003499999999999999,0.37083333333333335,0.37916666666666665,0.25,neutral
2024-11-26,222,222,89,64,69,9,0.04995495495495495,0.4009009009009009,0.2882882882882883,0.3108108108108108,neutral
2024-11-27,273,273,124,87,62,12,0.07347985347985347,0.4542124542124542,0.31868131868131866,0.2271062271062271,positive
2024-11-29,381,381,149,128,104,9,0.01887139107611549,0.3910761154855643,0.3359580052493438,0.27296587926509186,neutral
2024-12-02,288,288,115,92,81,11,0.036006944444444446,0.3993055555555556,0.3194444444444444,0.28125,neutral
2024-12-03,225,225,120,51,54,11,0.14844444444444443,0.5333333333333333,0.22666666666666666,0.24,positive
2024-12-04,290,290,114,107,69,6,0.02482758620689655,0.3931034482758621,0.3689655172413793,0.23793103448275862,neutral
2024-12-05,342,342,172,76,94,11,0.14628654970760235,0.5029239766081871,0.2222222222222222,0.27485380116959063,positive
2024-12-06,258,258,98,78,82,9,0.03937984496124031,0.3798449612403101,0.3023255813953488,0.3178294573643411,neutral
2024-12-09,286,286,130,73,83,9,0.09555944055944056,0.45454545454545453,0.25524475524475526,0.2902097902097902,positive
2024-12-10,283,283,118,75,90,9,0.06501766784452297,0.4169611307420495,0.26501766784452296,0.31802120141342755,positive
2024-12-11,271,271,106,72,93,9,0.05749077490774908,0.39114391143911437,0.2656826568265683,0.34317343173431736,positive
2024-12-12,275,275,132,81,62,9,0.09156363636363636,0.48,0.29454545454545455,0.22545454545454546,positive
2024-12-13,224,224,99,61,64,10,0.06375,0.4419642857142857,0.27232142857142855,0.2857142857142857,positive
2024-12-16,365,365,144,110,111,10,0.07361643835616438,0.39452054794520547,0.3013698630136986,0.3041095890410959,positive
2024-12-17,325,325,119,115,91,11,0.015200000000000002,0.36615384615384616,0.35384615384615387,0.28,neutral
2024-12-18,303,303,139,85,79,10,0.08877887788778878,0.45874587458745875,0.28052805280528054,0.2607260726072607,positive
2024-12-19,322,322,148,69,105,10,0.13372670807453416,0.45962732919254656,0.21428571428571427,0.32608695652173914,positive
2024-12-20,246,246,88,84,74,8,0.011260162601626019,0.35772357723577236,0.34146341463414637,0.3008130081300813,neutral
2024-12-23,257,257,112,77,68,12,0.09217898832684826,0.4357976653696498,0.29961089494163423,0.26459143968871596,positive
2024-12-24,137,137,66,33,38,7,0.08708029197080291,0.48175182481751827,0.24087591240875914,0.2773722627737226,positive
2024-12-26,128,128,58,35,35,6,0.09953125,0.453125,0.2734375,0.2734375,positive
2024-12-27,125,125,47,42,36,5,-0.0023199999999999987,0.376,0.336,0.288,neutral
2024-12-30,157,157,72,51,34,7,0.040382165605095534,0.4585987261146497,0.3248407643312102,0.21656050955414013,neutral
2024-12-31,102,102,39,40,23,7,-0.01901960784313725,0.38235294117647056,0.39215686274509803,0.22549019607843138,neutral
2025-01-02,219,219,106,42,71,7,0.13981735159817352,0.4840182648401826,0.1917808219178082,0.3242009132420091,positive
2025-01-03,138,138,53,49,36,5,0.012028985507246381,0.38405797101449274,0.35507246376811596,0.2608695652173913,neutral
2025-01-06,241,241,84,80,77,8,0.01066390041493776,0.34854771784232363,0.33195020746887965,0.31950207468879666,neutral
2025-01-07,317,317,124,93,100,10,0.053217665615141956,0.3911671924290221,0.29337539432176657,0.31545741324921134,positive
2025-01-08,247,247,92,61,94,12,0.055020242914979756,0.3724696356275304,0.24696356275303644,0.3805668016194332,positive
2025-01-10,466,466,215,111,140,10,0.11877682403433476,0.4613733905579399,0.23819742489270387,0.30042918454935624,positive
2025-01-13,258,258,132,56,70,11,0.1401550387596899,0.5116279069767442,0.21705426356589147,0.2713178294573643,positive
2025-01-14,240,240,132,55,53,10,0.16204166666666667,0.55,0.22916666666666666,0.22083333333333333,positive
2025-01-15,376,376,162,110,104,10,0.05904255319148936,0.4308510638297872,0.2925531914893617,0.2765957446808511,positive
2025-01-16,289,289,125,69,95,10,0.10325259515570934,0.43252595155709345,0.23875432525951557,0.328719723183391,positive
2025-01-17,268,268,130,87,51,9,0.08936567164179104,0.48507462686567165,0.3246268656716418,0.19029850746268656,positive
2025-01-21,425,425,186,142,97,11,0.038658823529411766,0.4376470588235294,0.3341176470588235,0.22823529411764706,neutral
2025-01-22,218,218,115,47,56,11,0.1410091743119266,0.5275229357798165,0.21559633027522937,0.25688073394495414,positive
2025-01-23,283,283,144,73,66,11,0.11102473498233215,0.508833922261484,0.2579505300353357,0.2332155477031802,positive
2025-01-24,256,256,89,93,74,7,-0.023125,0.34765625,0.36328125,0.2890625,neutral
2025-01-27,266,266,120,70,76,8,0.09879699248120301,0.45112781954887216,0.2631578947368421,0.2857142857142857,positive
2025-01-28,196,196,102,28,66,10,0.19096938775510203,0.5204081632653061,0.14285714285714285,0.336734693877551,positive
2025-01-29,266,266,138,57,71,10,0.16778195488721806,0.518796992481203,0.21428571428571427,0.2669172932330827,positive
2025-01-30,308,308,142,85,81,9,0.08435064935064936,0.461038961038961,0.275974025974026,0.262987012987013,positive
2025-01-31,241,241,109,71,61,8,0.0729045643153527,0.45228215767634855,0.2946058091286307,0.25311203319502074,positive
2025-02-03,291,291,158,79,54,7,0.13037800687285223,0.5429553264604811,0.27147766323024053,0.18556701030927836,positive
2025-02-04,270,270,117,72,81,11,0.09788888888888889,0.43333333333333335,0.26666666666666666,0.3,positive
2025-02-05,341,341,127,111,103,6,0.02791788856304986,0.3724340175953079,0.3255131964809384,0.3020527859237537,neutral
2025-02-06,289,289,137,73,79,9,0.10474048442906574,0.4740484429065744,0.25259515570934254,0.27335640138408307,positive
2025-02-07,220,220,89,57,74,9,0.0710909090909091,0.40454545454545454,0.2590909090909091,0.33636363636363636,positive
2025-02-10,207,207,100,59,48,8,0.08821256038647343,0.4830917874396135,0.28502415458937197,0.2318840579710145,positive
2025-02-11,205,205,108,55,42,9,0.12502439024390244,0.526829268292683,0.2682926829268293,0.2048780487804878,positive
2025-02-12,287,287,103,99,85,9,0.02153310104529617,0.3588850174216028,0.34494773519163763,0.2961672473867596,neutral
2025-02-13,255,255,114,73,68,10,0.08686274509803922,0.4470588235294118,0.28627450980392155,0.26666666666666666,positive
2025-02-14,208,208,113,51,44,9,0.14403846153846153,0.5432692307692307,0.24519230769230768,0.21153846153846154,positive
2025-02-18,464,464,196,142,126,8,0.05562499999999999,0.4224137931034483,0.30603448275862066,0.27155172413793105,positive
2025-02-19,306,306,130,83,93,10,0.07751633986928105,0.42483660130718953,0.27124183006535946,0.30392156862745096,positive
2025-02-20,319,319,156,85,78,11,0.09172413793103448,0.4890282131661442,0.2664576802507837,0.2445141065830721,positive
2025-02-21,269,269,88,93,88,8,-0.005130111524163568,0.3271375464684015,0.34572490706319703,0.3271375464684015,neutral
2025-02-24,245,245,124,68,53,9,0.12628571428571428,0.5061224489795918,0.27755102040816326,0.2163265306122449,positive
2025-02-25,310,310,165,85,60,11,0.14306451612903226,0.532258064516129,0.27419354838709675,0.1935483870967742,positive
2025-02-26,247,247,138,57,52,8,0.17198380566801622,0.5587044534412956,0.23076923076923078,0.21052631578947367,positive
2025-02-27,262,262,129,66,67,11,0.11179389312977099,0.49236641221374045,0.25190839694656486,0.25572519083969464,positive
2025-02-28,271,271,142,79,50,11,0.09974169741697417,0.5239852398523985,0.2915129151291513,0.18450184501845018,positive
2025-03-03,319,319,165,100,54,9,0.08501567398119123,0.5172413793103449,0.31347962382445144,0.16927899686520376,positive
2025-03-04,305,305,136,112,57,10,0.042,0.4459016393442623,0.36721311475409835,0.18688524590163935,neutral
2025-03-05,330,330,157,94,79,10,0.1004848484848485,0.47575757575757577,0.28484848484848485,0.23939393939393938,positive
2025-03-06,344,344,167,79,98,8,0.12834302325581395,0.48546511627906974,0.22965116279069767,0.28488372093023256,positive
2025-03-07,262,262,113,88,61,11,0.05183206106870229,0.4312977099236641,0.33587786259541985,0.23282442748091603,positive
2025-03-10,284,284,135,100,49,9,0.05665492957746479,0.4753521126760563,0.352112676056338,0.17253521126760563,positive
2025-03-11,211,211,107,57,47,9,0.08800947867298578,0.5071090047393365,0.27014218009478674,0.22274881516587677,positive
2025-03-12,255,255,120,80,55,7,0.06125490196078432,0.47058823529411764,0.3137254901960784,0.21568627450980393,positive
2025-03-13,205,205,113,58,34,9,0.12165853658536586,0.551219512195122,0.28292682926829266,0.16585365853658537,positive
2025-03-14,168,168,52,65,51,5,-0.05803571428571429,0.30952380952380953,0.3869047619047619,0.30357142857142855,negative
2025-03-17,315,315,200,70,45,9,0.1873015873015873,0.6349206349206349,0.2222222222222222,0.14285714285714285,positive
2025-03-18,276,276,145,86,45,9,0.0964855072463768,0.5253623188405797,0.3115942028985507,0.16304347826086957,positive
2025-03-19,272,272,134,72,66,9,0.10518382352941176,0.49264705882352944,0.2647058823529412,0.2426470588235294,positive
2025-03-20,299,299,129,70,100,9,0.0831438127090301,0.431438127090301,0.23411371237458195,0.33444816053511706,positive
2025-03-21,168,168,86,54,28,8,0.09607142857142857,0.5119047619047619,0.32142857142857145,0.16666666666666666,positive
2025-03-24,205,205,83,50,72,9,0.07634146341463414,0.40487804878048783,0.24390243902439024,0.35121951219512193,positive
2025-03-25,214,214,90,68,56,9,0.05485981308411215,0.4205607476635514,0.3177570093457944,0.2616822429906542,positive
2025-03-26,234,234,102,60,72,8,0.07042735042735043,0.4358974358974359,0.2564102564102564,0.3076923076923077,positive
2025-03-27,222,222,119,54,49,10,0.13743243243243242,0.536036036036036,0.24324324324324326,0.22072072072072071,positive
2025-03-28,247,247,128,70,49,9,0.09469635627530365,0.5182186234817814,0.2834008097165992,0.19838056680161945,positive
2025-03-31,279,279,162,71,46,11,0.13272401433691758,0.5806451612903226,0.25448028673835127,0.16487455197132617,positive
2025-04-01,259,259,121,74,64,9,0.0720849420849421,0.4671814671814672,0.2857142857142857,0.2471042471042471,positive
2025-04-02,225,225,118,50,57,7,0.13506666666666667,0.5244444444444445,0.2222222222222222,0.25333333333333335,positive
2025-04-03,365,365,141,129,95,7,-0.0010136986301369896,0.3863013698630137,0.35342465753424657,0.2602739726027397,neutral
2025-04-04,246,246,84,108,54,9,-0.051422764227642276,0.34146341463414637,0.43902439024390244,0.21951219512195122,negative
2025-04-07,236,236,108,99,29,9,0.02309322033898305,0.4576271186440678,0.4194915254237288,0.1228813559322034,neutral
2025-04-08,218,218,108,62,48,8,0.11279816513761468,0.4954128440366973,0.28440366972477066,0.22018348623853212,positive
2025-04-09,313,313,156,97,60,10,0.08980830670926518,0.4984025559105431,0.30990415335463256,0.19169329073482427,positive
2025-04-10,264,264,127,70,67,12,0.0934469696969697,0.4810606060606061,0.26515151515151514,0.2537878787878788,positive
2025-04-11,223,223,95,81,47,11,0.025964125560538117,0.4260089686098655,0.3632286995515695,0.21076233183856502,neutral
2025-04-14,267,267,143,85,39,10,0.09187265917602996,0.5355805243445693,0.31835205992509363,0.14606741573033707,positive
2025-04-15,274,274,119,82,73,10,0.04547445255474453,0.4343065693430657,0.29927007299270075,0.2664233576642336,neutral
2025-04-16,312,312,167,90,55,10,0.09961538461538462,0.5352564102564102,0.28846153846153844,0.1762820512820513,positive
2025-04-17,294,294,132,72,90,12,0.11591836734693876,0.4489795918367347,0.24489795918367346,0.30612244897959184,positive
2025-04-21,241,241,127,70,44,7,0.13024896265560165,0.5269709543568465,0.29045643153526973,0.1825726141078838,positive
2025-04-22,227,227,139,45,43,8,0.20920704845814977,0.6123348017621145,0.19823788546255505,0.1894273127753304,positive
2025-04-23,249,249,90,78,81,10,0.03253012048192771,0.3614457831325301,0.3132530120481928,0.3253012048192771,neutral
2025-04-24,262,262,115,85,62,9,0.05435114503816794,0.4389312977099237,0.3244274809160305,0.2366412213740458,positive
2025-04-25,170,170,75,54,41,9,0.044470588235294116,0.4411764705882353,0.3176470588235294,0.2411764705882353,neutral
2025-04-28,265,265,126,83,56,9,0.07471698113207546,0.47547169811320755,0.3132075471698113,0.21132075471698114,positive
2025-04-29,212,212,100,65,47,9,0.10377358490566038,0.4716981132075472,0.30660377358490565,0.22169811320754718,positive
2025-04-30,345,345,158,117,70,8,0.07371014492753623,0.4579710144927536,0.3391304347826087,0.2028985507246377,positive
2025-05-01,203,203,98,69,36,8,0.048128078817733996,0.4827586206896552,0.3399014778325123,0.17733990147783252,neutral
2025-05-02,241,241,76,98,67,9,-0.06307053941908713,0.3153526970954357,0.4066390041493776,0.27800829875518673,negative
2025-05-05,255,255,99,115,41,8,-0.03768627450980393,0.38823529411764707,0.45098039215686275,0.1607843137254902,neutral
2025-05-06,254,254,116,66,72,8,0.1021259842519685,0.4566929133858268,0.25984251968503935,0.28346456692913385,positive
2025-05-07,266,266,112,70,84,11,0.08221804511278195,0.42105263157894735,0.2631578947368421,0.3157894736842105,positive
2025-05-08,303,303,157,69,77,8,0.15957095709570956,0.5181518151815182,0.22772277227722773,0.25412541254125415,positive
2025-05-09,203,203,111,50,42,7,0.1440394088669951,0.5467980295566502,0.24630541871921183,0.20689655172413793,positive
2025-05-12,283,283,181,63,39,9,0.19148409893992935,0.6395759717314488,0.2226148409893993,0.13780918727915195,positive
2025-05-13,266,266,134,59,73,10,0.14436090225563908,0.5037593984962406,0.22180451127819548,0.2744360902255639,positive
2025-05-14,216,216,87,54,75,9,0.07324074074074075,0.4027777777777778,0.25,0.3472222222222222,positive
2025-05-15,305,305,139,99,67,10,0.0758688524590164,0.4557377049180328,0.32459016393442625,0.21967213114754097,positive
2025-05-16,221,221,98,85,38,10,0.02764705882352941,0.4434389140271493,0.38461538461538464,0.17194570135746606,neutral
2025-05-19,338,338,118,153,67,10,-0.0615680473372781,0.34911242603550297,0.4526627218934911,0.19822485207100593,negative
2025-05-20,214,214,112,64,38,11,0.1102803738317757,0.5233644859813084,0.29906542056074764,0.17757009345794392,positive
2025-05-21,265,265,110,105,50,10,0.026830188679245286,0.41509433962264153,0.39622641509433965,0.18867924528301888,neutral
2025-05-22,318,318,127,119,72,12,0.03081761006289308,0.39937106918238996,0.3742138364779874,0.22641509433962265,neutral
2025-05-23,265,265,110,88,67,7,0.05460377358490565,0.41509433962264153,0.3320754716981132,0.2528301886792453,positive
2025-05-27,402,402,186,139,77,11,0.06365671641791044,0.4626865671641791,0.34577114427860695,0.19154228855721392,positive
2025-05-28,253,253,113,66,74,10,0.08102766798418973,0.44664031620553357,0.2608695652173913,0.2924901185770751,positive
2025-05-29,261,261,111,81,69,9,0.05624521072796935,0.42528735632183906,0.3103448275862069,0.26436781609195403,positive
2025-05-30,228,228,106,66,56,9,0.0763157894736842,0.4649122807017544,0.2894736842105263,0.24561403508771928,positive
2025-06-02,311,311,166,88,57,7,0.11890675241157557,0.5337620578778135,0.2829581993569132,0.1832797427652733,positive
2025-06-03,283,283,150,73,60,9,0.12469964664310954,0.5300353356890459,0.2579505300353357,0.21201413427561838,positive
2025-06-04,272,272,133,67,72,14,0.14459558823529411,0.4889705882352941,0.24632352941176472,0.2647058823529412,positive
2025-06-05,319,319,156,81,82,10,0.11692789968652037,0.4890282131661442,0.25391849529780564,0.25705329153605017,positive
2025-06-06,232,232,128,66,38,7,0.12836206896551725,0.5517241379310345,0.28448275862068967,0.16379310344827586,positive
2025-06-09,249,249,128,77,44,8,0.09172690763052209,0.5140562248995983,0.3092369477911647,0.17670682730923695,positive
2025-06-10,248,248,109,77,62,11,0.08161290322580646,0.43951612903225806,0.31048387096774194,0.25,positive
2025-06-11,265,265,164,54,47,10,0.21113207547169813,0.6188679245283019,0.2037735849056604,0.17735849056603772,positive
2025-06-12,282,282,134,97,51,10,0.07780141843971632,0.475177304964539,0.34397163120567376,0.18085106382978725,positive
2025-06-13,289,289,170,70,49,9,0.1627681660899654,0.5882352941176471,0.2422145328719723,0.1695501730103806,positive
2025-06-16,323,323,132,133,58,9,-0.002476780185758513,0.4086687306501548,0.4117647058823529,0.17956656346749225,neutral
2025-06-17,294,294,166,74,54,9,0.1408843537414966,0.564625850340136,0.25170068027210885,0.1836734693877551,positive
2025-06-18,346,346,180,74,92,11,0.1428901734104046,0.5202312138728323,0.2138728323699422,0.2658959537572254,positive
2025-06-20,433,433,192,127,114,8,0.08226327944572748,0.44341801385681295,0.29330254041570436,0.2632794457274827,positive
2025-06-23,319,319,132,129,58,9,-0.012288401253918498,0.41379310344827586,0.4043887147335423,0.18181818181818182,neutral
2025-06-24,311,311,117,117,77,10,0.011672025723472666,0.3762057877813505,0.3762057877813505,0.24758842443729903,neutral
2025-06-25,244,244,135,59,50,10,0.14758196721311476,0.5532786885245902,0.24180327868852458,0.20491803278688525,positive
2025-06-26,234,234,129,68,37,9,0.10782051282051282,0.5512820512820513,0.2905982905982906,0.1581196581196581,positive
2025-06-27,235,235,105,84,46,10,0.03885106382978723,0.44680851063829785,0.3574468085106383,0.19574468085106383,neutral
2025-06-30,263,263,127,79,57,10,0.08524714828897338,0.4828897338403042,0.30038022813688214,0.21673003802281368,positive
2025-07-01,280,280,127,66,87,11,0.09775,0.45357142857142857,0.2357142857142857,0.3107142857142857,positive
2025-07-02,259,259,131,67,61,11,0.10420849420849422,0.5057915057915058,0.25868725868725867,0.23552123552123552,positive
2025-07-03,258,258,117,77,64,9,0.08120155038759691,0.45348837209302323,0.29844961240310075,0.24806201550387597,positive
2025-07-07,308,308,114,136,58,8,-0.05542207792207792,0.37012987012987014,0.44155844155844154,0.18831168831168832,negative
2025-07-08,233,233,97,87,49,10,0.018669527896995705,0.41630901287553645,0.37339055793991416,0.21030042918454936,neutral
2025-07-09,248,248,111,65,72,11,0.08907258064516128,0.4475806451612903,0.2620967741935484,0.2903225806451613,positive
2025-07-10,203,203,99,41,63,10,0.13561576354679802,0.4876847290640394,0.2019704433497537,0.3103448275862069,positive
2025-07-11,195,195,113,47,35,9,0.15825641025641024,0.5794871794871795,0.24102564102564103,0.1794871794871795,positive
2025-07-14,251,251,117,71,63,7,0.10175298804780877,0.46613545816733065,0.28286852589641437,0.250996015936255,positive
2025-07-15,323,323,127,133,63,11,0.01523219814241486,0.3931888544891641,0.4117647058823529,0.19504643962848298,neutral
2025-07-16,287,287,103,100,84,8,0.014808362369337975,0.3588850174216028,0.34843205574912894,0.2926829268292683,neutral
2025-07-17,287,287,133,88,66,9,0.08142857142857143,0.4634146341463415,0.30662020905923343,0.22996515679442509,positive
2025-07-18,179,179,73,71,35,7,0.0146927374301676,0.40782122905027934,0.39664804469273746,0.19553072625698323,neutral
2025-07-21,211,211,109,67,35,8,0.11616113744075829,0.5165876777251185,0.3175355450236967,0.16587677725118483,positive
2025-07-22,185,185,105,53,27,8,0.14783783783783785,0.5675675675675675,0.2864864864864865,0.14594594594594595,positive
2025-07-23,288,288,156,92,40,11,0.1290625,0.5416666666666666,0.3194444444444444,0.1388888888888889,positive
2025-07-24,348,348,136,85,127,10,0.07597701149425287,0.39080459770114945,0.2442528735632184,0.3649425287356322,positive
2025-07-25,231,231,106,76,49,9,0.10073593073593073,0.4588744588744589,0.329004329004329,0.21212121212121213,positive
2025-07-28,340,340,190,87,63,9,0.19402941176470587,0.5588235294117647,0.25588235294117645,0.18529411764705883,positive
2025-07-29,259,259,164,39,56,8,0.24571428571428572,0.6332046332046332,0.15057915057915058,0.21621621621621623,positive
2025-07-30,324,324,142,90,92,9,0.09450617283950617,0.4382716049382716,0.2777777777777778,0.2839506172839506,positive
2025-07-31,288,288,127,75,86,8,0.10173611111111111,0.4409722222222222,0.2604166666666667,0.2986111111111111,positive
2025-08-01,283,283,108,84,91,8,0.05554770318021201,0.38162544169611307,0.2968197879858657,0.3215547703180212,positive
2025-08-04,243,243,102,93,48,7,0.037942386831275716,0.41975308641975306,0.38271604938271603,0.19753086419753085,neutral
2025-08-05,277,277,115,76,86,11,0.07487364620938627,0.4151624548736462,0.2743682310469314,0.3104693140794224,positive
2025-08-06,248,248,115,90,43,8,0.05443548387096774,0.4637096774193548,0.3629032258064516,0.17338709677419356,positive
2025-08-07,284,284,110,116,58,8,0.007746478873239438,0.3873239436619718,0.4084507042253521,0.20422535211267606,neutral
2025-08-08,208,208,94,73,41,9,0.05350961538461538,0.4519230769230769,0.35096153846153844,0.1971153846153846,positive
2025-08-11,238,238,115,81,42,7,0.09521008403361345,0.4831932773109244,0.3403361344537815,0.17647058823529413,positive
2025-08-12,253,253,100,81,72,9,0.046324110671936765,0.3952569169960474,0.3201581027667984,0.2845849802371542,neutral
2025-08-13,309,309,146,114,49,9,0.07472491909385114,0.47249190938511326,0.36893203883495146,0.15857605177993528,positive
2025-08-14,257,257,103,96,58,9,0.03715953307392996,0.40077821011673154,0.3735408560311284,0.22568093385214008,neutral
2025-08-15,246,246,95,109,42,8,-0.04528455284552845,0.3861788617886179,0.44308943089430897,0.17073170731707318,neutral
2025-08-18,245,245,90,106,49,9,-0.03330612244897959,0.3673469387755102,0.4326530612244898,0.2,neutral
2025-08-19,238,238,97,72,69,8,0.06449579831932772,0.40756302521008403,0.3025210084033613,0.28991596638655465,positive
2025-08-20,332,332,131,103,98,10,0.029277108433734943,0.39457831325301207,0.3102409638554217,0.29518072289156627,neutral
2025-08-21,274,274,98,74,102,10,0.020036496350364967,0.35766423357664234,0.27007299270072993,0.3722627737226277,neutral
2025-08-22,201,201,86,60,55,9,0.05681592039800995,0.42786069651741293,0.29850746268656714,0.2736318407960199,positive
2025-08-25,245,245,119,85,41,9,0.07130612244897959,0.4857142857142857,0.3469387755102041,0.1673469387755102,positive
2025-08-26,216,216,89,76,51,10,0.03611111111111111,0.41203703703703703,0.35185185185185186,0.2361111111111111,neutral
2025-08-27,222,222,126,61,35,10,0.13117117117117116,0.5675675675675675,0.2747747747747748,0.15765765765765766,positive
2025-08-28,286,286,127,78,81,12,0.06412587412587413,0.44405594405594406,0.2727272727272727,0.28321678321678323,positive
2025-08-29,214,214,69,83,62,8,-0.04598130841121495,0.32242990654205606,0.3878504672897196,0.2897196261682243,neutral
2025-09-02,506,506,196,151,159,9,0.034130434782608694,0.38735177865612647,0.2984189723320158,0.3142292490118577,neutral
2025-09-03,256,256,85,97,74,7,-0.011874999999999997,0.33203125,0.37890625,0.2890625,neutral
2025-09-04,359,359,137,89,133,7,0.07727019498607242,0.3816155988857939,0.2479108635097493,0.37047353760445684,positive
2025-09-05,263,263,94,91,78,12,-0.02095057034220532,0.3574144486692015,0.34600760456273766,0.2965779467680608,neutral
2025-09-08,319,319,175,91,53,10,0.12222570532915361,0.54858934169279,0.2852664576802508,0.16614420062695925,positive
2025-09-09,308,308,167,84,57,11,0.12672077922077923,0.5422077922077922,0.2727272727272727,0.18506493506493507,positive
2025-09-10,308,308,148,89,71,11,0.0803896103896104,0.4805194805194805,0.288961038961039,0.2305194805194805,positive
2025-09-11,258,258,95,67,96,9,0.06298449612403101,0.3682170542635659,0.2596899224806202,0.37209302325581395,positive
2025-09-12,217,217,102,62,53,8,0.10064516129032258,0.4700460829493088,0.2857142857142857,0.24423963133640553,positive
2025-09-15,280,280,131,88,61,9,0.07542857142857143,0.46785714285714286,0.3142857142857143,0.21785714285714286,positive
2025-09-16,296,296,146,71,79,9,0.1305743243243243,0.49324324324324326,0.23986486486486486,0.2668918918918919,positive
2025-09-17,317,317,120,90,107,8,0.08867507886435332,0.3785488958990536,0.28391167192429023,0.33753943217665616,positive
2025-09-18,361,361,146,118,97,7,0.09005540166204985,0.40443213296398894,0.3268698060941828,0.26869806094182824,positive
2025-09-19,228,228,67,108,53,9,-0.07811403508771929,0.29385964912280704,0.47368421052631576,0.2324561403508772,negative
2025-09-22,265,265,128,76,61,7,0.12,0.4830188679245283,0.28679245283018867,0.23018867924528302,positive
2025-09-23,257,257,115,64,78,8,0.07350194552529184,0.4474708171206226,0.2490272373540856,0.3035019455252918,positive
2025-09-24,252,252,116,66,70,11,0.10142857142857142,0.4603174603174603,0.2619047619047619,0.2777777777777778,positive
2025-09-25,265,265,122,76,67,9,0.0869056603773585,0.46037735849056605,0.28679245283018867,0.2528301886792453,positive
2025-09-26,224,224,117,52,55,11,0.12120535714285714,0.5223214285714286,0.23214285714285715,0.24553571428571427,positive
2025-09-29,267,267,117,100,50,10,0.058052434456928835,0.43820224719101125,0.37453183520599254,0.18726591760299627,positive
2025-09-30,287,287,104,108,75,12,0.002926829268292681,0.3623693379790941,0.37630662020905925,0.2613240418118467,neutral
2025-10-01,300,300,149,81,70,10,0.10919999999999999,0.49666666666666665,0.27,0.23333333333333334,positive
2025-10-02,205,205,72,67,66,8,0.03517073170731707,0.35121951219512193,0.32682926829268294,0.32195121951219513,neutral
2025-10-03,227,227,98,72,57,9,0.047268722466960345,0.43171806167400884,0.31718061674008813,0.2511013215859031,neutral
2025-10-06,267,267,143,68,56,8,0.11722846441947565,0.5355805243445693,0.2546816479400749,0.20973782771535582,positive
2025-10-07,231,231,125,58,48,10,0.14683982683982685,0.5411255411255411,0.2510822510822511,0.2077922077922078,positive
2025-10-08,271,271,108,75,88,10,0.03461254612546126,0.3985239852398524,0.2767527675276753,0.3247232472324723,neutral
2025-10-09,257,257,131,76,50,11,0.12610894941634243,0.5097276264591439,0.29571984435797666,0.19455252918287938,positive
2025-10-10,205,205,74,78,53,9,0.0026341463414634118,0.36097560975609755,0.3804878048780488,0.25853658536585367,neutral
2025-10-13,212,212,114,60,38,10,0.11292452830188678,0.5377358490566038,0.2830188679245283,0.1792452830188679,positive
2025-10-14,274,274,134,80,60,9,0.09076642335766423,0.48905109489051096,0.291970802919708,0.21897810218978103,positive
2025-10-15,269,269,132,76,61,9,0.11197026022304833,0.49070631970260226,0.2825278810408922,0.22676579925650558,positive
2025-10-16,273,273,110,101,62,8,0.023516483516483517,0.40293040293040294,0.36996336996337,0.2271062271062271,neutral
2025-10-17,216,216,116,73,27,8,0.10560185185185185,0.5370370370370371,0.33796296296296297,0.125,positive
2025-10-20,272,272,140,85,47,10,0.12904411764705884,0.5147058823529411,0.3125,0.17279411764705882,positive
2025-10-21,249,249,104,95,50,10,0.02714859437751004,0.41767068273092367,0.3815261044176707,0.20080321285140562,neutral
2025-10-22,263,263,111,79,73,9,0.06771863117870722,0.4220532319391635,0.30038022813688214,0.27756653992395436,positive
2025-10-23,305,305,170,60,75,14,0.17163934426229507,0.5573770491803278,0.19672131147540983,0.2459016393442623,positive
2025-10-24,272,272,99,85,88,10,0.03147058823529412,0.3639705882352941,0.3125,0.3235294117647059,neutral
2025-10-27,311,311,161,94,56,9,0.13041800643086815,0.5176848874598071,0.3022508038585209,0.18006430868167203,positive
2025-10-28,296,296,143,87,66,12,0.10993243243243243,0.4831081081081081,0.2939189189189189,0.22297297297297297,positive
2025-10-29,333,333,174,94,65,9,0.12273273273273272,0.5225225225225225,0.2822822822822823,0.19519519519519518,positive
2025-10-30,323,323,149,83,91,10,0.0995046439628483,0.4613003095975232,0.25696594427244585,0.28173374613003094,positive
2025-10-31,218,218,96,78,44,9,0.04151376146788991,0.44036697247706424,0.3577981651376147,0.2018348623853211,neutral
2025-11-03,297,297,159,72,66,10,0.1409090909090909,0.5353535353535354,0.24242424242424243,0.2222222222222222,positive
2025-11-04,248,248,99,98,51,9,0.006169354838709675,0.39919354838709675,0.3951612903225806,0.2056451612903226,neutral
2025-11-05,251,251,120,84,47,9,0.08282868525896414,0.47808764940239046,0.3346613545816733,0.18725099601593626,positive
2025-11-06,316,316,121,116,79,11,0.017879746835443033,0.3829113924050633,0.3670886075949367,0.25,neutral
2025-11-07,229,229,109,78,42,10,0.07497816593886462,0.4759825327510917,0.3406113537117904,0.18340611353711792,positive
2025-11-10,240,240,122,66,52,8,0.09379166666666666,0.5083333333333333,0.275,0.21666666666666667,positive
2025-11-11,184,184,83,68,33,5,0.029130434782608697,0.45108695652173914,0.3695652173913043,0.1793478260869565,neutral
2025-11-12,266,266,123,64,79,6,0.11011278195488722,0.462406015037594,0.24060150375939848,0.29699248120300753,positive
2025-11-13,269,269,109,81,79,8,0.059553903345724905,0.4052044609665427,0.30111524163568776,0.2936802973977695,positive
2025-11-14,242,242,101,99,42,11,-0.004462809917355369,0.41735537190082644,0.4090909090909091,0.17355371900826447,neutral
2025-11-17,301,301,132,108,61,10,0.02714285714285715,0.43853820598006643,0.3588039867109635,0.2026578073089701,neutral
2025-11-18,250,250,121,70,59,10,0.08776,0.484,0.28,0.236,positive
2025-11-19,333,333,139,83,111,10,0.08426426426426425,0.4174174174174174,0.24924924924924924,0.3333333333333333,positive
2025-11-20,250,250,118,59,73,12,0.13419999999999999,0.472,0.236,0.292,positive
2025-11-21,288,288,81,120,87,7,-0.05361111111111111,0.28125,0.4166666666666667,0.3020833333333333,negative
2025-11-24,248,248,109,81,58,8,0.08181451612903226,0.43951612903225806,0.32661290322580644,0.23387096774193547,positive
2025-11-25,306,306,136,93,77,12,0.06875816993464053,0.4444444444444444,0.30392156862745096,0.25163398692810457,positive
2025-11-26,233,233,120,53,60,9,0.12699570815450645,0.5150214592274678,0.22746781115879827,0.2575107296137339,positive
2025-11-28,325,325,142,91,92,7,0.08732307692307692,0.4369230769230769,0.28,0.28307692307692306,positive
2025-12-01,257,257,121,92,44,9,0.03280155642023346,0.4708171206225681,0.35797665369649806,0.17120622568093385,neutral
2025-12-02,309,309,136,111,62,11,0.06278317152103559,0.4401294498381877,0.3592233009708738,0.20064724919093851,positive
2025-12-03,280,280,117,78,85,8,0.0685357142857143,0.41785714285714287,0.2785714285714286,0.30357142857142855,positive
2025-12-04,315,315,155,84,76,10,0.10422222222222222,0.49206349206349204,0.26666666666666666,0.24126984126984127,positive
2025-12-05,226,226,120,51,55,10,0.15955752212389382,0.5309734513274337,0.22566371681415928,0.24336283185840707,positive
2025-12-08,272,272,121,91,60,9,0.0801470588235294,0.44485294117647056,0.33455882352941174,0.22058823529411764,positive
2025-12-09,304,304,140,87,77,10,0.09845394736842106,0.4605263157894737,0.28618421052631576,0.2532894736842105,positive
2025-12-10,299,299,172,57,70,10,0.21227424749163878,0.5752508361204013,0.19063545150501673,0.23411371237458195,positive
2025-12-11,350,350,170,90,90,8,0.12231428571428572,0.4857142857142857,0.2571428571428571,0.2571428571428571,positive
2025-12-12,212,212,91,78,43,7,0.03797169811320754,0.42924528301886794,0.36792452830188677,0.2028301886792453,neutral
2025-12-15,331,331,121,140,70,10,-0.012779456193353475,0.36555891238670696,0.4229607250755287,0.21148036253776434,neutral
2025-12-16,320,320,92,108,120,12,-0.01978125,0.2875,0.3375,0.375,neutral
2025-12-17,334,334,183,68,83,11,0.1678443113772455,0.5479041916167665,0.20359281437125748,0.24850299401197604,positive
2025-12-18,326,326,154,58,114,11,0.146319018404908,0.4723926380368098,0.17791411042944785,0.3496932515337423,positive
2025-12-19,278,278,124,96,58,10,0.04118705035971223,0.4460431654676259,0.34532374100719426,0.20863309352517986,neutral
2025-12-22,307,307,149,91,67,7,0.08749185667752443,0.48534201954397393,0.2964169381107492,0.2182410423452769,positive
2025-12-23,304,304,175,53,76,11,0.18213815789473684,0.5756578947368421,0.17434210526315788,0.25,positive
2025-12-24,148,148,74,37,37,6,0.12135135135135136,0.5,0.25,0.25,positive
2025-12-26,126,126,42,28,56,6,0.04182539682539682,0.3333333333333333,0.2222222222222222,0.4444444444444444,neutral
2025-12-29,121,121,60,44,17,8,0.051322314049586766,0.49586776859504134,0.36363636363636365,0.14049586776859505,positive
2025-12-30,185,185,86,44,55,8,0.11913513513513516,0.4648648648648649,0.23783783783783785,0.2972972972972973,positive
2025-12-31,182,182,68,69,45,9,-0.009175824175824172,0.37362637362637363,0.3791208791208791,0.24725274725274726,neutral
2026-01-02,23,23,16,6,1,1,0.25565217391304346,0.6956521739130435,0.2608695652173913,0.043478260869565216,positive
