session_date,fb_mean_sentiment,fb_positive_share,fb_negative_share,fb_neutral_share,fb_event_count,fb_scored_count,fb_mean_confidence,fb_score_coverage
2020-01-02,-0.09457775313345777,0.24175824175824176,0.4010989010989011,0.35714285714285715,182,182,0.7801245349449116,1.0
2020-01-03,-0.2694153545607785,0.2159090909090909,0.5,0.2840909090909091,264,264,0.8129526826016831,1.0
2020-01-06,-0.13207407286018133,0.232,0.376,0.392,250,250,0.8185440706014633,1.0
2020-01-07,-0.12334741428305672,0.20608108108108109,0.3277027027027027,0.46621621621621623,296,296,0.7998391248889871,1.0
2020-01-08,-0.2313767623656043,0.21646341463414634,0.4847560975609756,0.29878048780487804,328,328,0.7922305740961214,1.0
2020-01-09,0.0016624377134477062,0.3346303501945525,0.3463035019455253,0.31906614785992216,257,257,0.7815059036132427,1.0
2020-01-10,-0.15391944778086833,0.28837209302325584,0.4558139534883721,0.2558139534883721,215,215,0.8119935281054919,1.0
2020-01-13,-0.05361958999509796,0.33948339483394835,0.3985239852398524,0.26199261992619927,271,271,0.8029174085472782,1.0
2020-01-14,-0.09840856157202582,0.3406113537117904,0.42358078602620086,0.23580786026200873,229,229,0.794069226001548,1.0
2020-01-15,-0.06437429327388886,0.33962264150943394,0.3836477987421384,0.27672955974842767,318,318,0.798276387951659,1.0
2020-01-16,0.12465219636820257,0.42,0.3,0.28,250,250,0.7970691529512406,1.0
2020-01-17,-0.07533612811562566,0.2509505703422053,0.3726235741444867,0.376425855513308,263,263,0.8152627916617086,1.0
2020-01-21,0.03820252280734995,0.3393316195372751,0.30077120822622105,0.35989717223650386,389,389,0.8240278936290496,1.0
2020-01-22,0.04220834651097723,0.36936936936936937,0.2972972972972973,0.3333333333333333,222,222,0.8057284870663205,1.0
2020-01-23,-0.09804855247588225,0.20945945945945946,0.36486486486486486,0.42567567567567566,296,296,0.7923846710976716,1.0
2020-01-24,-0.0431971315226947,0.27461139896373055,0.3316062176165803,0.39378238341968913,193,193,0.8184146231011405,1.0
2020-01-27,-0.056952298939998806,0.33497536945812806,0.39901477832512317,0.2660098522167488,203,203,0.8243325885587138,1.0
2020-01-28,0.03282365882585715,0.33497536945812806,0.32019704433497537,0.3448275862068966,203,203,0.8008783785580414,1.0
2020-01-29,-0.049134247539126694,0.29044117647058826,0.33088235294117646,0.3786764705882353,272,272,0.8072470037595314,1.0
2020-01-30,-0.21463944896745185,0.21,0.4766666666666667,0.31333333333333335,300,300,0.8031416861216227,1.0
2020-01-31,-0.0808093520897356,0.3090909090909091,0.42424242424242425,0.26666666666666666,330,330,0.8067288987564318,1.0
2020-02-03,-0.22862629515642974,0.2222222222222222,0.5125448028673835,0.26523297491039427,279,279,0.8166627278251033,1.0
2020-02-04,0.10887526605833084,0.3829787234042553,0.26382978723404255,0.35319148936170214,235,235,0.8075503762732161,1.0
2020-02-05,-0.019476684956908834,0.2936046511627907,0.25872093023255816,0.4476744186046512,344,344,0.8040166753669118,1.0
2020-02-06,-0.1679275655998416,0.16071428571428573,0.41517857142857145,0.42410714285714285,224,224,0.8000922286882997,1.0
2020-02-07,-0.2538370375280027,0.21481481481481482,0.5111111111111111,0.2740740740740741,270,270,0.7961585441121348,1.0
2020-02-10,-0.2506118403937034,0.18672199170124482,0.5020746887966805,0.3112033195020747,241,241,0.8030342478227813,1.0
2020-02-11,-0.05209464311169891,0.2986425339366516,0.3438914027149321,0.3574660633484163,221,221,0.8147114205144649,1.0
2020-02-12,-0.045812102969301466,0.27208480565371024,0.34275618374558303,0.38515901060070673,283,283,0.7910226361279774,1.0
2020-02-13,-0.14218654392387048,0.24521072796934865,0.4329501915708812,0.3218390804597701,261,261,0.8253325589315188,1.0
2020-02-14,-0.05244433357489898,0.3,0.37058823529411766,0.32941176470588235,170,170,0.824718890470617,1.0
2020-02-18,-0.04702301538878671,0.31767955801104975,0.3784530386740331,0.30386740331491713,362,362,0.8095491476645127,1.0
2020-02-19,0.06562655493975257,0.3923076923076923,0.3153846153846154,0.2923076923076923,260,260,0.812822288274765,1.0
2020-02-20,-0.004835678250621391,0.2913907284768212,0.2847682119205298,0.423841059602649,302,302,0.8073284163182934,1.0
2020-02-21,-0.05219190584487871,0.200836820083682,0.2803347280334728,0.5188284518828452,239,239,0.8060450065086078,1.0
2020-02-24,-0.021032789630015092,0.33079847908745247,0.35361216730038025,0.3155893536121673,263,263,0.8174152497782907,1.0
2020-02-25,-0.01835764078337148,0.28703703703703703,0.3333333333333333,0.37962962962962965,216,216,0.8379005591074625,1.0
2020-02-26,-0.14886647272699824,0.20833333333333334,0.3939393939393939,0.3977272727272727,264,264,0.7930718699865269,1.0
2020-02-27,-0.1294178053150686,0.26217228464419473,0.449438202247191,0.2883895131086142,267,267,0.8149517546878772,1.0
2020-02-28,-0.12400030431538205,0.25663716814159293,0.4247787610619469,0.3185840707964602,339,339,0.8266603772619129,1.0
2020-03-02,-0.09226873485628555,0.23177083333333334,0.3359375,0.4322916666666667,384,384,0.8141842919867486,1.0
2020-03-03,-0.1267529085841766,0.24850299401197604,0.41916167664670656,0.3323353293413174,334,334,0.7693708627345319,1.0
2020-03-04,-0.07446007270350079,0.24431818181818182,0.32670454545454547,0.4289772727272727,352,352,0.7944940550422127,1.0
2020-03-05,-0.12049661596428674,0.2528301886792453,0.41509433962264153,0.3320754716981132,265,265,0.8082888033030168,1.0
2020-03-06,-0.26778317654036543,0.20408163265306123,0.47619047619047616,0.3197278911564626,294,294,0.8262084538028354,1.0
2020-03-09,-0.3154904068620919,0.20930232558139536,0.5658914728682171,0.2248062015503876,387,387,0.8455068996556353,1.0
2020-03-10,-0.0208889920228966,0.326271186440678,0.3474576271186441,0.326271186440678,236,236,0.8213198313773689,1.0
2020-03-11,-0.17057993673726166,0.26258992805755393,0.4460431654676259,0.29136690647482016,278,278,0.8349622469797409,1.0
2020-03-12,-0.24424777755175126,0.1890909090909091,0.49818181818181817,0.31272727272727274,275,275,0.8262952675602653,1.0
2020-03-13,-0.13880818990236593,0.22857142857142856,0.3952380952380952,0.3761904761904762,210,210,0.8289032420941762,1.0
2020-03-16,-0.27193361437576036,0.20224719101123595,0.5028089887640449,0.2949438202247191,356,356,0.8251949771401588,1.0
2020-03-17,-0.21363709039503226,0.23703703703703705,0.4888888888888889,0.2740740740740741,270,270,0.816189044603595,1.0
2020-03-18,-0.29879412393761323,0.1568627450980392,0.5261437908496732,0.31699346405228757,306,306,0.8245936798698762,1.0
2020-03-19,-0.21497758141748846,0.2064516129032258,0.4935483870967742,0.3,310,310,0.8082438440092148,1.0
2020-03-20,-0.33850723758911816,0.1908713692946058,0.5601659751037344,0.24896265560165975,241,241,0.8312546755515688,1.0
2020-03-23,-0.2351559517797656,0.2692307692307692,0.5153846153846153,0.2153846153846154,260,260,0.8393214765649576,1.0
2020-03-24,-0.05982890941585477,0.2845849802371542,0.35177865612648224,0.36363636363636365,253,253,0.8264062535385841,1.0
2020-03-25,-0.13048454233072698,0.272,0.448,0.28,250,250,0.818757110118866,1.0
2020-03-26,-0.256030311813145,0.21033210332103322,0.5350553505535055,0.25461254612546125,271,271,0.7986037521124766,1.0
2020-03-27,-0.02447485790170473,0.33448275862068966,0.3758620689655172,0.2896551724137931,290,290,0.8264322980724532,1.0
2020-03-30,-0.17880000397532345,0.2993421052631579,0.4901315789473684,0.21052631578947367,304,304,0.8445572628590622,1.0
2020-03-31,-0.10515870174214721,0.2907801418439716,0.4219858156028369,0.2872340425531915,282,282,0.8207069484265983,1.0
2020-04-01,-0.2360958080241072,0.23481781376518218,0.4898785425101215,0.27530364372469635,247,247,0.8340144455432892,1.0
2020-04-02,-0.1096031046040433,0.27835051546391754,0.41237113402061853,0.30927835051546393,291,291,0.7759647766749064,1.0
2020-04-03,-0.2901155941247467,0.21587301587301588,0.5523809523809524,0.23174603174603176,315,315,0.8474074386415027,1.0
2020-04-06,-0.12692622848622062,0.30103806228373703,0.43252595155709345,0.2664359861591695,289,289,0.8252891408324654,1.0
2020-04-07,-0.05561754810658576,0.29850746268656714,0.3694029850746269,0.332089552238806,268,268,0.7972968785620448,1.0
2020-04-08,-0.10220216378608409,0.30833333333333335,0.3958333333333333,0.29583333333333334,240,240,0.8146589895089468,1.0
2020-04-09,-0.09928414121831712,0.27205882352941174,0.39705882352941174,0.33088235294117646,272,272,0.794965786201989,1.0
2020-04-13,-0.014140061061626597,0.3299319727891156,0.3469387755102041,0.3231292517006803,294,294,0.8133158823665307,1.0
2020-04-14,-0.07269170097664956,0.25688073394495414,0.3761467889908257,0.3669724770642202,218,218,0.7812165084781997,1.0
2020-04-15,-0.14257052361294342,0.2567049808429119,0.421455938697318,0.3218390804597701,261,261,0.8181421862936568,1.0
2020-04-16,-0.18422795999661196,0.2589928057553957,0.4892086330935252,0.2517985611510791,278,278,0.8278120516015471,1.0
2020-04-17,-0.10803479776583479,0.3333333333333333,0.4009009009009009,0.26576576576576577,222,222,0.7955223783716425,1.0
2020-04-20,-0.26818547244023144,0.23103448275862068,0.5551724137931034,0.21379310344827587,290,290,0.8249440153097284,1.0
2020-04-21,-0.140837919794679,0.28903654485049834,0.4584717607973422,0.25249169435215946,301,301,0.824873889997552,1.0
2020-04-22,-0.018217675008627622,0.3371212121212121,0.3446969696969697,0.3181818181818182,264,264,0.811627386420062,1.0
2020-04-23,-0.04049141528167781,0.29376854599406527,0.37091988130563797,0.3353115727002967,337,337,0.8180197694004466,1.0
2020-04-24,-0.20265392964079854,0.22540983606557377,0.4262295081967213,0.3483606557377049,244,244,0.8134036484311838,1.0
2020-04-27,0.0917821437787003,0.38461538461538464,0.2709030100334448,0.34448160535117056,299,299,0.8050686940301621,1.0
2020-04-28,-0.12379782128173755,0.26294820717131473,0.38247011952191234,0.3545816733067729,251,251,0.8083519550908609,1.0
2020-04-29,-0.07976481784860433,0.29906542056074764,0.38317757009345793,0.3177570093457944,321,321,0.806382629451722,1.0
2020-04-30,-0.1232043588971359,0.292817679558011,0.4447513812154696,0.26243093922651933,362,362,0.8142094906028463,1.0
2020-05-01,0.002499424135557518,0.3815789473684211,0.3684210526315789,0.25,152,152,0.8472953611298611,1.0
2020-05-04,-0.07144708318869511,0.30996309963099633,0.4059040590405904,0.28413284132841327,271,271,0.8361387653104494,1.0
2020-05-05,-0.08483222761812309,0.26666666666666666,0.38333333333333336,0.35,300,300,0.8167353887359301,1.0
2020-05-06,-0.11088894383486855,0.23776223776223776,0.3776223776223776,0.38461538461538464,286,286,0.8368840436418573,1.0
2020-05-07,-0.1449706325096623,0.24528301886792453,0.42138364779874216,0.3333333333333333,318,318,0.8028925151195166,1.0
2020-05-08,-0.13361150048809445,0.25853658536585367,0.4634146341463415,0.2780487804878049,205,205,0.7739549545253196,1.0
2020-05-11,-0.05544365312965048,0.32242990654205606,0.35514018691588783,0.32242990654205606,214,214,0.8229646147968613,1.0
2020-05-12,0.031424982225984444,0.34108527131782945,0.3333333333333333,0.32558139534883723,258,258,0.7959548366624255,1.0
2020-05-13,-0.1786211681666092,0.27586206896551724,0.445141065830721,0.27899686520376177,319,319,0.8401626269084906,1.0
2020-05-14,0.040198357660662036,0.3709090909090909,0.32727272727272727,0.3018181818181818,275,275,0.8049430561065674,1.0
2020-05-15,-0.09063665079965927,0.3157894736842105,0.4070175438596491,0.2771929824561403,285,285,0.825113861916358,1.0
2020-05-18,0.12729724220898705,0.3656387665198238,0.23348017621145375,0.4008810572687225,227,227,0.7846720398522684,1.0
2020-05-19,0.19776274195207016,0.41714285714285715,0.19428571428571428,0.38857142857142857,175,175,0.8015438549859183,1.0
2020-05-20,-0.0410379257535311,0.28368794326241137,0.3723404255319149,0.34397163120567376,282,282,0.8071281090907171,1.0
2020-05-21,-0.053005140858846875,0.28879310344827586,0.3448275862068966,0.36637931034482757,232,232,0.7699632046037707,1.0
2020-05-22,-0.12970586259182837,0.2647058823529412,0.4117647058823529,0.3235294117647059,204,204,0.8355216480353299,1.0
2020-05-26,0.18013548282530414,0.4409937888198758,0.2329192546583851,0.32608695652173914,322,322,0.8073120330061231,1.0
2020-05-27,0.007343603287238708,0.32558139534883723,0.3313953488372093,0.3430232558139535,172,172,0.840714942404004,1.0
2020-05-28,-0.0629337733767818,0.32116788321167883,0.3759124087591241,0.3029197080291971,274,274,0.7626997985108925,1.0
2020-05-29,0.043998755010155335,0.3991228070175439,0.33771929824561403,0.2631578947368421,228,228,0.8242526045232489,1.0
2020-06-01,0.14930137550492648,0.42857142857142855,0.2764976958525346,0.29493087557603687,217,217,0.820029281800793,1.0
2020-06-02,0.05068918696652429,0.3974358974358974,0.33974358974358976,0.26282051282051283,156,156,0.7935192262132963,1.0
2020-06-03,-0.0384313618471772,0.3212996389891697,0.36462093862815886,0.3140794223826715,277,277,0.8184272687788045,1.0
2020-06-04,-0.011244117583070569,0.2881944444444444,0.2881944444444444,0.4236111111111111,288,288,0.7964402773521013,1.0
2020-06-05,0.02972848258921693,0.43137254901960786,0.3088235294117647,0.25980392156862747,204,204,0.8041315458568872,1.0
2020-06-08,-0.01116217649126027,0.32589285714285715,0.3482142857142857,0.32589285714285715,224,224,0.8264531185850501,1.0
2020-06-09,-0.04731911321931709,0.26344086021505375,0.34946236559139787,0.3870967741935484,186,186,0.7970959031453697,1.0
2020-06-10,0.005008194606972631,0.3076923076923077,0.3041958041958042,0.3881118881118881,286,286,0.8229665092446588,1.0
2020-06-11,-0.15249770007145683,0.19911504424778761,0.3805309734513274,0.42035398230088494,226,226,0.8268697410821915,1.0
2020-06-12,-0.054686485226517804,0.30405405405405406,0.3716216216216216,0.32432432432432434,148,148,0.8083040649826462,1.0
2020-06-15,-0.07626723320378612,0.3375,0.45416666666666666,0.20833333333333334,240,240,0.8277884914229313,1.0
2020-06-16,0.05027367101791195,0.41025641025641024,0.33760683760683763,0.25213675213675213,234,234,0.8212740869603605,1.0
2020-06-17,-0.09007139907198701,0.2978723404255319,0.40425531914893614,0.2978723404255319,235,235,0.8281725173300886,1.0
2020-06-18,0.024633370223455124,0.29285714285714287,0.325,0.3821428571428571,280,280,0.7932064167090824,1.0
2020-06-19,0.12902940710179736,0.41836734693877553,0.25,0.33163265306122447,196,196,0.8012553745386551,1.0
2020-06-22,0.007096270974092543,0.3300970873786408,0.3106796116504854,0.3592233009708738,206,206,0.8159354423145646,1.0
2020-06-23,0.09460223205387593,0.35,0.21818181818181817,0.4318181818181818,220,220,0.8235741005702453,1.0
2020-06-24,-0.13519690207489846,0.2669491525423729,0.4152542372881356,0.3177966101694915,236,236,0.8140095697116043,1.0
2020-06-25,-0.10986471336655619,0.2967032967032967,0.4249084249084249,0.2783882783882784,273,273,0.7974596553014748,1.0
2020-06-26,0.011181771348016855,0.2987012987012987,0.329004329004329,0.3722943722943723,231,231,0.7864281179068925,1.0
2020-06-29,0.1262145134635636,0.3975409836065574,0.27049180327868855,0.3319672131147541,244,244,0.7882946684467987,1.0
2020-06-30,-0.039145701796679803,0.296137339055794,0.38626609442060084,0.31759656652360513,233,233,0.7898640364024773,1.0
2020-07-01,-0.10206318074250939,0.28888888888888886,0.3962962962962963,0.3148148148148148,270,270,0.8224754342326411,1.0
2020-07-02,-0.09041267591042083,0.291044776119403,0.3917910447761194,0.31716417910447764,268,268,0.7891482908779116,1.0
2020-07-06,0.014512256585896523,0.3689655172413793,0.33448275862068966,0.296551724137931,290,290,0.8108474760219968,1.0
2020-07-07,0.05337456127395852,0.335,0.26,0.405,200,200,0.8085347053408622,1.0
2020-07-08,0.20259424060592815,0.4375,0.1875,0.375,192,192,0.8203183064858118,1.0
2020-07-09,0.024502555445547657,0.3153526970954357,0.3153526970954357,0.36929460580912865,241,241,0.7905491808143394,1.0
2020-07-10,-0.09807480421634565,0.2795031055900621,0.38509316770186336,0.33540372670807456,161,161,0.8268391282662101,1.0
2020-07-13,-0.08586944027863055,0.23699421965317918,0.3699421965317919,0.3930635838150289,173,173,0.8231218982638652,1.0
2020-07-14,-0.02536358662942532,0.30578512396694213,0.3512396694214876,0.34297520661157027,242,242,0.832038489008738,1.0
2020-07-15,0.04695953089221004,0.4,0.312280701754386,0.28771929824561404,285,285,0.7998866536115345,1.0
2020-07-16,0.009548948259242252,0.32081911262798635,0.32081911262798635,0.3583617747440273,293,293,0.8291013991466561,1.0
2020-07-17,0.11609501956394852,0.42857142857142855,0.2781954887218045,0.2932330827067669,133,133,0.8115895959667694,1.0
2020-07-20,0.0721189942349076,0.41208791208791207,0.33516483516483514,0.25274725274725274,182,182,0.8289333907784996,1.0
2020-07-21,0.09833059159831867,0.36507936507936506,0.23809523809523808,0.3968253968253968,189,189,0.8273105919361115,1.0
2020-07-22,0.0019528785683945043,0.3411764705882353,0.3215686274509804,0.33725490196078434,255,255,0.8111941826109793,1.0
2020-07-23,-0.06371925629228971,0.2809917355371901,0.3760330578512397,0.34297520661157027,242,242,0.8224447698386248,1.0
2020-07-24,0.07222479645695004,0.3476190476190476,0.28095238095238095,0.37142857142857144,210,210,0.8535256803035736,1.0
2020-07-27,0.12049409453846657,0.40384615384615385,0.27884615384615385,0.3173076923076923,208,208,0.8054127582850364,1.0
2020-07-28,-0.025331469779294513,0.2897196261682243,0.35046728971962615,0.3598130841121495,214,214,0.7918480325525052,1.0
2020-07-29,-0.02292743162568069,0.3167420814479638,0.3438914027149321,0.3393665158371041,221,221,0.8331727543297935,1.0
2020-07-30,-0.19270658539296642,0.27759197324414714,0.4782608695652174,0.24414715719063546,299,299,0.8242474375759877,1.0
2020-07-31,0.053076465638477725,0.40069686411149824,0.3240418118466899,0.27526132404181186,287,287,0.7945146801579704,1.0
2020-08-03,0.0722547654279679,0.3452914798206278,0.27802690582959644,0.37668161434977576,223,223,0.803768835928408,1.0
2020-08-04,0.061869825462335035,0.3605150214592275,0.2832618025751073,0.3562231759656652,233,233,0.8218981701672845,1.0
2020-08-05,-0.02265720657944199,0.24193548387096775,0.25161290322580643,0.5064516129032258,310,310,0.8063962202879691,1.0
2020-08-06,-0.031779735854211004,0.2782258064516129,0.36693548387096775,0.3548387096774194,248,248,0.8073997660990684,1.0
2020-08-07,-0.039393263352489896,0.3231441048034934,0.36681222707423583,0.31004366812227074,229,229,0.816497024360182,1.0
2020-08-10,-0.08463376091193346,0.327683615819209,0.3785310734463277,0.2937853107344633,177,177,0.787613444409128,1.0
2020-08-11,0.04738208310565449,0.3878504672897196,0.32242990654205606,0.2897196261682243,214,214,0.8122133428805343,1.0
2020-08-12,-0.05215677452848444,0.2706270627062706,0.3234323432343234,0.40594059405940597,303,303,0.8055130164615392,1.0
2020-08-13,-0.06742657188298458,0.22772277227722773,0.3564356435643564,0.4158415841584158,202,202,0.8298693505844267,1.0
2020-08-14,0.03521220860357731,0.3593073593073593,0.31601731601731603,0.3246753246753247,231,231,0.820887528198622,1.0
2020-08-17,0.04056950890165018,0.3508771929824561,0.29385964912280704,0.35526315789473684,228,228,0.817456574424317,1.0
2020-08-18,0.02490723008499634,0.2847682119205298,0.2913907284768212,0.423841059602649,151,151,0.8201040580177938,1.0
2020-08-19,-0.08177216566376844,0.27346938775510204,0.37551020408163266,0.3510204081632653,245,245,0.7749564967593369,1.0
2020-08-20,-0.16403895107474417,0.17872340425531916,0.39148936170212767,0.4297872340425532,235,235,0.816107119017459,1.0
2020-08-21,0.022676236785338387,0.3407079646017699,0.27876106194690264,0.3805309734513274,226,226,0.8346115985011633,1.0
2020-08-24,0.09018154849659081,0.3738738738738739,0.2972972972972973,0.32882882882882886,222,222,0.8014524875728933,1.0
2020-08-25,0.11745563523851364,0.36947791164658633,0.24497991967871485,0.3855421686746988,249,249,0.8172054094483095,1.0
2020-08-26,0.03155037777089491,0.36585365853658536,0.3073170731707317,0.32682926829268294,205,205,0.8160638838279538,1.0
2020-08-27,0.005949109625597021,0.3024193548387097,0.33064516129032256,0.36693548387096775,248,248,0.7956059001866849,1.0
2020-08-28,-0.042202300798357,0.2755102040816326,0.3622448979591837,0.3622448979591837,196,196,0.7924549383472423,1.0
2020-08-31,0.023365973086724057,0.32599118942731276,0.31277533039647576,0.36123348017621143,227,227,0.8063520917808432,1.0
2020-09-01,0.04304961988194421,0.36727272727272725,0.33454545454545453,0.29818181818181816,275,275,0.8123750494826923,1.0
2020-09-02,-0.10699630281695924,0.24742268041237114,0.3556701030927835,0.39690721649484534,194,194,0.8036334457778439,1.0
2020-09-03,-0.041254516424449515,0.24437299035369775,0.3022508038585209,0.4533762057877814,311,311,0.8135111805327069,1.0
2020-09-04,-0.2584933153732881,0.16494845360824742,0.4845360824742268,0.35051546391752575,194,194,0.8416309153910765,1.0
2020-09-08,-0.03682517137770591,0.28421052631578947,0.35789473684210527,0.35789473684210527,380,380,0.8209722928310695,1.0
2020-09-09,0.04465160566467515,0.34934497816593885,0.31004366812227074,0.3406113537117904,229,229,0.8060290054723165,1.0
2020-09-10,-0.003967296755320673,0.2826747720364742,0.303951367781155,0.4133738601823708,329,329,0.8029584271386039,1.0
2020-09-11,-0.012732728857223942,0.29081632653061223,0.3826530612244898,0.32653061224489793,196,196,0.8173716463604752,1.0
2020-09-14,0.16694735709117142,0.36917562724014336,0.20430107526881722,0.4265232974910394,279,279,0.8104090539998906,1.0
2020-09-15,0.1265193187088395,0.4053030303030303,0.2689393939393939,0.32575757575757575,264,264,0.8334573139295434,1.0
2020-09-16,-0.0277995551714585,0.28253968253968254,0.3523809523809524,0.36507936507936506,315,315,0.7947748827555823,1.0
2020-09-17,-0.116788994046618,0.23765432098765432,0.37037037037037035,0.39197530864197533,324,324,0.8088846687733391,1.0
2020-09-18,0.22905564117402846,0.4251207729468599,0.21256038647342995,0.36231884057971014,207,207,0.8228459175370165,1.0
2020-09-21,-0.06503076795180722,0.30578512396694213,0.40082644628099173,0.29338842975206614,242,242,0.8166277791596641,1.0
2020-09-22,0.0876839635551584,0.4122448979591837,0.3183673469387755,0.2693877551020408,245,245,0.7994422564701158,1.0
2020-09-23,-0.05457987856250583,0.24561403508771928,0.3192982456140351,0.43508771929824563,285,285,0.8275947096055014,1.0
2020-09-24,0.05121073418337364,0.2956521739130435,0.3130434782608696,0.391304347826087,230,230,0.7873183979936268,1.0
2020-09-25,-0.06364216499787291,0.3020833333333333,0.390625,0.3072916666666667,192,192,0.8392299025629958,1.0
2020-09-28,0.14719619843469678,0.4362745098039216,0.25980392156862747,0.30392156862745096,204,204,0.7947968048792259,1.0
2020-09-29,0.014358250106496996,0.34334763948497854,0.351931330472103,0.30472103004291845,233,233,0.8065719495771269,1.0
2020-09-30,-0.008730620282132026,0.34220532319391633,0.33840304182509506,0.3193916349809886,263,263,0.8030790397649482,1.0
2020-10-01,-0.010524533586054062,0.3069306930693069,0.32673267326732675,0.36633663366336633,303,303,0.8095430225232253,1.0
2020-10-02,-0.26727011753472235,0.2087378640776699,0.529126213592233,0.2621359223300971,206,206,0.8327902533764978,1.0
2020-10-05,0.24215417094042443,0.42570281124497994,0.14056224899598393,0.43373493975903615,249,249,0.8214803862284465,1.0
2020-10-06,0.040342384603555624,0.26865671641791045,0.22014925373134328,0.5111940298507462,268,268,0.8224108848553985,1.0
2020-10-07,-0.013784841272633437,0.29767441860465116,0.31627906976744186,0.386046511627907,215,215,0.8211440726768139,1.0
2020-10-08,-0.0389193135982616,0.2698412698412698,0.38095238095238093,0.3492063492063492,252,252,0.8022681290195102,1.0
2020-10-09,-0.08361859599951187,0.28640776699029125,0.4223300970873786,0.2912621359223301,206,206,0.8240872340873607,1.0
2020-10-12,0.2406849785421659,0.4954128440366973,0.21559633027522937,0.2889908256880734,218,218,0.815742357881791,1.0
2020-10-13,0.02936832781584149,0.3007246376811594,0.2898550724637681,0.40942028985507245,276,276,0.8055402105269225,1.0
2020-10-14,0.010028174897354887,0.3318777292576419,0.3318777292576419,0.33624454148471616,229,229,0.8057594735289245,1.0
2020-10-15,0.006563863422829212,0.3104693140794224,0.3574007220216607,0.33212996389891697,277,277,0.8066528986077016,1.0
2020-10-16,0.05548785465224733,0.39622641509433965,0.32075471698113206,0.2830188679245283,212,212,0.8422040312357668,1.0
2020-10-19,0.12815541406078929,0.35714285714285715,0.20982142857142858,0.4330357142857143,224,224,0.7962682630334582,1.0
2020-10-20,0.3154765594422779,0.5051020408163265,0.1377551020408163,0.35714285714285715,196,196,0.8187043148340011,1.0
2020-10-21,0.014579369822138795,0.3486590038314176,0.31417624521072796,0.3371647509578544,261,261,0.7771080726636324,1.0
2020-10-22,-0.04766529281897581,0.2980392156862745,0.39215686274509803,0.30980392156862746,255,255,0.8330728613862804,1.0
2020-10-23,-0.08798747244251208,0.21794871794871795,0.32051282051282054,0.46153846153846156,234,234,0.8313125449622798,1.0
2020-10-26,0.04802998040972779,0.376984126984127,0.3253968253968254,0.2976190476190476,252,252,0.8149148633792287,1.0
2020-10-27,0.07618623355183483,0.4177215189873418,0.2911392405063291,0.2911392405063291,237,237,0.8083755898324749,1.0
2020-10-28,-0.11476102453398418,0.285140562248996,0.39357429718875503,0.321285140562249,249,249,0.8300802438374025,1.0
2020-10-29,-0.11689416460569776,0.29310344827586204,0.3994252873563218,0.3074712643678161,348,348,0.8116978198803705,1.0
2020-10-30,-0.01323374155871118,0.3684210526315789,0.3603238866396761,0.27125506072874495,247,247,0.8154397120601252,1.0
2020-11-02,0.02942304882711246,0.2834890965732087,0.3115264797507788,0.40498442367601245,321,321,0.8139235057934794,1.0
2020-11-03,0.0003086228177628642,0.29338842975206614,0.3305785123966942,0.3760330578512397,242,242,0.8074655477419372,1.0
2020-11-04,-0.02828363120160483,0.23529411764705882,0.27365728900255754,0.49104859335038364,391,391,0.8152549593802303,1.0
2020-11-05,0.05330148179537287,0.34421364985163205,0.26706231454005935,0.3887240356083086,337,337,0.8103924395422554,1.0
2020-11-06,-0.11748407039541141,0.26119402985074625,0.4216417910447761,0.31716417910447764,268,268,0.8194219503384917,1.0
2020-11-09,0.2084668148322259,0.4131054131054131,0.19373219373219372,0.39316239316239315,351,351,0.7913558916148976,1.0
2020-11-10,0.08113853716398021,0.33210332103321033,0.24723247232472326,0.42066420664206644,271,271,0.8122842941996796,1.0
2020-11-11,0.12154470725315752,0.35046728971962615,0.2383177570093458,0.411214953271028,214,214,0.8314668384389342,1.0
2020-11-12,-0.09837820945300636,0.2846441947565543,0.41198501872659177,0.30337078651685395,267,267,0.8060802392075571,1.0
2020-11-13,-0.09510334070973797,0.19704433497536947,0.30049261083743845,0.5024630541871922,203,203,0.847497189720276,1.0
2020-11-16,0.21564432510944165,0.4601449275362319,0.1956521739130435,0.3442028985507246,276,276,0.8015287646996803,1.0
2020-11-17,0.1370526152176105,0.37727272727272726,0.18636363636363637,0.43636363636363634,220,220,0.8194008819081566,1.0
2020-11-18,0.14355257878924021,0.3984375,0.2265625,0.375,256,256,0.7906416289042681,1.0
2020-11-19,0.06141360834690516,0.36015325670498083,0.2950191570881226,0.3448275862068966,261,261,0.7979222480136315,1.0
2020-11-20,0.14897900852515839,0.3878787878787879,0.24242424242424243,0.3696969696969697,165,165,0.8151711906447555,1.0
2020-11-23,0.08837612958669612,0.3116438356164384,0.2054794520547945,0.4828767123287671,292,292,0.8352944954005006,1.0
2020-11-24,0.17270511827914964,0.4388185654008439,0.2320675105485232,0.3291139240506329,237,237,0.832843869044308,1.0
2020-11-25,0.023771906057171673,0.3057553956834532,0.2805755395683453,0.4136690647482014,278,278,0.8304008088952346,1.0
2020-11-27,-0.1392525736622777,0.2514792899408284,0.4171597633136095,0.33136094674556216,338,338,0.8173165931504154,1.0
2020-11-30,-0.014744496351107955,0.376,0.38,0.244,250,250,0.8068609496355057,1.0
2020-12-01,0.0045488934684237365,0.29372937293729373,0.3465346534653465,0.35973597359735976,303,303,0.8078433110965754,1.0
2020-12-02,0.13436363778686533,0.41544117647058826,0.2757352941176471,0.3088235294117647,272,272,0.8071646108565962,1.0
2020-12-03,0.14195732146205065,0.34256055363321797,0.20069204152249134,0.45674740484429066,289,289,0.8167128585614135,1.0
2020-12-04,-0.06334392042471129,0.18947368421052632,0.312280701754386,0.4982456140350877,285,285,0.8058348946404039,1.0
2020-12-07,0.1538286340292906,0.37337662337662336,0.2012987012987013,0.4253246753246753,308,308,0.8142454352278214,1.0
2020-12-08,0.024463645295175005,0.28837209302325584,0.2744186046511628,0.4372093023255814,215,215,0.8158844423848529,1.0
2020-12-09,0.03999224073543655,0.28524590163934427,0.23934426229508196,0.47540983606557374,305,305,0.8256940855354559,1.0
2020-12-10,0.04700432881426352,0.3323076923076923,0.27692307692307694,0.39076923076923076,325,325,0.7877672829077794,1.0
2020-12-11,0.0745613257162446,0.3302325581395349,0.25116279069767444,0.4186046511627907,215,215,0.8104959429696549,1.0
2020-12-14,0.1332002951275405,0.39776951672862454,0.24907063197026022,0.35315985130111527,269,269,0.8090962641301208,1.0
2020-12-15,0.11121867904062395,0.3364485981308411,0.2523364485981308,0.411214953271028,321,321,0.815788977614073,1.0
2020-12-16,-0.002528224219908801,0.3333333333333333,0.3143631436314363,0.3523035230352303,369,369,0.8108371028570625,1.0
2020-12-17,0.0911578709818885,0.34491315136476425,0.23821339950372208,0.41687344913151364,403,403,0.8148122343324846,1.0
2020-12-18,0.1684168578789535,0.36574074074074076,0.19907407407407407,0.4351851851851852,216,216,0.8260816924825862,1.0
2020-12-21,-0.2196756002631592,0.21285140562248997,0.46987951807228917,0.3172690763052209,249,249,0.8603525159349403,1.0
2020-12-22,-0.11305310647200668,0.2669491525423729,0.4067796610169492,0.326271186440678,236,236,0.8337136480515286,1.0
2020-12-23,-0.08641701136324284,0.29347826086956524,0.39492753623188404,0.3115942028985507,276,276,0.8250192074456076,1.0
2020-12-24,0.011428771053831409,0.2709677419354839,0.2709677419354839,0.45806451612903226,155,155,0.7984500481236365,1.0
2020-12-28,-0.09603153116636932,0.2857142857142857,0.40601503759398494,0.3082706766917293,133,133,0.8070283897389147,1.0
2020-12-29,0.30652878022569063,0.5,0.14084507042253522,0.3591549295774648,142,142,0.8329398098965766,1.0
2020-12-30,0.06149150057598042,0.2983425414364641,0.287292817679558,0.4143646408839779,181,181,0.8098142878126703,1.0
2020-12-31,-0.08471011249348523,0.272,0.392,0.336,125,125,0.8362359645366668,1.0
2021-01-04,-0.04041782130250039,0.29245283018867924,0.35377358490566035,0.35377358490566035,212,212,0.8208065339416828,1.0
2021-01-05,0.05258209028074311,0.29365079365079366,0.29365079365079366,0.4126984126984127,252,252,0.8000741927396684,1.0
2021-01-06,-0.03088257221361766,0.2676923076923077,0.30153846153846153,0.4307692307692308,325,325,0.8203267555970412,1.0
2021-01-07,-0.02232635523532591,0.23809523809523808,0.28253968253968254,0.4793650793650794,315,315,0.7850951446427239,1.0
2021-01-08,-0.11591556761001723,0.25663716814159293,0.41150442477876104,0.33185840707964603,226,226,0.8085140697987734,1.0
2021-01-11,-0.006287452267106936,0.3623853211009174,0.3623853211009174,0.27522935779816515,218,218,0.8023354733755829,1.0
2021-01-12,0.13249526049065238,0.40784313725490196,0.25882352941176473,0.3333333333333333,255,255,0.7972861854469075,1.0
2021-01-13,0.026881638216707623,0.3443223443223443,0.31868131868131866,0.336996336996337,273,273,0.7797600482846354,1.0
2021-01-14,0.06800394934807412,0.3464566929133858,0.2874015748031496,0.3661417322834646,254,254,0.7898551159956324,1.0
2021-01-15,-0.08618806990112315,0.2996389891696751,0.37906137184115524,0.3212996389891697,277,277,0.824863016928146,1.0
2021-01-19,0.050659052491522354,0.35384615384615387,0.30256410256410254,0.3435897435897436,390,390,0.81367362508407,1.0
2021-01-20,0.05099310329319256,0.358974358974359,0.2777777777777778,0.36324786324786323,234,234,0.8088918362672513,1.0
2021-01-21,0.033042633436896174,0.2962962962962963,0.3,0.40370370370370373,270,270,0.8010136822859446,1.0
2021-01-22,-0.12618230651614482,0.2413793103448276,0.35517241379310344,0.40344827586206894,290,290,0.8396844506263733,1.0
2021-01-25,0.051635906266450295,0.3607843137254902,0.2901960784313726,0.34901960784313724,255,255,0.8399422532203151,1.0
2021-01-26,0.11060910953843958,0.3831417624521073,0.2720306513409962,0.3448275862068966,261,261,0.8034585453998083,1.0
2021-01-27,-0.12400795541800175,0.2788844621513944,0.42231075697211157,0.29880478087649404,251,251,0.8316493046236229,1.0
2021-01-28,-0.04593579314233176,0.3042071197411003,0.35275080906148865,0.343042071197411,309,309,0.8194084249460967,1.0
2021-01-29,0.09704873730920048,0.4097222222222222,0.3055555555555556,0.2847222222222222,288,288,0.8408689122233126,1.0
2021-02-01,0.13672845508243728,0.3852140077821012,0.2529182879377432,0.36186770428015563,257,257,0.8258979458521313,1.0
2021-02-02,-0.007421266473430044,0.30042918454935624,0.33047210300429186,0.36909871244635195,233,233,0.8153763418545539,1.0
2021-02-03,0.0017838670091777607,0.29357798165137616,0.28440366972477066,0.42201834862385323,327,327,0.7883061460398753,1.0
2021-02-04,0.036038088244134306,0.3141891891891892,0.25675675675675674,0.42905405405405406,296,296,0.8219318378817391,1.0
2021-02-05,-0.00640225606520885,0.30344827586206896,0.3137931034482759,0.38275862068965516,290,290,0.8257328291391505,1.0
2021-02-08,0.29227193054342593,0.5492227979274611,0.18652849740932642,0.26424870466321243,193,193,0.7929254157246703,1.0
2021-02-09,0.07516337199250363,0.3549618320610687,0.31679389312977096,0.3282442748091603,262,262,0.8162381076858244,1.0
2021-02-10,0.11500985584576177,0.35693215339233036,0.25663716814159293,0.3864306784660767,339,339,0.8043661187883675,1.0
2021-02-11,-0.04226394364758283,0.2757009345794392,0.3317757009345794,0.3925233644859813,214,214,0.8361139209749543,1.0
2021-02-12,4.7572009751324366e-05,0.2782608695652174,0.2956521739130435,0.4260869565217391,230,230,0.8327991612579512,1.0
2021-02-16,0.13312483761400723,0.4040632054176072,0.24604966139954854,0.34988713318284426,443,443,0.808567948858033,1.0
2021-02-17,0.1564251262932098,0.45558739255014324,0.24641833810888253,0.2979942693409742,349,349,0.8229225613497049,1.0
2021-02-18,0.03138605290487836,0.27697841726618705,0.2517985611510791,0.4712230215827338,278,278,0.8125836747370178,1.0
2021-02-19,0.020124735270181424,0.24782608695652175,0.2217391304347826,0.5304347826086957,230,230,0.8393453809230224,1.0
2021-02-22,0.32492008830558916,0.5078125,0.15625,0.3359375,256,256,0.8169645329471678,1.0
2021-02-23,0.09847151529133263,0.35424354243542433,0.26199261992619927,0.3837638376383764,271,271,0.8080734475292403,1.0
2021-02-24,0.07671401477980275,0.3333333333333333,0.23404255319148937,0.4326241134751773,282,282,0.8128682512340816,1.0
2021-02-25,0.10004036130876451,0.3540856031128405,0.26459143968871596,0.38132295719844356,257,257,0.8098961289986563,1.0
2021-02-26,0.09935538649277866,0.3660377358490566,0.2339622641509434,0.4,265,265,0.8179349868927361,1.0
2021-03-01,0.09164398595753867,0.37966101694915255,0.2440677966101695,0.376271186440678,295,295,0.8240531817331153,1.0
2021-03-02,-0.022571120809378304,0.2655172413793103,0.32413793103448274,0.4103448275862069,290,290,0.8062817642401005,1.0
2021-03-03,0.004215158866542689,0.2679245283018868,0.22641509433962265,0.5056603773584906,265,265,0.8229928171859597,1.0
2021-03-04,0.10339077528252884,0.3033033033033033,0.23123123123123124,0.46546546546546547,333,333,0.8191650144688718,1.0
2021-03-05,0.03896434358263284,0.35093167701863354,0.3167701863354037,0.33229813664596275,322,322,0.7776964534513698,1.0
2021-03-08,0.04406186009207403,0.3373493975903614,0.2931726907630522,0.36947791164658633,249,249,0.8148117370634194,1.0
2021-03-09,0.16161973699477247,0.42379182156133827,0.2342007434944238,0.3420074349442379,269,269,0.8278374779401658,1.0
2021-03-10,0.19592304922768783,0.4,0.18275862068965518,0.41724137931034483,290,290,0.8059620623958522,1.0
2021-03-11,0.13018136887023082,0.336996336996337,0.2271062271062271,0.4358974358974359,273,273,0.8037157519396408,1.0
2021-03-12,0.05576260931966569,0.3794466403162055,0.308300395256917,0.31225296442687744,253,253,0.8047071124018417,1.0
2021-03-15,0.1258805745684575,0.33035714285714285,0.23660714285714285,0.4330357142857143,224,224,0.8194321351391929,1.0
2021-03-16,-0.006451410073518334,0.34134615384615385,0.33653846153846156,0.32211538461538464,208,208,0.8455545806254332,1.0
2021-03-17,0.03437115685843234,0.32653061224489793,0.2687074829931973,0.40476190476190477,294,294,0.8036667889072782,1.0
2021-03-18,0.03610302882145918,0.28448275862068967,0.26436781609195403,0.4511494252873563,348,348,0.8263696236000664,1.0
2021-03-19,0.014870054624528464,0.3645833333333333,0.3229166666666667,0.3125,192,192,0.8278334406204522,1.0
2021-03-22,0.07321944777540769,0.36929460580912865,0.2821576763485477,0.34854771784232363,241,241,0.8245084703710563,1.0
2021-03-23,-0.12334326298927147,0.2508833922261484,0.4098939929328622,0.3392226148409894,283,283,0.8210888254347622,1.0
2021-03-24,0.02263952144594104,0.28888888888888886,0.2518518518518518,0.45925925925925926,270,270,0.8223341672508805,1.0
2021-03-25,0.011699038575280379,0.33962264150943394,0.3622641509433962,0.2981132075471698,265,265,0.8253653182173675,1.0
2021-03-26,0.16849727601180314,0.45871559633027525,0.2889908256880734,0.25229357798165136,218,218,0.8157066440363543,1.0
2021-03-29,0.26815865727517524,0.5446009389671361,0.215962441314554,0.23943661971830985,213,213,0.8179699372797505,1.0
2021-03-30,0.1617760045970927,0.40441176470588236,0.22058823529411764,0.375,272,272,0.8117662718629136,1.0
2021-03-31,0.14031275034062846,0.424812030075188,0.24812030075187969,0.32706766917293234,266,266,0.7965434080451951,1.0
2021-04-01,0.22733269685828814,0.43023255813953487,0.1937984496124031,0.375968992248062,258,258,0.8139077969068704,1.0
2021-04-05,-0.0016329085740905665,0.3547008547008547,0.34615384615384615,0.29914529914529914,234,234,0.8373740174067326,1.0
2021-04-06,0.20893564973769901,0.39461883408071746,0.17488789237668162,0.4304932735426009,223,223,0.8000967703058046,1.0
2021-04-07,0.1001626236909643,0.3116438356164384,0.1917808219178082,0.4965753424657534,292,292,0.8219723217699626,1.0
2021-04-08,0.18936939076268794,0.3918918918918919,0.21621621621621623,0.3918918918918919,222,222,0.7974314935304023,1.0
2021-04-09,-0.07950114777558663,0.2596685082872928,0.35911602209944754,0.3812154696132597,181,181,0.8033292645907534,1.0
2021-04-12,0.1528621689221369,0.43873517786561267,0.26877470355731226,0.2924901185770751,253,253,0.830496419795417,1.0
2021-04-13,0.24810156067086825,0.5,0.20610687022900764,0.29389312977099236,262,262,0.805165734227377,1.0
2021-04-14,0.11635249653946,0.4008810572687225,0.27312775330396477,0.32599118942731276,227,227,0.8084593593811674,1.0
2021-04-15,0.2072619917440704,0.4568345323741007,0.22302158273381295,0.32014388489208634,278,278,0.8207515246576542,1.0
2021-04-16,0.15687596700461273,0.43956043956043955,0.25274725274725274,0.3076923076923077,182,182,0.8238226465144001,1.0
2021-04-19,0.14774899251259319,0.4146341463414634,0.24878048780487805,0.33658536585365856,205,205,0.8036779397871436,1.0
2021-04-20,0.15113352321378595,0.38095238095238093,0.22510822510822512,0.3939393939393939,231,231,0.8054249227304995,1.0
2021-04-21,0.1647999549534369,0.4337748344370861,0.24834437086092714,0.31788079470198677,302,302,0.7917793802670295,1.0
2021-04-22,0.0601388591999713,0.3281853281853282,0.26640926640926643,0.40540540540540543,259,259,0.8126385032440244,1.0
2021-04-23,0.09210901151451728,0.3130434782608696,0.2217391304347826,0.4652173913043478,230,230,0.8289506949808286,1.0
2021-04-26,0.1523184615172564,0.4166666666666667,0.25,0.3333333333333333,252,252,0.8154686051938269,1.0
2021-04-27,0.23308639985844792,0.46153846153846156,0.1862348178137652,0.3522267206477733,247,247,0.8136303370539476,1.0
2021-04-28,0.19496889650117089,0.4307116104868914,0.22846441947565543,0.3408239700374532,267,267,0.799415713169155,1.0
2021-04-29,0.14254737410308985,0.40344827586206894,0.27586206896551724,0.32068965517241377,290,290,0.8218554528622791,1.0
2021-04-30,0.029086325128145255,0.3793103448275862,0.35517241379310344,0.2655172413793103,290,290,0.8079028615663791,1.0
2021-05-03,0.25096925893393207,0.4393305439330544,0.17154811715481172,0.3891213389121339,239,239,0.8321664249797246,1.0
2021-05-04,0.1507060130871099,0.36220472440944884,0.18503937007874016,0.452755905511811,254,254,0.8159480250961199,1.0
2021-05-05,0.11990224785134443,0.30132450331125826,0.1986754966887417,0.5,302,302,0.8074510318554,1.0
2021-05-06,0.09696450206406769,0.3663003663003663,0.2454212454212454,0.3882783882783883,273,273,0.8111247687767713,1.0
2021-05-07,0.05672523351053573,0.4017857142857143,0.33035714285714285,0.26785714285714285,224,224,0.8245043766551784,1.0
2021-05-10,0.09203735850751397,0.3192307692307692,0.2153846153846154,0.4653846153846154,260,260,0.8330052457176722,1.0
2021-05-11,0.14535363351487515,0.3783783783783784,0.22393822393822393,0.39768339768339767,259,259,0.8265960916128858,1.0
2021-05-12,0.03568444188718193,0.3617021276595745,0.2917933130699088,0.3465045592705167,329,329,0.7988748263261963,1.0
2021-05-13,-0.08820005715278113,0.23943661971830985,0.3333333333333333,0.4272300469483568,213,213,0.8139667415842764,1.0
2021-05-14,0.024072970214383618,0.3386243386243386,0.2962962962962963,0.36507936507936506,189,189,0.8343069584912093,1.0
2021-05-17,0.186230544209285,0.4475806451612903,0.23387096774193547,0.3185483870967742,248,248,0.8110943094136254,1.0
2021-05-18,0.18720943555156264,0.43162393162393164,0.23076923076923078,0.33760683760683763,234,234,0.7949278620827911,1.0
2021-05-19,-0.029177254945971082,0.24666666666666667,0.29,0.4633333333333333,300,300,0.8062795741359393,1.0
2021-05-20,0.04559697052823241,0.3215434083601286,0.2797427652733119,0.3987138263665595,311,311,0.816513480193362,1.0
2021-05-21,0.13944566559468238,0.3433962264150943,0.19622641509433963,0.46037735849056605,265,265,0.840105653933759,1.0
2021-05-24,0.14611292587748417,0.37745098039215685,0.21568627450980393,0.4068627450980392,204,204,0.8162716808272343,1.0
2021-05-25,0.19533060741621447,0.39923954372623577,0.17870722433460076,0.4220532319391635,263,263,0.813245259990257,1.0
2021-05-26,0.0680461465836624,0.30434782608695654,0.25,0.44565217391304346,184,184,0.8137017780024073,1.0
2021-05-27,0.16241159244997588,0.4155251141552511,0.2511415525114155,0.3333333333333333,219,219,0.8270496531436432,1.0
2021-05-28,0.2812966405366173,0.4766355140186916,0.1542056074766355,0.3691588785046729,214,214,0.8210467133566598,1.0
2021-06-01,0.2021732175553852,0.4697802197802198,0.23351648351648352,0.2967032967032967,364,364,0.8099267707093731,1.0
2021-06-02,0.2669132081193828,0.49416342412451364,0.19844357976653695,0.30739299610894943,257,257,0.8131101626598417,1.0
2021-06-03,0.027470368739789502,0.31496062992125984,0.2637795275590551,0.421259842519685,254,254,0.8054312290403787,1.0
2021-06-04,-0.15029846431052155,0.2558139534883721,0.4108527131782946,0.3333333333333333,258,258,0.8337746979885323,1.0
2021-06-07,0.03520205335622901,0.35944700460829493,0.31797235023041476,0.3225806451612903,217,217,0.8274231415739807,1.0
2021-06-08,0.040524474584894006,0.3102310231023102,0.26732673267326734,0.42244224422442245,303,303,0.8185309729363659,1.0
2021-06-09,0.09364645303035753,0.3125,0.20089285714285715,0.48660714285714285,224,224,0.8122517930875931,1.0
2021-06-10,0.129290544029284,0.3763837638376384,0.23985239852398524,0.3837638376383764,271,271,0.8405104212435409,1.0
2021-06-11,0.041343729964097076,0.2964824120603015,0.2814070351758794,0.4221105527638191,199,199,0.8261961417282047,1.0
2021-06-14,0.1740544918979107,0.40540540540540543,0.21171171171171171,0.38288288288288286,222,222,0.8347790004970791,1.0
2021-06-15,0.0950560777437614,0.35714285714285715,0.2556390977443609,0.38721804511278196,266,266,0.8212315347185708,1.0
2021-06-16,0.04315135936223769,0.3494809688581315,0.3044982698961938,0.3460207612456747,289,289,0.8048771393959085,1.0
2021-06-17,0.030649300274897085,0.30662983425414364,0.30939226519337015,0.3839779005524862,362,362,0.8200978592285135,1.0
2021-06-18,-0.03150231868562382,0.3333333333333333,0.3391812865497076,0.32748538011695905,171,171,0.8153724215532604,1.0
2021-06-21,0.17646319814957678,0.42924528301886794,0.22641509433962265,0.3443396226415094,212,212,0.8044728468049247,1.0
2021-06-22,0.049846582248716076,0.3170731707317073,0.24390243902439024,0.43902439024390244,205,205,0.8297093606576686,1.0
2021-06-23,0.22653078027069568,0.45,0.14615384615384616,0.40384615384615385,260,260,0.8187433249675311,1.0
2021-06-24,0.1646450308660589,0.40062111801242234,0.2204968944099379,0.37888198757763975,322,322,0.8320871217650656,1.0
2021-06-25,0.17083900623781756,0.42920353982300885,0.2831858407079646,0.28761061946902655,226,226,0.8410473647898278,1.0
2021-06-28,0.018529465115678143,0.3157894736842105,0.30701754385964913,0.37719298245614036,228,228,0.8106934462200132,1.0
2021-06-29,0.23285675247057547,0.4583333333333333,0.1701388888888889,0.3715277777777778,288,288,0.8070436674687598,1.0
2021-06-30,0.01277278767879003,0.3204225352112676,0.3028169014084507,0.3767605633802817,284,284,0.7890950204201148,1.0
2021-07-01,0.12598980209609914,0.3419354838709677,0.25483870967741934,0.4032258064516129,310,310,0.8166219277727989,1.0
2021-07-02,0.07011306175464314,0.39655172413793105,0.33620689655172414,0.2672413793103448,232,232,0.8115682880683192,1.0
2021-07-06,0.030579225382610792,0.3024054982817869,0.28865979381443296,0.40893470790378006,291,291,0.8117230265206078,1.0
2021-07-07,-0.009256234112709368,0.31390134529147984,0.2825112107623318,0.40358744394618834,223,223,0.8055681916363037,1.0
2021-07-08,-0.06917573696307613,0.27759197324414714,0.34448160535117056,0.3779264214046823,299,299,0.8093647695704048,1.0
2021-07-09,-0.036851011671472436,0.3488372093023256,0.3488372093023256,0.3023255813953488,172,172,0.7981447830449703,1.0
2021-07-12,0.12810561982055818,0.4320388349514563,0.2912621359223301,0.2766990291262136,206,206,0.8350373315579683,1.0
2021-07-13,0.2318502815481773,0.4777327935222672,0.19433198380566802,0.32793522267206476,247,247,0.8174785210294762,1.0
2021-07-14,0.008452547125910453,0.3333333333333333,0.312280701754386,0.3543859649122807,285,285,0.8082051566818305,1.0
2021-07-15,-0.07017929583268247,0.31347962382445144,0.38557993730407525,0.30094043887147337,319,319,0.8179310463999506,1.0
2021-07-16,-0.015612197023384827,0.31097560975609756,0.3048780487804878,0.38414634146341464,164,164,0.8127125776032122,1.0
2021-07-19,-0.04025873594695978,0.30327868852459017,0.36065573770491804,0.3360655737704918,244,244,0.8587938224683043,1.0
2021-07-20,0.12085002978990005,0.4075829383886256,0.2559241706161137,0.33649289099526064,211,211,0.815651396015809,1.0
2021-07-21,0.21136410032106082,0.4596774193548387,0.21774193548387097,0.3225806451612903,248,248,0.8073519345733428,1.0
2021-07-22,0.1172668977085603,0.3801369863013699,0.2808219178082192,0.339041095890411,292,292,0.8047390736333312,1.0
2021-07-23,0.14680459960688685,0.3813953488372093,0.19069767441860466,0.42790697674418604,215,215,0.8301508992217308,1.0
2021-07-26,0.11929410138942731,0.47643979057591623,0.3036649214659686,0.2198952879581152,191,191,0.8188947720053308,1.0
2021-07-27,0.13484690149568698,0.45,0.2636363636363636,0.2863636363636364,220,220,0.808759916099635,1.0
2021-07-28,0.11722133558326803,0.3780487804878049,0.2764227642276423,0.34552845528455284,246,246,0.8119815837561599,1.0
2021-07-29,0.23505413655267945,0.4778156996587031,0.21843003412969283,0.3037542662116041,293,293,0.8200262674089178,1.0
2021-07-30,0.10480411864208804,0.3872053872053872,0.26936026936026936,0.3434343434343434,297,297,0.8258646865083714,1.0
2021-08-02,-0.01872172369108852,0.31718061674008813,0.3392070484581498,0.3436123348017621,227,227,0.8373040745962034,1.0
2021-08-03,0.19191792826982623,0.4170403587443946,0.20179372197309417,0.3811659192825112,223,223,0.826559336998003,1.0
2021-08-04,0.002666785829346764,0.3023255813953488,0.29844961240310075,0.3992248062015504,258,258,0.8240524897741717,1.0
2021-08-05,0.1307659158266561,0.34551495016611294,0.19601328903654486,0.4584717607973422,301,301,0.8045797917335928,1.0
2021-08-06,-0.08018712062944322,0.3025210084033613,0.36554621848739494,0.3319327731092437,238,238,0.8116006296472389,1.0
2021-08-09,0.028221996205790734,0.3780487804878049,0.34552845528455284,0.2764227642276423,246,246,0.8210159816393038,1.0
2021-08-10,0.0996808608260411,0.3626943005181347,0.2694300518134715,0.36787564766839376,193,193,0.794135011539558,1.0
2021-08-11,0.06016439973831688,0.38549618320610685,0.31297709923664124,0.3015267175572519,262,262,0.8256062031474732,1.0
2021-08-12,0.03459275501036363,0.2987012987012987,0.3116883116883117,0.38961038961038963,308,308,0.8337006484726807,1.0
2021-08-13,-0.025552401743184093,0.329608938547486,0.3743016759776536,0.29608938547486036,179,179,0.8292402411972344,1.0
2021-08-16,0.045902998748180615,0.3639705882352941,0.33088235294117646,0.30514705882352944,272,272,0.8391241629553192,1.0
2021-08-17,-0.019132373623784876,0.31981981981981983,0.34234234234234234,0.33783783783783783,222,222,0.8211232805037284,1.0
2021-08-18,-0.044293990033564344,0.28771929824561404,0.3649122807017544,0.3473684210526316,285,285,0.7985380680937516,1.0
2021-08-19,-0.17643398449340794,0.2014388489208633,0.4352517985611511,0.36330935251798563,278,278,0.8391199755154067,1.0
2021-08-20,-0.04003292341397403,0.29577464788732394,0.3380281690140845,0.36619718309859156,213,213,0.8086293531415608,1.0
2021-08-23,0.11113822368854215,0.35019455252918286,0.21011673151750973,0.4396887159533074,257,257,0.7983531020726675,1.0
2021-08-24,0.30825802930902,0.5097087378640777,0.1407766990291262,0.34951456310679613,206,206,0.8305875903483734,1.0
2021-08-25,0.07777171463636462,0.38427947598253276,0.2663755458515284,0.34934497816593885,229,229,0.8176135802112813,1.0
2021-08-26,-0.11523811588336204,0.23113207547169812,0.39622641509433965,0.37264150943396224,212,212,0.8074063466123815,1.0
2021-08-27,0.06774081022774574,0.40654205607476634,0.308411214953271,0.2850467289719626,214,214,0.8066565774590055,1.0
2021-08-30,-0.02222991326437673,0.3252032520325203,0.33739837398373984,0.33739837398373984,246,246,0.8267670501538409,1.0
2021-08-31,-0.008719862783327708,0.34,0.34,0.32,250,250,0.8090522359609604,1.0
2021-09-01,-0.0340964187087998,0.2968197879858657,0.3568904593639576,0.3462897526501767,283,283,0.8369686883666911,1.0
2021-09-02,0.09476868756493174,0.34265734265734266,0.2517482517482518,0.40559440559440557,286,286,0.7808420956134796,1.0
2021-09-03,-0.0688549124161809,0.27402135231316727,0.3594306049822064,0.3665480427046263,281,281,0.8028965787531218,1.0
2021-09-07,0.08943920243667901,0.34076433121019106,0.2515923566878981,0.40764331210191085,314,314,0.801740544237149,1.0
2021-09-08,0.10223998619503406,0.386046511627907,0.2651162790697674,0.3488372093023256,215,215,0.8174149960972542,1.0
2021-09-09,-0.03663677982922618,0.2687074829931973,0.3401360544217687,0.391156462585034,294,294,0.8101632667033851,1.0
2021-09-10,0.015272147105618684,0.3416666666666667,0.3375,0.32083333333333336,240,240,0.8159207339088123,1.0
2021-09-13,0.14330384497473067,0.3672566371681416,0.24336283185840707,0.3893805309734513,226,226,0.8177904274347609,1.0
2021-09-14,0.09986831466095489,0.3543859649122807,0.256140350877193,0.3894736842105263,285,285,0.8138453055892074,1.0
2021-09-15,0.16194872104628513,0.4315352697095436,0.23651452282157676,0.33195020746887965,241,241,0.8134299218654633,1.0
2021-09-16,0.10551527213949456,0.3609022556390977,0.2518796992481203,0.38721804511278196,266,266,0.8047503768501425,1.0
2021-09-17,0.10995448403991759,0.38414634146341464,0.2682926829268293,0.3475609756097561,164,164,0.8385228260261256,1.0
2021-09-20,0.04730663003766743,0.33976833976833976,0.3166023166023166,0.3436293436293436,259,259,0.8078777651989322,1.0
2021-09-21,0.08137581249342318,0.3148936170212766,0.24680851063829787,0.43829787234042555,235,235,0.8136639256426629,1.0
2021-09-22,0.14819228019318925,0.39299610894941633,0.21011673151750973,0.3968871595330739,257,257,0.790201057603851,1.0
2021-09-23,0.10165716625546671,0.34770114942528735,0.25287356321839083,0.3994252873563218,348,348,0.811213295093213,1.0
2021-09-24,0.02167962293723843,0.35353535353535354,0.3434343434343434,0.30303030303030304,198,198,0.8349687609106603,1.0
2021-09-27,0.2522156457346689,0.4699248120300752,0.15789473684210525,0.37218045112781956,266,266,0.7934725799954924,1.0
2021-09-28,0.13054206837467583,0.4142857142857143,0.2714285714285714,0.3142857142857143,280,280,0.7809507625443595,1.0
2021-09-29,0.1374697286492654,0.37344398340248963,0.21161825726141079,0.4149377593360996,241,241,0.8268726689439592,1.0
2021-09-30,0.07673396485610462,0.3734567901234568,0.29012345679012347,0.33641975308641975,324,324,0.7935657567448087,1.0
2021-10-01,0.17026693479136656,0.3931297709923664,0.25190839694656486,0.3549618320610687,262,262,0.8343449440848736,1.0
2021-10-04,0.2839601879490083,0.5019455252918288,0.19455252918287938,0.3035019455252918,257,257,0.8092653074153202,1.0
2021-10-05,0.18252368991824316,0.35403726708074534,0.14596273291925466,0.5,322,322,0.8078269695643312,1.0
2021-10-06,0.021781082513007893,0.32764505119453924,0.31399317406143346,0.3583617747440273,293,293,0.8085131874060061,1.0
2021-10-07,0.01875866284249276,0.31496062992125984,0.31496062992125984,0.3700787401574803,254,254,0.8148632145772768,1.0
2021-10-08,0.052010426800005324,0.4049586776859504,0.3305785123966942,0.2644628099173554,242,242,0.8212300821030436,1.0
2021-10-11,0.17995817451737822,0.51,0.27,0.22,200,200,0.8195697139203548,1.0
2021-10-12,0.07580792509437793,0.35507246376811596,0.3007246376811594,0.3442028985507246,276,276,0.8224768023128095,1.0
2021-10-13,0.06972391759771128,0.4253246753246753,0.30194805194805197,0.2727272727272727,308,308,0.802305763998589,1.0
2021-10-14,0.15739362699847562,0.4117647058823529,0.23839009287925697,0.3498452012383901,323,323,0.8099280147360575,1.0
2021-10-15,0.18640661933765484,0.4982698961937716,0.31141868512110726,0.1903114186851211,289,289,0.8357039346620698,1.0
2021-10-18,0.11667832508712865,0.4140127388535032,0.25796178343949044,0.32802547770700635,314,314,0.8083305252585441,1.0
2021-10-19,0.1427079550774088,0.4007936507936508,0.25,0.3492063492063492,252,252,0.8124558812096006,1.0
2021-10-20,0.07299531201863566,0.3389830508474576,0.2853107344632768,0.3757062146892655,354,354,0.8035277353841707,1.0
2021-10-21,0.07409262654608954,0.3803921568627451,0.3254901960784314,0.29411764705882354,255,255,0.8351342688588536,1.0
2021-10-22,0.05706355208912712,0.32786885245901637,0.23770491803278687,0.4344262295081967,244,244,0.8210073794986381,1.0
2021-10-25,0.24859464613028168,0.40794223826714804,0.1407942238267148,0.45126353790613716,277,277,0.8135875406463223,1.0
2021-10-26,0.22869559885713003,0.4449152542372881,0.19915254237288135,0.3559322033898305,236,236,0.8113567807664306,1.0
2021-10-27,-0.022314893749232102,0.25666666666666665,0.32,0.42333333333333334,300,300,0.8383579763770104,1.0
2021-10-28,-0.06484129686812577,0.2703583061889251,0.36482084690553745,0.36482084690553745,307,307,0.8188032969978034,1.0
2021-10-29,0.19347069252773755,0.42024539877300615,0.2147239263803681,0.36503067484662577,326,326,0.8030392369426833,1.0
2021-11-01,0.12107226773145491,0.3908450704225352,0.2640845070422535,0.34507042253521125,284,284,0.8351705337704067,1.0
2021-11-02,0.1355562848855921,0.3815789473684211,0.2149122807017544,0.40350877192982454,228,228,0.8158585222666723,1.0
2021-11-03,-0.02235792558967544,0.26517571884984026,0.30990415335463256,0.4249201277955272,313,313,0.8007599773307958,1.0
2021-11-04,0.037311604335641374,0.29219143576826195,0.24433249370277077,0.4634760705289673,397,397,0.8191095399165934,1.0
2021-11-05,-0.12223356746789801,0.23622047244094488,0.4251968503937008,0.33858267716535434,254,254,0.8044641746545401,1.0
2021-11-08,0.18699611352531065,0.421875,0.21875,0.359375,256,256,0.8182168900966644,1.0
2021-11-09,0.2447314301468432,0.464,0.184,0.352,250,250,0.8323803232908249,1.0
2021-11-10,0.034812019532121784,0.3404255319148936,0.3009118541033435,0.3586626139817629,329,329,0.7956100760259889,1.0
2021-11-11,0.0764467774887001,0.3249097472924188,0.23104693140794225,0.44404332129963897,277,277,0.812971871359684,1.0
2021-11-12,0.10845087764120878,0.35106382978723405,0.22872340425531915,0.42021276595744683,188,188,0.8298471008843564,1.0
2021-11-15,0.18100517590083282,0.40482573726541554,0.2064343163538874,0.38873994638069703,373,373,0.8229600499526425,1.0
2021-11-16,0.22285619967875622,0.45819397993311034,0.21070234113712374,0.3311036789297659,299,299,0.8112806948929726,1.0
2021-11-17,0.08237129740705741,0.3434650455927052,0.24620060790273557,0.41033434650455924,329,329,0.787959616234962,1.0
2021-11-18,0.11366362792015183,0.34558823529411764,0.23161764705882354,0.4227941176470588,272,272,0.8261596170418403,1.0
2021-11-19,0.11012053108129993,0.40969162995594716,0.27312775330396477,0.31718061674008813,227,227,0.821725001550456,1.0
2021-11-22,0.2153995024763727,0.4276729559748428,0.17295597484276728,0.39937106918238996,318,318,0.8285211182240421,1.0
2021-11-23,0.2013694671242758,0.4084084084084084,0.1831831831831832,0.4084084084084084,333,333,0.8270717861058118,1.0
2021-11-24,-0.006046174801105925,0.27486910994764396,0.29842931937172773,0.42670157068062825,382,382,0.8183869668794552,1.0
2021-11-26,-0.04352665978845082,0.25857519788918204,0.33773087071240104,0.40369393139841686,379,379,0.8293317683768461,1.0
2021-11-29,0.16163091816044614,0.3843137254901961,0.19215686274509805,0.4235294117647059,255,255,0.7916275828492407,1.0
2021-11-30,0.0185709112457647,0.36363636363636365,0.3460410557184751,0.2903225806451613,341,341,0.8244410369577995,1.0
2021-12-01,0.08601448055587235,0.391304347826087,0.3010033444816054,0.3076923076923077,299,299,0.8283667011205169,1.0
2021-12-02,0.1112654075673372,0.3807531380753138,0.24267782426778242,0.37656903765690375,239,239,0.8254425999509739,1.0
2021-12-03,-0.03360581986284513,0.29136690647482016,0.3345323741007194,0.37410071942446044,278,278,0.813093551414476,1.0
2021-12-06,0.1609229245473966,0.43434343434343436,0.2356902356902357,0.32996632996632996,297,297,0.8180843639855433,1.0
2021-12-07,0.11620663173210162,0.3569230769230769,0.20615384615384616,0.4369230769230769,325,325,0.799942983022103,1.0
2021-12-08,0.07630837708526837,0.3412698412698413,0.2698412698412698,0.3888888888888889,252,252,0.8222441630704063,1.0
2021-12-09,0.12248041123442405,0.42907801418439717,0.2553191489361702,0.31560283687943264,282,282,0.8134912164710092,1.0
2021-12-10,0.0428388310726458,0.3602941176470588,0.33455882352941174,0.30514705882352944,272,272,0.8228458936380989,1.0
2021-12-13,0.16935596166579084,0.36860068259385664,0.1945392491467577,0.43686006825938567,293,293,0.8417948595289484,1.0
2021-12-14,0.06620218248254313,0.36900369003690037,0.2878228782287823,0.34317343173431736,271,271,0.8276389930740934,1.0
2021-12-15,0.11236013913810064,0.4050632911392405,0.2708860759493671,0.3240506329113924,395,395,0.7925867857812327,1.0
2021-12-16,0.12223621033988119,0.3625866050808314,0.22863741339491916,0.40877598152424943,433,433,0.807914700436537,1.0
2021-12-17,0.17877333497180958,0.4263565891472868,0.22093023255813954,0.35271317829457366,258,258,0.8211376612731652,1.0
2021-12-20,0.12198440327983238,0.4253731343283582,0.291044776119403,0.2835820895522388,268,268,0.8291395152015473,1.0
2021-12-21,0.2955627971509051,0.47465437788018433,0.14285714285714285,0.3824884792626728,217,217,0.7877386088744835,1.0
2021-12-22,0.14872970451462142,0.41702127659574467,0.23404255319148937,0.34893617021276596,235,235,0.8213168496781207,1.0
2021-12-23,0.22292219215874062,0.49767441860465117,0.23255813953488372,0.26976744186046514,215,215,0.8413426974485086,1.0
2021-12-27,0.18196301329546347,0.49101796407185627,0.281437125748503,0.2275449101796407,167,167,0.8472841051881185,1.0
2021-12-28,0.1863123084557183,0.4397163120567376,0.22695035460992907,0.3333333333333333,141,141,0.8176984736259948,1.0
2021-12-29,-0.12409720554326971,0.26811594202898553,0.38405797101449274,0.34782608695652173,138,138,0.816270825655564,1.0
2021-12-30,-0.002142471611530574,0.3305785123966942,0.34710743801652894,0.32231404958677684,121,121,0.8456803176028669,1.0
2021-12-31,0.2890017331632621,0.5647058823529412,0.24705882352941178,0.18823529411764706,85,85,0.8344537401900572,1.0
2022-01-03,0.2588949861948772,0.5369127516778524,0.22818791946308725,0.2348993288590604,149,149,0.8239890643014204,1.0
2022-01-04,0.12037838939123037,0.4097560975609756,0.25853658536585367,0.33170731707317075,205,205,0.8016566938016473,1.0
2022-01-05,0.10503101658311753,0.33024691358024694,0.2037037037037037,0.4660493827160494,324,324,0.8063639276373533,1.0
2022-01-06,0.045147881404561704,0.31976744186046513,0.2819767441860465,0.39825581395348836,344,344,0.8137743720828101,1.0
2022-01-07,-0.174511226223013,0.23015873015873015,0.47619047619047616,0.29365079365079366,252,252,0.7943936158267279,1.0
2022-01-10,-0.011464404128009342,0.3316062176165803,0.3471502590673575,0.32124352331606215,193,193,0.8244123140764977,1.0
2022-01-11,0.022799504183543217,0.3088235294117647,0.3137254901960784,0.37745098039215685,204,204,0.8211008617106605,1.0
2022-01-12,0.14975607116075773,0.44193548387096776,0.267741935483871,0.2903225806451613,310,310,0.8016118943691254,1.0
2022-01-13,0.08992604931424321,0.3684210526315789,0.3,0.33157894736842103,190,190,0.8319203740672061,1.0
2022-01-14,-0.00197446783838262,0.35,0.36428571428571427,0.2857142857142857,280,280,0.8291990639907973,1.0
2022-01-18,0.17019832599242882,0.4119047619047619,0.2523809523809524,0.3357142857142857,420,420,0.7978533380088352,1.0
2022-01-19,0.15945492641493011,0.44715447154471544,0.23983739837398374,0.3130081300813008,246,246,0.8105790783477024,1.0
2022-01-20,0.1377077101746441,0.38010204081632654,0.22704081632653061,0.39285714285714285,392,392,0.8122230884524024,1.0
2022-01-21,-0.07072890594563619,0.24489795918367346,0.3877551020408163,0.3673469387755102,196,196,0.8370367004250994,1.0
2022-01-24,0.004375747232032675,0.3485714285714286,0.32,0.3314285714285714,350,350,0.8302384288821901,1.0
2022-01-25,0.2022256055905018,0.45416666666666666,0.23333333333333334,0.3125,240,240,0.795751795793573,1.0
2022-01-26,0.13722376346973925,0.37216828478964403,0.20064724919093851,0.42718446601941745,309,309,0.801397148073684,1.0
2022-01-27,0.09913199456981295,0.391304347826087,0.2577639751552795,0.35093167701863354,322,322,0.8084588583026614,1.0
2022-01-28,0.054329135229259175,0.36666666666666664,0.3148148148148148,0.31851851851851853,270,270,0.8200728808288221,1.0
2022-01-31,0.1661258470293743,0.4297994269340974,0.24355300859598855,0.32664756446991405,349,349,0.8080313775293465,1.0
2022-02-01,0.0056577513754988585,0.32,0.3433333333333333,0.33666666666666667,300,300,0.827607983648777,1.0
2022-02-02,0.10550687748796042,0.3795620437956204,0.24452554744525548,0.3759124087591241,274,274,0.7881835027985329,1.0
2022-02-03,0.026095217603835315,0.3541666666666667,0.28869047619047616,0.35714285714285715,336,336,0.8110449034720659,1.0
2022-02-04,0.07016903624869882,0.3566666666666667,0.26666666666666666,0.37666666666666665,300,300,0.8272306285301845,1.0
2022-02-07,0.12933834414319983,0.46226415094339623,0.29874213836477986,0.2389937106918239,318,318,0.8111899280510608,1.0
2022-02-08,0.09119151003342336,0.3166023166023166,0.18146718146718147,0.5019305019305019,259,259,0.8076618507101729,1.0
2022-02-09,-0.017932964389831912,0.29411764705882354,0.31221719457013575,0.3936651583710407,221,221,0.8125537509831907,1.0
2022-02-10,0.040952086922500214,0.3298245614035088,0.312280701754386,0.35789473684210527,285,285,0.8018124842852877,1.0
2022-02-11,0.036093351370263316,0.3598130841121495,0.34579439252336447,0.29439252336448596,214,214,0.8055525118502501,1.0
2022-02-14,0.06403625027399021,0.36254980079681276,0.3107569721115538,0.32669322709163345,251,251,0.8142257035965939,1.0
2022-02-15,0.04842146726338133,0.3344947735191638,0.2961672473867596,0.3693379790940767,287,287,0.8170351902159249,1.0
2022-02-16,0.12464049621485174,0.40173410404624277,0.2832369942196532,0.315028901734104,346,346,0.8054908408939494,1.0
2022-02-17,0.002034227231947264,0.29846153846153844,0.2923076923076923,0.40923076923076923,325,325,0.8181120628577012,1.0
2022-02-18,0.001538214743764031,0.308411214953271,0.2803738317757009,0.411214953271028,214,214,0.8105721838563402,1.0
2022-02-22,0.2094969269623381,0.4501108647450111,0.19290465631929046,0.35698447893569846,451,451,0.8259856470276141,1.0
2022-02-23,0.10822950732628149,0.38492063492063494,0.25793650793650796,0.35714285714285715,252,252,0.7926740884071305,1.0
2022-02-24,-0.11194904774767662,0.2786885245901639,0.41451990632318503,0.30679156908665106,427,427,0.8198419710930952,1.0
2022-02-25,0.04995518242776917,0.3894736842105263,0.3087719298245614,0.3017543859649123,285,285,0.8191363636861768,1.0
2022-02-28,0.10178495540578394,0.42660550458715596,0.2889908256880734,0.28440366972477066,436,436,0.816938868698177,1.0
2022-03-01,0.08208168674734684,0.3793103448275862,0.29973474801061006,0.3209549071618037,377,377,0.8270756362761996,1.0
2022-03-02,0.09267825257432245,0.38,0.26285714285714284,0.35714285714285715,350,350,0.7937087458372116,1.0
2022-03-03,-0.08319020806517027,0.2689873417721519,0.36075949367088606,0.370253164556962,316,316,0.8294890574827979,1.0
2022-03-04,-0.1404296758289714,0.24926686217008798,0.39589442815249265,0.3548387096774194,341,341,0.8262722606707877,1.0
2022-03-07,-0.01578857857872796,0.32298136645962733,0.3447204968944099,0.33229813664596275,322,322,0.8208982806583369,1.0
2022-03-08,0.001817059468581177,0.2871536523929471,0.28211586901763225,0.43073047858942065,397,397,0.7864240967206451,1.0
2022-03-09,-0.15401035760189422,0.19287833827893175,0.42729970326409494,0.3798219584569733,337,337,0.81585590324699,1.0
2022-03-10,-0.01387140507003396,0.3032069970845481,0.3556851311953353,0.34110787172011664,343,343,0.8172928754338022,1.0
2022-03-11,-0.20705648342845961,0.23106060606060605,0.4583333333333333,0.3106060606060606,264,264,0.8312394840247703,1.0
2022-03-14,-0.06803074737961189,0.2813688212927757,0.376425855513308,0.34220532319391633,263,263,0.8266244631529761,1.0
2022-03-15,-0.024829062678047138,0.3167701863354037,0.30124223602484473,0.38198757763975155,322,322,0.8146884365481619,1.0
2022-03-16,0.012201984869369131,0.33238636363636365,0.3409090909090909,0.32670454545454547,352,352,0.7918885200369087,1.0
2022-03-17,0.08967478941981219,0.3914209115281501,0.29222520107238603,0.3163538873994638,373,373,0.8011830668826525,1.0
2022-03-18,0.031093372640342586,0.3063063063063063,0.28378378378378377,0.4099099099099099,222,222,0.821339516220866,1.0
2022-03-21,0.16469163790484392,0.4377224199288256,0.25622775800711745,0.30604982206405695,281,281,0.8087047937713908,1.0
2022-03-22,0.20199957101442317,0.4618320610687023,0.20229007633587787,0.33587786259541985,262,262,0.8071577970990698,1.0
2022-03-23,0.1172735396725382,0.4057971014492754,0.2717391304347826,0.322463768115942,276,276,0.7972767925348835,1.0
2022-03-24,0.010004541923406727,0.29512893982808025,0.30659025787965616,0.3982808022922636,349,349,0.8232009078677541,1.0
2022-03-25,0.08630876354615374,0.3806228373702422,0.2975778546712803,0.3217993079584775,289,289,0.8182240609066709,1.0
2022-03-28,0.07436327637317698,0.39603960396039606,0.33003300330033003,0.2739273927392739,303,303,0.8336246611654955,1.0
2022-03-29,0.04533575028746415,0.3769968051118211,0.3354632587859425,0.28753993610223644,313,313,0.8289458234660542,1.0
2022-03-30,0.036880732433120206,0.4201388888888889,0.3298611111111111,0.25,288,288,0.8120853777767884,1.0
2022-03-31,0.07076689209214519,0.4155844155844156,0.3344155844155844,0.25,308,308,0.8199399700025459,1.0
2022-04-01,0.002428749750628279,0.34275618374558303,0.3498233215547703,0.30742049469964666,283,283,0.8233774434972567,1.0
2022-04-04,0.2525406475287191,0.5016611295681063,0.2159468438538206,0.2823920265780731,301,301,0.8131737399140861,1.0
2022-04-05,0.13648168931668486,0.3480825958702065,0.20058997050147492,0.45132743362831856,339,339,0.8039010553936691,1.0
2022-04-06,0.029920238205683364,0.3277591973244147,0.29431438127090304,0.3779264214046823,299,299,0.8149390695087089,1.0
2022-04-07,-0.09546136706430688,0.3076923076923077,0.42735042735042733,0.26495726495726496,234,234,0.8075733289249942,1.0
2022-04-08,-0.12508885740337647,0.2971698113207547,0.4528301886792453,0.25,212,212,0.8156604474445559,1.0
2022-04-11,0.1644843965845152,0.4524590163934426,0.26229508196721313,0.28524590163934427,305,305,0.8421293053470674,1.0
2022-04-12,0.0757167138554881,0.36578171091445427,0.2949852507374631,0.3392330383480826,339,339,0.8152621074587898,1.0
2022-04-13,0.16995484704490413,0.46060606060606063,0.26666666666666666,0.2727272727272727,330,330,0.7833983459255912,1.0
2022-04-14,0.15218957848362738,0.42201834862385323,0.24770642201834864,0.3302752293577982,327,327,0.815967420190117,1.0
2022-04-18,0.13947758380302874,0.4275092936802974,0.26394052044609667,0.30855018587360594,269,269,0.8029308930648748,1.0
2022-04-19,-0.09769802159585415,0.2523809523809524,0.3619047619047619,0.38571428571428573,210,210,0.821739514243035,1.0
2022-04-20,0.006358574452119222,0.3284132841328413,0.33948339483394835,0.33210332103321033,271,271,0.8023276496197465,1.0
2022-04-21,0.06347756902079867,0.34347826086956523,0.2956521739130435,0.36086956521739133,230,230,0.8149179501378018,1.0
2022-04-22,-0.07366736060653797,0.2675438596491228,0.36403508771929827,0.3684210526315789,228,228,0.8463275679632237,1.0
2022-04-25,-0.024332556026124896,0.3602941176470588,0.3713235294117647,0.26838235294117646,272,272,0.8431034408071462,1.0
2022-04-26,0.0878555959498044,0.42083333333333334,0.32916666666666666,0.25,240,240,0.8311376135796309,1.0
2022-04-27,0.14742732849066156,0.4377104377104377,0.26936026936026936,0.29292929292929293,297,297,0.8165091071466003,1.0
2022-04-28,0.04669047974093488,0.40233236151603496,0.3236151603498542,0.27405247813411077,343,343,0.7961094079664081,1.0
2022-04-29,0.15617662849749817,0.43209876543209874,0.24074074074074073,0.3271604938271605,324,324,0.7965421203845813,1.0
2022-05-02,0.1498958452826091,0.42213114754098363,0.23770491803278687,0.3401639344262295,244,244,0.8147679269313812,1.0
2022-05-03,0.07716859864446807,0.38596491228070173,0.32456140350877194,0.2894736842105263,228,228,0.8176779652896681,1.0
2022-05-04,0.0708198715088268,0.33866666666666667,0.25066666666666665,0.4106666666666667,375,375,0.7996435645421346,1.0
2022-05-05,0.14397669677786967,0.43823529411764706,0.2735294117647059,0.28823529411764703,340,340,0.8200404666802462,1.0
2022-05-06,-0.1545357178611476,0.28708133971291866,0.4688995215311005,0.24401913875598086,209,209,0.8315615686788513,1.0
2022-05-09,-0.057614109446149094,0.34375,0.3984375,0.2578125,256,256,0.8365098820067942,1.0
2022-05-10,-0.08265271638699162,0.27403846153846156,0.38461538461538464,0.34134615384615385,208,208,0.8303456627405607,1.0
2022-05-11,0.14294434826170066,0.4077669902912621,0.24271844660194175,0.34951456310679613,309,309,0.8154126650692961,1.0
2022-05-12,-0.06763531933598317,0.30128205128205127,0.40705128205128205,0.2916666666666667,312,312,0.8204909007136638,1.0
2022-05-13,0.05462604518373602,0.3609467455621302,0.3076923076923077,0.33136094674556216,169,169,0.8176425956410064,1.0
2022-05-16,0.07740647214939075,0.3987730061349693,0.30368098159509205,0.29754601226993865,326,326,0.8368130989052767,1.0
2022-05-17,0.3067305933982425,0.50390625,0.1484375,0.34765625,256,256,0.816391495638527,1.0
2022-05-18,0.05856954277977858,0.3493150684931507,0.3116438356164384,0.339041095890411,292,292,0.8113595175824754,1.0
2022-05-19,0.07400503943890277,0.38783269961977185,0.3041825095057034,0.30798479087452474,263,263,0.7937487209704439,1.0
2022-05-20,0.17795640410891234,0.4576923076923077,0.29615384615384616,0.24615384615384617,260,260,0.8112106116918417,1.0
2022-05-23,0.29730968063624647,0.5367965367965368,0.16883116883116883,0.2943722943722944,231,231,0.8127037150003177,1.0
2022-05-24,0.06581206715886863,0.35251798561151076,0.28776978417266186,0.3597122302158273,278,278,0.8144991632631357,1.0
2022-05-25,-0.04962377878353663,0.27299703264094954,0.34124629080118696,0.3857566765578635,337,337,0.8042438437040199,1.0
2022-05-26,0.09072219126299022,0.384,0.284,0.332,250,250,0.8000788940191269,1.0
2022-05-27,0.01336622973289434,0.2893401015228426,0.28426395939086296,0.4263959390862944,197,197,0.8325264886551097,1.0
2022-05-31,0.15110425048140075,0.4649298597194389,0.2745490981963928,0.2605210420841683,499,499,0.8076604559928,1.0
2022-06-01,0.2111923050933054,0.4170403587443946,0.18834080717488788,0.39461883408071746,223,223,0.8255736147608992,1.0
2022-06-02,0.058516330494765297,0.375,0.2743055555555556,0.3506944444444444,288,288,0.7881406567369899,1.0
2022-06-03,0.10087914333427192,0.3791469194312796,0.2843601895734597,0.33649289099526064,211,211,0.8027492392967097,1.0
2022-06-06,0.14307131790043562,0.32057416267942584,0.15789473684210525,0.5215311004784688,209,209,0.8082109142148324,1.0
2022-06-07,0.14058066400984295,0.3753943217665615,0.21451104100946372,0.41009463722397477,317,317,0.7928076183382269,1.0
2022-06-08,0.12478080111954894,0.44,0.26285714285714284,0.29714285714285715,350,350,0.7960059118270874,1.0
2022-06-09,0.04021695351450523,0.35447761194029853,0.35074626865671643,0.2947761194029851,268,268,0.809093406284923,1.0
2022-06-10,0.011511238995450035,0.3467153284671533,0.354014598540146,0.29927007299270075,274,274,0.8243576904935558,1.0
2022-06-13,0.13702318194877441,0.46254071661237783,0.30618892508143325,0.23127035830618892,307,307,0.8180265522740952,1.0
2022-06-14,-0.07020341145856253,0.27800829875518673,0.3651452282157676,0.35684647302904565,241,241,0.822536193607259,1.0
2022-06-15,-0.05234485102271301,0.35340314136125656,0.39790575916230364,0.2486910994764398,382,382,0.8175004267411706,1.0
2022-06-16,0.025820724240208898,0.3475609756097561,0.32621951219512196,0.32621951219512196,328,328,0.8135332640533041,1.0
2022-06-17,-0.013256359677493149,0.3557692307692308,0.36538461538461536,0.27884615384615385,208,208,0.8327522302189698,1.0
2022-06-21,0.05285850151208532,0.40970350404312667,0.33423180592991913,0.2560646900269542,371,371,0.8165442276033108,1.0
2022-06-22,0.05912551448785397,0.36619718309859156,0.33098591549295775,0.3028169014084507,284,284,0.8400550750149808,1.0
2022-06-23,-0.13311884159432544,0.2129032258064516,0.38387096774193546,0.4032258064516129,310,310,0.8215975245160442,1.0
2022-06-24,-0.026807826629222997,0.33766233766233766,0.38095238095238093,0.2813852813852814,231,231,0.8430832753449807,1.0
2022-06-27,0.11577978230785074,0.4148471615720524,0.27074235807860264,0.314410480349345,229,229,0.81892373637341,1.0
2022-06-28,0.05435197957782433,0.4182692307692308,0.32211538461538464,0.25961538461538464,208,208,0.8036653271947916,1.0
2022-06-29,0.011114451799809627,0.3595890410958904,0.3458904109589041,0.2945205479452055,292,292,0.8188230709670341,1.0
2022-06-30,-0.006620140188969067,0.36721311475409835,0.3770491803278688,0.25573770491803277,305,305,0.8245299800497586,1.0
2022-07-01,-0.12329666715986268,0.2824074074074074,0.4351851851851852,0.2824074074074074,216,216,0.8431304315174067,1.0
2022-07-05,-0.07888717176816003,0.3380681818181818,0.4318181818181818,0.23011363636363635,352,352,0.8219623753631656,1.0
2022-07-06,-0.02477835898053941,0.34275618374558303,0.3568904593639576,0.3003533568904594,283,283,0.8124681669073476,1.0
2022-07-07,-0.004720625446579005,0.3020833333333333,0.3368055555555556,0.3611111111111111,288,288,0.7716039688222938,1.0
2022-07-08,-0.07495731163000417,0.323943661971831,0.40375586854460094,0.27230046948356806,213,213,0.7997929126443998,1.0
2022-07-11,0.04436721665891662,0.4258373205741627,0.36363636363636365,0.21052631578947367,209,209,0.8298812676844984,1.0
2022-07-12,-0.19950042778696372,0.2641509433962264,0.5132075471698113,0.22264150943396227,265,265,0.8361919578516258,1.0
2022-07-13,-0.026828236836640793,0.3545706371191136,0.37950138504155123,0.2659279778393352,361,361,0.8191669868135056,1.0
2022-07-14,0.03074398997233475,0.375,0.32432432432432434,0.30067567567567566,296,296,0.8287186114167845,1.0
2022-07-15,0.08059272947721181,0.4125,0.2833333333333333,0.30416666666666664,240,240,0.8230105965087812,1.0
2022-07-18,0.2938439762872977,0.5429864253393665,0.19004524886877827,0.2669683257918552,221,221,0.8226271016835087,1.0
2022-07-19,0.15647451503671647,0.421259842519685,0.27165354330708663,0.30708661417322836,254,254,0.7916841567970636,1.0
2022-07-20,0.06278009937688855,0.3795379537953795,0.3234323432343234,0.297029702970297,303,303,0.8032871083457871,1.0
2022-07-21,-0.010489366900242143,0.37091988130563797,0.3649851632047478,0.26409495548961426,337,337,0.8105345831780476,1.0
2022-07-22,0.07786172361132533,0.3888888888888889,0.2847222222222222,0.3263888888888889,288,288,0.8327573935190836,1.0
2022-07-25,0.11166520059015958,0.4061302681992337,0.2950191570881226,0.2988505747126437,261,261,0.8215947433221386,1.0
2022-07-26,0.051955518248332694,0.4031620553359684,0.308300395256917,0.2885375494071146,253,253,0.8261592235018613,1.0
2022-07-27,-0.02963525600210312,0.3279742765273312,0.3633440514469453,0.3086816720257235,311,311,0.8143989099758614,1.0
2022-07-28,0.00563235850126704,0.35353535353535354,0.3333333333333333,0.31313131313131315,297,297,0.8282869638818683,1.0
2022-07-29,0.0653594767056188,0.4051094890510949,0.30656934306569344,0.28832116788321166,274,274,0.7992108970010368,1.0
2022-08-01,-0.012025506466802593,0.36594202898550726,0.37681159420289856,0.2572463768115942,276,276,0.8199830324105595,1.0
2022-08-02,0.023534474120584906,0.35294117647058826,0.3431372549019608,0.30392156862745096,204,204,0.820742270525764,1.0
2022-08-03,0.06938588156738654,0.36054421768707484,0.30612244897959184,0.3333333333333333,294,294,0.8336995899880013,1.0
2022-08-04,-0.02011927233466336,0.3003003003003003,0.32432432432432434,0.37537537537537535,333,333,0.8219510023300354,1.0
2022-08-05,-0.21422428124998177,0.23333333333333334,0.4740740740740741,0.29259259259259257,270,270,0.8200135479370753,1.0
2022-08-08,0.003520360763598171,0.3452914798206278,0.3452914798206278,0.3094170403587444,223,223,0.8233377896082241,1.0
2022-08-09,0.08068302766187115,0.3541666666666667,0.30416666666666664,0.3416666666666667,240,240,0.8069909984866778,1.0
2022-08-10,0.045872631463965384,0.2895622895622896,0.2828282828282828,0.4276094276094276,297,297,0.82798629116129,1.0
2022-08-11,0.11612188048108017,0.3780487804878049,0.23983739837398374,0.3821138211382114,246,246,0.8240132529318818,1.0
2022-08-12,0.041692522179303505,0.33760683760683763,0.3034188034188034,0.358974358974359,234,234,0.8269237099040267,1.0
2022-08-15,-0.1507968928267076,0.255663430420712,0.44336569579288027,0.30097087378640774,309,309,0.8362257955143753,1.0
2022-08-16,0.07781652433211626,0.4051724137931034,0.33189655172413796,0.2629310344827586,232,232,0.8283197234930664,1.0
2022-08-17,0.03476012014438527,0.3509933774834437,0.30132450331125826,0.347682119205298,302,302,0.78645410354169,1.0
2022-08-18,0.025650367834377324,0.3321678321678322,0.3041958041958042,0.36363636363636365,286,286,0.8073752928863872,1.0
2022-08-19,-0.010934114666895003,0.3128491620111732,0.35195530726256985,0.33519553072625696,179,179,0.8279616403180128,1.0
2022-08-22,0.24343554701933517,0.49361702127659574,0.2170212765957447,0.28936170212765955,235,235,0.8074028557919442,1.0
2022-08-23,0.006465269547147245,0.3241106719367589,0.308300395256917,0.3675889328063241,253,253,0.8432365770160917,1.0
2022-08-24,-0.017888575410514505,0.3033175355450237,0.33649289099526064,0.36018957345971564,211,211,0.8177630874500456,1.0
2022-08-25,0.036629129475841175,0.390625,0.32421875,0.28515625,256,256,0.8234152790391818,1.0
2022-08-26,0.15543855162280978,0.4155844155844156,0.24675324675324675,0.33766233766233766,231,231,0.8106026194054327,1.0
2022-08-29,0.1621260120799499,0.45982142857142855,0.25892857142857145,0.28125,224,224,0.8082135253186736,1.0
2022-08-30,-0.03765030371930416,0.3644859813084112,0.37850467289719625,0.2570093457943925,214,214,0.8213391749658318,1.0
2022-08-31,0.016420218928106422,0.3076923076923077,0.304029304029304,0.3882783882783883,273,273,0.8068611394791376,1.0
2022-09-01,0.02602895084273768,0.309375,0.2875,0.403125,320,320,0.8100175049155951,1.0
2022-09-02,-0.031004417046349042,0.35526315789473684,0.35964912280701755,0.2850877192982456,228,228,0.8140046129885473,1.0
2022-09-06,-0.011170852981740613,0.3275,0.3625,0.31,400,400,0.8045853647589684,1.0
2022-09-07,0.020273083736909954,0.3408521303258145,0.3233082706766917,0.3358395989974937,399,399,0.8042572879402858,1.0
2022-09-08,0.11383498591535232,0.3753501400560224,0.24649859943977592,0.37815126050420167,357,357,0.7884346281780916,1.0
2022-09-09,-0.01462469974406607,0.359375,0.328125,0.3125,192,192,0.8100850735791028,1.0
2022-09-12,0.16299733696240176,0.4936708860759494,0.26582278481012656,0.24050632911392406,316,316,0.8443229641718201,1.0
2022-09-13,0.04794316435861703,0.37662337662337664,0.33116883116883117,0.2922077922077922,308,308,0.806833685121753,1.0
2022-09-14,-0.05747592852359917,0.29022988505747127,0.3649425287356322,0.3448275862068966,348,348,0.8112570727351068,1.0
2022-09-15,0.08011564958534974,0.38390092879256965,0.29102167182662536,0.32507739938080493,323,323,0.8356785807447168,1.0
2022-09-16,0.03531202952438425,0.40186915887850466,0.35514018691588783,0.24299065420560748,214,214,0.8301890237587635,1.0
2022-09-19,0.13559958558590685,0.45081967213114754,0.30327868852459017,0.2459016393442623,244,244,0.8175887554639676,1.0
2022-09-20,0.1983345274157447,0.4276729559748428,0.2169811320754717,0.3553459119496855,318,318,0.803479032883854,1.0
2022-09-21,-0.04228211306164869,0.3,0.3527777777777778,0.3472222222222222,360,360,0.8034251662592093,1.0
2022-09-22,0.09188813377052765,0.43243243243243246,0.31203931203931207,0.25552825552825553,407,407,0.7847903760410937,1.0
2022-09-23,-0.23537798276112423,0.18110236220472442,0.4881889763779528,0.33070866141732286,254,254,0.8399185728369736,1.0
2022-09-26,-0.06934715625845568,0.2976588628762542,0.3979933110367893,0.30434782608695654,299,299,0.8341691576716892,1.0
2022-09-27,0.12061145666945158,0.3754646840148699,0.26765799256505574,0.35687732342007433,269,269,0.800587587640188,1.0
2022-09-28,0.006383112734526292,0.32441471571906355,0.30434782608695654,0.3712374581939799,299,299,0.807776523972036,1.0
2022-09-29,-0.023906294440838118,0.32550335570469796,0.3389261744966443,0.33557046979865773,298,298,0.806624697958863,1.0
2022-09-30,-0.020330557737637454,0.3333333333333333,0.3592592592592593,0.3074074074074074,270,270,0.7971646420381687,1.0
2022-10-03,-0.005731679596089962,0.37174721189591076,0.37174721189591076,0.25650557620817843,269,269,0.8258846044318827,1.0
2022-10-04,0.19766038823204923,0.4302788844621514,0.2350597609561753,0.3346613545816733,251,251,0.8232101108210971,1.0
2022-10-05,-0.010293130451523845,0.23460410557184752,0.26099706744868034,0.5043988269794721,341,341,0.8032263623129937,1.0
2022-10-06,0.1872501724922474,0.43157894736842106,0.24561403508771928,0.32280701754385965,285,285,0.8037818894051669,1.0
2022-10-07,0.00899206150997183,0.31906614785992216,0.3229571984435798,0.35797665369649806,257,257,0.8011452568412291,1.0
2022-10-10,0.035718132582743,0.4292682926829268,0.36097560975609755,0.2097560975609756,205,205,0.8091999833176776,1.0
2022-10-11,0.06571507297902025,0.3974358974358974,0.31196581196581197,0.2905982905982906,234,234,0.8158381569844025,1.0
2022-10-12,-0.04810286692136069,0.3313253012048193,0.39156626506024095,0.27710843373493976,332,332,0.8179184368934976,1.0
2022-10-13,0.058850983945912046,0.33980582524271846,0.30097087378640774,0.3592233009708738,309,309,0.7988502597345889,1.0
2022-10-14,0.012847623217194414,0.38114754098360654,0.3442622950819672,0.27459016393442626,244,244,0.8260318820105225,1.0
2022-10-17,0.04128120190983686,0.38202247191011235,0.3445692883895131,0.27340823970037453,267,267,0.8391773134804843,1.0
2022-10-18,0.0632774991279442,0.3870967741935484,0.31797235023041476,0.29493087557603687,217,217,0.8233211330279776,1.0
2022-10-19,0.1422438562227841,0.40540540540540543,0.2668918918918919,0.3277027027027027,296,296,0.8115735238266958,1.0
2022-10-20,-0.0761040060308161,0.2782874617737003,0.38837920489296635,0.3333333333333333,327,327,0.8157287514355569,1.0
2022-10-21,-0.0385598100585545,0.32682926829268294,0.3853658536585366,0.28780487804878047,205,205,0.8010384700647215,1.0
2022-10-24,0.023113630683416257,0.3268156424581006,0.27932960893854747,0.39385474860335196,358,358,0.8267290096043208,1.0
2022-10-25,0.1551423882488017,0.437984496124031,0.24806201550387597,0.313953488372093,258,258,0.8222950688859288,1.0
2022-10-26,0.05949484556607019,0.33881578947368424,0.29605263157894735,0.3651315789473684,304,304,0.8044003181551632,1.0
2022-10-27,0.13149373399126046,0.430635838150289,0.2774566473988439,0.29190751445086704,346,346,0.7969097265101581,1.0
2022-10-28,0.025086469766820836,0.34191176470588236,0.31985294117647056,0.3382352941176471,272,272,0.8126451861770714,1.0
2022-10-31,0.062319667196057936,0.411214953271028,0.3302180685358255,0.2585669781931464,321,321,0.7917420562368316,1.0
2022-11-01,0.11194328440171553,0.4186991869918699,0.2764227642276423,0.3048780487804878,246,246,0.7937166218350573,1.0
2022-11-02,0.14060174612649762,0.4057507987220447,0.23322683706070288,0.3610223642172524,313,313,0.8136288953094056,1.0
2022-11-03,-0.027909801982831765,0.2896174863387978,0.3251366120218579,0.38524590163934425,366,366,0.8106302176016927,1.0
2022-11-04,0.10284654898857026,0.4020618556701031,0.2852233676975945,0.3127147766323024,291,291,0.8188352905393056,1.0
2022-11-07,0.04468562475284519,0.34080717488789236,0.30493273542600896,0.3542600896860987,223,223,0.8331377224270003,1.0
2022-11-08,-0.021611927224225135,0.31140350877192985,0.32894736842105265,0.35964912280701755,228,228,0.8158528885820455,1.0
2022-11-09,-0.04038962965022844,0.26037735849056604,0.3320754716981132,0.4075471698113208,265,265,0.8209467133261122,1.0
2022-11-10,0.008517213013188422,0.3242320819112628,0.3310580204778157,0.3447098976109215,293,293,0.8171438525968038,1.0
2022-11-11,-0.17688632263020881,0.2782258064516129,0.4717741935483871,0.25,248,248,0.834907361937146,1.0
2022-11-14,0.11876025246003799,0.41295546558704455,0.29554655870445345,0.291497975708502,247,247,0.821400923646896,1.0
2022-11-15,0.08189411141747047,0.38412698412698415,0.30793650793650795,0.30793650793650795,315,315,0.8060945757797786,1.0
2022-11-16,-0.046260512069399864,0.3028571428571429,0.3485714285714286,0.3485714285714286,350,350,0.8028260645696095,1.0
2022-11-17,0.13481976867858636,0.3898305084745763,0.25084745762711863,0.3593220338983051,295,295,0.8026861003899979,1.0
2022-11-18,0.027223069237120315,0.32894736842105265,0.3026315789473684,0.3684210526315789,228,228,0.8135211675574905,1.0
2022-11-21,0.05868922504403006,0.3993610223642173,0.30990415335463256,0.29073482428115016,313,313,0.8145999337156741,1.0
2022-11-22,0.03346282723341644,0.33852140077821014,0.3229571984435798,0.33852140077821014,257,257,0.8125992027702035,1.0
2022-11-23,-0.10393447644142896,0.24804177545691905,0.370757180156658,0.381201044386423,383,383,0.819715162792654,1.0
2022-11-25,0.016220928893841864,0.37091988130563797,0.3620178041543027,0.26706231454005935,337,337,0.8372246613311485,1.0
2022-11-28,-0.018335062120219365,0.36764705882352944,0.4117647058823529,0.22058823529411764,204,204,0.8459475424652007,1.0
2022-11-29,0.10981077020619358,0.38489208633093525,0.24100719424460432,0.37410071942446044,278,278,0.7786817012502135,1.0
2022-11-30,-0.12344829597631875,0.263768115942029,0.4,0.336231884057971,345,345,0.8158239846644194,1.0
2022-12-01,-0.005453485044271942,0.3149847094801223,0.3577981651376147,0.327217125382263,327,327,0.8219811774175102,1.0
2022-12-02,-0.029180273064412187,0.30859375,0.36328125,0.328125,256,256,0.8228679993189871,1.0
2022-12-05,0.11106482141449586,0.3917525773195876,0.281786941580756,0.32646048109965636,291,291,0.8194663363838524,1.0
2022-12-06,0.04246020696184781,0.3271375464684015,0.25650557620817843,0.4163568773234201,269,269,0.806530064034196,1.0
2022-12-07,-0.08351739331853489,0.27348066298342544,0.3839779005524862,0.3425414364640884,362,362,0.799471755959711,1.0
2022-12-08,0.06048638096071809,0.36254980079681276,0.32270916334661354,0.3147410358565737,251,251,0.7937567650796883,1.0
2022-12-09,0.08358574798117056,0.3669724770642202,0.28440366972477066,0.3486238532110092,218,218,0.8256913505562948,1.0
2022-12-12,0.37398774863528383,0.5769230769230769,0.17873303167420815,0.24434389140271492,442,442,0.8690415779929356,1.0
2022-12-13,0.06651963298347827,0.35501355013550134,0.33062330623306235,0.3143631436314363,369,369,0.7986901974290367,1.0
2022-12-14,0.05107619843320614,0.35522388059701493,0.29253731343283584,0.3522388059701492,335,335,0.7934825826047072,1.0
2022-12-15,0.06472240616451017,0.3975,0.3,0.3025,400,400,0.7978780934214592,1.0
2022-12-16,0.03982029951799618,0.33204633204633205,0.29343629343629346,0.3745173745173745,259,259,0.8289313892830292,1.0
2022-12-19,0.06670835003943033,0.3684210526315789,0.29959514170040485,0.3319838056680162,247,247,0.8216342278096357,1.0
2022-12-20,0.15754468333765081,0.40611353711790393,0.2052401746724891,0.388646288209607,229,229,0.8053410506144362,1.0
2022-12-21,0.11852092139534888,0.4651898734177215,0.31645569620253167,0.21835443037974683,316,316,0.8095372949219957,1.0
2022-12-22,-0.05470527425303539,0.2813852813852814,0.36796536796536794,0.35064935064935066,231,231,0.8148342621274841,1.0
2022-12-23,0.13906385483418776,0.47715736040609136,0.29441624365482233,0.22842639593908629,197,197,0.8147389613432328,1.0
2022-12-27,0.04842394220014643,0.3953488372093023,0.36046511627906974,0.2441860465116279,172,172,0.8495753948078599,1.0
2022-12-28,-0.09648180873719632,0.29012345679012347,0.3765432098765432,0.3333333333333333,162,162,0.8189588054830645,1.0
2022-12-29,-0.20385858379422298,0.25316455696202533,0.47468354430379744,0.2721518987341772,158,158,0.8240471514342707,1.0
2022-12-30,0.10951553754405015,0.4666666666666667,0.34444444444444444,0.18888888888888888,90,90,0.8319672342803743,1.0
2023-01-03,-0.19958927177417257,0.22382671480144403,0.4620938628158845,0.3140794223826715,277,277,0.8199026680379998,1.0
2023-01-04,-0.0841884887097321,0.3185840707964602,0.4026548672566372,0.27876106194690264,226,226,0.8421040678446272,1.0
2023-01-05,-0.08346630450820618,0.25,0.33433734939759036,0.41566265060240964,332,332,0.7955937995968094,1.0
2023-01-06,-0.1597236744033777,0.30405405405405406,0.47297297297297297,0.22297297297297297,296,296,0.8240381952475857,1.0
2023-01-09,0.12919491344068978,0.4701492537313433,0.291044776119403,0.23880597014925373,268,268,0.8155208384590362,1.0
2023-01-10,0.10782230049645636,0.3739495798319328,0.2815126050420168,0.3445378151260504,238,238,0.8230667230712265,1.0
2023-01-11,0.09099313157449074,0.4059040590405904,0.2878228782287823,0.3062730627306273,271,271,0.8148287633688247,1.0
2023-01-12,0.057406382395623665,0.36893203883495146,0.32038834951456313,0.3106796116504854,309,309,0.8155096355572488,1.0
2023-01-13,0.03838665125900149,0.35023041474654376,0.29493087557603687,0.3548387096774194,217,217,0.8174244589794616,1.0
2023-01-17,0.0994586118603504,0.3792372881355932,0.2944915254237288,0.326271186440678,472,472,0.79250302203631,1.0
2023-01-18,-0.03493028845435932,0.3519061583577713,0.39589442815249265,0.25219941348973607,341,341,0.8030461741507577,1.0
2023-01-19,-0.02808025514658432,0.28338762214983715,0.3289902280130293,0.38762214983713356,307,307,0.8070184969940869,1.0
2023-01-20,-0.031320378946499576,0.33183856502242154,0.3811659192825112,0.28699551569506726,223,223,0.816217280022232,1.0
2023-01-23,0.17569980520666356,0.38571428571428573,0.20476190476190476,0.4095238095238095,210,210,0.8090656778642109,1.0
2023-01-24,-0.10814293236491035,0.26556016597510373,0.3983402489626556,0.3360995850622407,241,241,0.8464063384968216,1.0
2023-01-25,0.028040768838229962,0.3702127659574468,0.33617021276595743,0.2936170212765957,235,235,0.7963152573463764,1.0
2023-01-26,0.07449495092821198,0.40264026402640263,0.30033003300330036,0.297029702970297,303,303,0.8143048247094988,1.0
2023-01-27,0.06369088037843959,0.42788461538461536,0.3125,0.25961538461538464,208,208,0.8156912991633782,1.0
2023-01-30,0.035724239841645175,0.41134751773049644,0.36524822695035464,0.22340425531914893,282,282,0.8123462598585913,1.0
2023-01-31,-0.056592564626180474,0.33447098976109213,0.3890784982935154,0.2764505119453925,293,293,0.8130466323663758,1.0
2023-02-01,-0.06622830558798566,0.26881720430107525,0.3655913978494624,0.3655913978494624,372,372,0.7991323906087107,1.0
2023-02-02,-0.03702645963838626,0.3083832335329341,0.3532934131736527,0.3383233532934132,334,334,0.8251733393547778,1.0
2023-02-03,0.019032338634133332,0.2980132450331126,0.2582781456953642,0.44370860927152317,302,302,0.8211229951768522,1.0
2023-02-06,0.011965467433991092,0.3542319749216301,0.3385579937304075,0.3072100313479624,319,319,0.8093066482708372,1.0
2023-02-07,-0.0002640730566194983,0.3,0.3193548387096774,0.38064516129032255,310,310,0.7822413158032202,1.0
2023-02-08,0.13516496226472396,0.3968253968253968,0.25,0.3531746031746032,252,252,0.8119890505359286,1.0
2023-02-09,0.06695412571310115,0.3628691983122363,0.2869198312236287,0.350210970464135,237,237,0.8027312154508341,1.0
2023-02-10,-0.06635518790310439,0.34782608695652173,0.42028985507246375,0.2318840579710145,276,276,0.8268924681604772,1.0
2023-02-13,0.09539630143440885,0.41007194244604317,0.3129496402877698,0.27697841726618705,278,278,0.8334329969805779,1.0
2023-02-14,0.05002245002031099,0.39090909090909093,0.3333333333333333,0.27575757575757576,330,330,0.7978696080771359,1.0
2023-02-15,0.05050358111420046,0.3538011695906433,0.29239766081871343,0.3538011695906433,342,342,0.8332449673560628,1.0
2023-02-16,0.037030778928139954,0.30522088353413657,0.2971887550200803,0.39759036144578314,249,249,0.8140304075426845,1.0
2023-02-17,-0.03199465645358285,0.3446808510638298,0.3617021276595745,0.2936170212765957,235,235,0.8260344264355112,1.0
2023-02-21,0.11490554838304141,0.35852713178294576,0.25,0.39147286821705424,516,516,0.8017071609118188,1.0
2023-02-22,0.04241175623749205,0.31845238095238093,0.28869047619047616,0.39285714285714285,336,336,0.8222908256131978,1.0
2023-02-23,0.013076320543964206,0.31448763250883394,0.3003533568904594,0.38515901060070673,283,283,0.8102684361142741,1.0
2023-02-24,0.034513530495173445,0.332089552238806,0.2947761194029851,0.373134328358209,268,268,0.8089805270976095,1.0
2023-02-27,0.09564334245052614,0.3675889328063241,0.2608695652173913,0.3715415019762846,253,253,0.811714928729732,1.0
2023-02-28,0.09220758567486578,0.3680555555555556,0.2881944444444444,0.34375,288,288,0.8015555490015281,1.0
2023-03-01,0.05625856144305987,0.3435897435897436,0.2923076923076923,0.3641025641025641,390,390,0.8016935956019622,1.0
2023-03-02,0.06513424484667726,0.35856573705179284,0.27091633466135456,0.3705179282868526,251,251,0.8267769745859017,1.0
2023-03-03,0.025991514747023065,0.27350427350427353,0.2564102564102564,0.4700854700854701,234,234,0.8254302258674915,1.0
2023-03-06,0.007234139313258114,0.29924242424242425,0.29924242424242425,0.4015151515151515,264,264,0.845463315532966,1.0
2023-03-07,-0.0979967095010545,0.23773584905660378,0.37735849056603776,0.3849056603773585,265,265,0.8113616430534507,1.0
2023-03-08,-0.08670976805820393,0.2298507462686567,0.34328358208955223,0.42686567164179107,335,335,0.8070355032806966,1.0
2023-03-09,-0.07791489554801957,0.27205882352941174,0.3786764705882353,0.3492647058823529,272,272,0.8134406356907943,1.0
2023-03-10,-0.13372102279740658,0.25949367088607594,0.43670886075949367,0.3037974683544304,316,316,0.8087321749970883,1.0
2023-03-13,-0.057711507664757904,0.30268199233716475,0.39846743295019155,0.2988505747126437,261,261,0.8200157808846441,1.0
2023-03-14,-0.026403888467501274,0.2724252491694352,0.3122923588039867,0.4152823920265781,301,301,0.8091073574813894,1.0
2023-03-15,-0.12873438603058457,0.25866666666666666,0.41333333333333333,0.328,375,375,0.8117970159053802,1.0
2023-03-16,0.057943060702197596,0.34796238244514105,0.2413793103448276,0.4106583072100313,319,319,0.7796758909397364,1.0
2023-03-17,-0.04794931442787251,0.28502415458937197,0.34299516908212563,0.3719806763285024,207,207,0.8402309902912177,1.0
2023-03-20,0.17703746389498579,0.4432624113475177,0.2127659574468085,0.34397163120567376,282,282,0.8150329962901189,1.0
2023-03-21,0.14037232320826454,0.3924050632911392,0.25738396624472576,0.350210970464135,237,237,0.8098607346226897,1.0
2023-03-22,0.04860007329058812,0.38372093023255816,0.29941860465116277,0.3168604651162791,344,344,0.7951331628963004,1.0
2023-03-23,0.006675092018990501,0.3629032258064516,0.34139784946236557,0.2956989247311828,372,372,0.7951425661643347,1.0
2023-03-24,0.024451719298390028,0.3435114503816794,0.29770992366412213,0.35877862595419846,262,262,0.8134566307750367,1.0
2023-03-27,0.11290031119732928,0.40977443609022557,0.3082706766917293,0.2819548872180451,266,266,0.8330114544334268,1.0
2023-03-28,0.10654138801093664,0.40725806451612906,0.2661290322580645,0.32661290322580644,248,248,0.8123280958783242,1.0
2023-03-29,-0.05694779458021975,0.3116438356164384,0.3698630136986301,0.3184931506849315,292,292,0.7991498225968178,1.0
2023-03-30,-0.01257491073295198,0.35185185185185186,0.3888888888888889,0.25925925925925924,270,270,0.8348569565349155,1.0
2023-03-31,0.02748661336232105,0.4068965517241379,0.3620689655172414,0.23103448275862068,290,290,0.8098643462205756,1.0
2023-04-03,0.027553793841174665,0.39067055393586003,0.36151603498542273,0.2478134110787172,343,343,0.8175183774430967,1.0
2023-04-04,0.17445957895111422,0.4689655172413793,0.2482758620689655,0.2827586206896552,290,290,0.7994901401215586,1.0
2023-04-05,-0.041575354189467686,0.23098591549295774,0.30140845070422534,0.4676056338028169,355,355,0.8035422809526954,1.0
2023-04-06,-0.03689366642145381,0.31048387096774194,0.38306451612903225,0.3064516129032258,248,248,0.820282214952092,1.0
2023-04-10,-0.015229159394408219,0.33003300330033003,0.35973597359735976,0.3102310231023102,303,303,0.8161951613308179,1.0
2023-04-11,0.12126942966642673,0.421875,0.26953125,0.30859375,256,256,0.8146432822104543,1.0
2023-04-12,0.009915766382279494,0.35,0.35,0.3,300,300,0.8228451400001844,1.0
2023-04-13,-0.008091855725150109,0.31545741324921134,0.35331230283911674,0.3312302839116719,317,317,0.7977750084189587,1.0
2023-04-14,0.04476699788566465,0.3788546255506608,0.3392070484581498,0.28193832599118945,227,227,0.8036094297396454,1.0
2023-04-17,0.16494650528342886,0.4072727272727273,0.24,0.3527272727272727,275,275,0.8041257185285742,1.0
2023-04-18,0.1648599984160123,0.391025641025641,0.2403846153846154,0.3685897435897436,312,312,0.8037118873535058,1.0
2023-04-19,0.02100476087291345,0.3249211356466877,0.3028391167192429,0.3722397476340694,317,317,0.8093968988969122,1.0
2023-04-20,-0.015930393532796856,0.32113821138211385,0.34552845528455284,0.3333333333333333,246,246,0.7936673094102038,1.0
2023-04-21,-0.05418278178753885,0.2747747747747748,0.33783783783783783,0.38738738738738737,222,222,0.8583000078126117,1.0
2023-04-24,0.1610375957416259,0.45726495726495725,0.2564102564102564,0.2863247863247863,234,234,0.8198424798046422,1.0
2023-04-25,0.12132175818062675,0.41975308641975306,0.2757201646090535,0.3045267489711934,243,243,0.8324154458418795,1.0
2023-04-26,0.03300887792076343,0.322884012539185,0.3103448275862069,0.3667711598746082,319,319,0.8175115941273381,1.0
2023-04-27,0.06441124815344551,0.3310104529616725,0.29965156794425085,0.3693379790940767,287,287,0.8282685660942091,1.0
2023-04-28,0.07865075003881737,0.42857142857142855,0.31561461794019935,0.2558139534883721,301,301,0.8075910729427275,1.0
2023-05-01,0.15976091719583788,0.4868421052631579,0.3026315789473684,0.21052631578947367,228,228,0.8365270379081107,1.0
2023-05-02,-0.0014426927427174893,0.34814814814814815,0.34444444444444444,0.3074074074074074,270,270,0.8184835840154577,1.0
2023-05-03,-0.08803322929606745,0.2727272727272727,0.3872053872053872,0.3400673400673401,297,297,0.7986871200779873,1.0
2023-05-04,-0.0002601101555393525,0.2849740932642487,0.2849740932642487,0.43005181347150256,386,386,0.8201952951096501,1.0
2023-05-05,-0.14309802887723308,0.2511013215859031,0.42290748898678415,0.32599118942731276,227,227,0.7907546107464425,1.0
2023-05-08,0.1905492825203805,0.4675324675324675,0.2597402597402597,0.2727272727272727,231,231,0.8033659751023049,1.0
2023-05-09,0.19429368635985267,0.45454545454545453,0.23106060606060605,0.3143939393939394,264,264,0.8110176725595286,1.0
2023-05-10,0.04008476935360613,0.35135135135135137,0.3003003003003003,0.3483483483483483,333,333,0.8072232151174689,1.0
2023-05-11,-0.05036026099696757,0.3022508038585209,0.3729903536977492,0.3247588424437299,311,311,0.8254258652783667,1.0
2023-05-12,-0.06363999593833632,0.2863636363636364,0.33636363636363636,0.37727272727272726,220,220,0.7907178895039992,1.0
2023-05-15,0.20872716023821872,0.42424242424242425,0.2255892255892256,0.3501683501683502,297,297,0.8286766535304613,1.0
2023-05-16,0.08614450045772885,0.3829113924050633,0.3037974683544304,0.31329113924050633,316,316,0.8040973989269401,1.0
2023-05-17,0.045643178130621485,0.3217391304347826,0.2826086956521739,0.39565217391304347,230,230,0.7981738579014074,1.0
2023-05-18,0.06263175150879098,0.3524904214559387,0.2988505747126437,0.3486590038314176,261,261,0.8158186224228577,1.0
2023-05-19,0.18210569436528853,0.3961038961038961,0.2012987012987013,0.4025974025974026,154,154,0.8200427462141235,1.0
2023-05-22,0.2340310075404969,0.42727272727272725,0.21363636363636362,0.35909090909090907,220,220,0.8259488621895964,1.0
2023-05-23,0.15332367968925786,0.3870967741935484,0.20967741935483872,0.4032258064516129,248,248,0.820563449614471,1.0
2023-05-24,0.06876746555259014,0.3389261744966443,0.2986577181208054,0.3624161073825503,298,298,0.7953807143556991,1.0
2023-05-25,0.030612486568162726,0.3225806451612903,0.3046594982078853,0.3727598566308244,279,279,0.8243453312518348,1.0
2023-05-26,0.16893726814078627,0.4069264069264069,0.22943722943722944,0.36363636363636365,231,231,0.8196784413996197,1.0
2023-05-30,0.03606732636815994,0.35945945945945945,0.3027027027027027,0.33783783783783783,370,370,0.8122865173462275,1.0
2023-05-31,-0.017178708562770723,0.3353846153846154,0.35384615384615387,0.31076923076923074,325,325,0.8413436569617345,1.0
2023-06-01,0.0917346662355181,0.358974358974359,0.266025641025641,0.375,312,312,0.7930320993256874,1.0
2023-06-02,0.0665370245063032,0.3712871287128713,0.3069306930693069,0.3217821782178218,202,202,0.8293852223323124,1.0
2023-06-05,0.1003524033129102,0.3799392097264438,0.2917933130699088,0.3282674772036474,329,329,0.797312524271591,1.0
2023-06-06,-0.011358384343184839,0.304029304029304,0.34798534798534797,0.34798534798534797,273,273,0.8199857054175911,1.0
2023-06-07,0.08455260953971719,0.37119113573407203,0.25761772853185594,0.37119113573407203,361,361,0.8114494822527233,1.0
2023-06-08,-0.028318321348848288,0.3049645390070922,0.3617021276595745,0.3333333333333333,282,282,0.8155479458629662,1.0
2023-06-09,0.13338249360708176,0.42152466367713004,0.22869955156950672,0.34977578475336324,223,223,0.8077485499895207,1.0
2023-06-12,0.08894026407044757,0.3876651982378855,0.29515418502202645,0.31718061674008813,227,227,0.8073301113124461,1.0
2023-06-13,0.1725849503422695,0.4358974358974359,0.25274725274725274,0.31135531135531136,273,273,0.8247695692947933,1.0
2023-06-14,-0.10197037926278898,0.2890855457227139,0.41002949852507375,0.3008849557522124,339,339,0.8063027617854003,1.0
2023-06-15,0.05635448181128594,0.334375,0.25,0.415625,320,320,0.8209565362893045,1.0
2023-06-16,0.08359953337287457,0.3788546255506608,0.29955947136563876,0.32158590308370044,227,227,0.809608651940518,1.0
2023-06-20,0.14512402465292681,0.43942992874109266,0.27790973871733965,0.2826603325415677,421,421,0.817562603893869,1.0
2023-06-21,0.14251098179639402,0.4837662337662338,0.30194805194805197,0.21428571428571427,308,308,0.8051895080255224,1.0
2023-06-22,0.12163980643755355,0.4057971014492754,0.2632850241545894,0.3309178743961353,414,414,0.789954227309872,1.0
2023-06-23,0.00834353794998004,0.33884297520661155,0.3140495867768595,0.34710743801652894,242,242,0.8565684719519182,1.0
2023-06-26,0.19786512618111562,0.4315352697095436,0.22406639004149378,0.34439834024896265,241,241,0.8201533722926967,1.0
2023-06-27,0.20537522405720665,0.4609375,0.23046875,0.30859375,256,256,0.8022490337025374,1.0
2023-06-28,0.14399487679178008,0.47346938775510206,0.2979591836734694,0.22857142857142856,245,245,0.8205842334396986,1.0
2023-06-29,0.17727047117572944,0.4552238805970149,0.2574626865671642,0.2873134328358209,268,268,0.8174211812108311,1.0
2023-06-30,-0.03237126393330489,0.3813559322033898,0.4322033898305085,0.1864406779661017,236,236,0.8237676668470189,1.0
2023-07-03,-0.035842507669926305,0.3278008298755187,0.34439834024896265,0.3278008298755187,241,241,0.8047769900674148,1.0
2023-07-05,0.06159512405756159,0.37971014492753624,0.3188405797101449,0.30144927536231886,345,345,0.8258532162161841,1.0
2023-07-06,-0.024812847199720732,0.32209737827715357,0.3295880149812734,0.34831460674157305,267,267,0.7982514534103736,1.0
2023-07-07,0.022019330602736524,0.4050632911392405,0.33755274261603374,0.25738396624472576,237,237,0.8125829813601095,1.0
2023-07-10,0.062284406732048894,0.40350877192982454,0.3201754385964912,0.27631578947368424,228,228,0.8431473933813864,1.0
2023-07-11,0.18914152256390696,0.48638132295719844,0.2607003891050584,0.2529182879377432,257,257,0.8292090510116014,1.0
2023-07-12,0.07129354637336377,0.38338658146964855,0.28434504792332266,0.33226837060702874,313,313,0.8289873725690019,1.0
2023-07-13,0.043796464258435176,0.39325842696629215,0.33707865168539325,0.2696629213483146,267,267,0.8299664286861705,1.0
2023-07-14,0.1305900213584228,0.3673469387755102,0.22959183673469388,0.4030612244897959,196,196,0.8301805438739913,1.0
2023-07-17,0.05804060301243408,0.40939597315436244,0.33557046979865773,0.2550335570469799,298,298,0.8261942581442379,1.0
2023-07-18,0.15451174992892258,0.4386792452830189,0.2783018867924528,0.2830188679245283,212,212,0.8152005633093277,1.0
2023-07-19,-0.07387651870441106,0.2974910394265233,0.3655913978494624,0.33691756272401435,279,279,0.8183202485029842,1.0
2023-07-20,0.20319624403752126,0.43006993006993005,0.1993006993006993,0.3706293706293706,286,286,0.8217110377508443,1.0
2023-07-21,0.15174225853880888,0.4536082474226804,0.28350515463917525,0.26288659793814434,194,194,0.8209113821233671,1.0
2023-07-24,0.059952195973414245,0.34306569343065696,0.28102189781021897,0.3759124087591241,274,274,0.8356315757888947,1.0
2023-07-25,0.10589939604815618,0.37719298245614036,0.29385964912280704,0.32894736842105265,228,228,0.8165800316553367,1.0
2023-07-26,0.031015688230683652,0.36462093862815886,0.33574007220216606,0.2996389891696751,277,277,0.8047407923622683,1.0
2023-07-27,0.11142352647133566,0.3862928348909657,0.2523364485981308,0.3613707165109034,321,321,0.813665639852809,1.0
2023-07-28,-0.04315543730526456,0.2801724137931034,0.3793103448275862,0.34051724137931033,232,232,0.8051325949872362,1.0
2023-07-31,0.14450791847909195,0.4541284403669725,0.29357798165137616,0.25229357798165136,218,218,0.82574958757523,1.0
2023-08-01,-0.05852060161501639,0.31496062992125984,0.37401574803149606,0.3110236220472441,254,254,0.8405001371160267,1.0
2023-08-02,-0.23641230832159954,0.20802919708029197,0.4854014598540146,0.30656934306569344,274,274,0.8267464283173972,1.0
2023-08-03,0.022648570994560666,0.3333333333333333,0.30363036303630364,0.36303630363036304,303,303,0.8060506262598258,1.0
2023-08-04,-0.12107535473597772,0.2540983606557377,0.4262295081967213,0.319672131147541,244,244,0.817671825895544,1.0
2023-08-07,-0.08831181310988204,0.2777777777777778,0.42592592592592593,0.2962962962962963,216,216,0.8252413056238934,1.0
2023-08-08,0.0017878039933504886,0.2852112676056338,0.2676056338028169,0.4471830985915493,284,284,0.8106405279586013,1.0
2023-08-09,0.11435991994244611,0.3661417322834646,0.25984251968503935,0.37401574803149606,254,254,0.8218085024300523,1.0
2023-08-10,0.0884535220064402,0.38144329896907214,0.27835051546391754,0.3402061855670103,291,291,0.8140272369089815,1.0
2023-08-11,0.11546670399883832,0.41346153846153844,0.27403846153846156,0.3125,208,208,0.8223232611154134,1.0
2023-08-14,0.11828300865828363,0.411214953271028,0.2897196261682243,0.29906542056074764,214,214,0.8468151469932539,1.0
2023-08-15,0.08223517502740245,0.375,0.3125,0.3125,272,272,0.8166335054180202,1.0
2023-08-16,-0.07986357972177482,0.29069767441860467,0.3875968992248062,0.32170542635658916,258,258,0.796833104403444,1.0
2023-08-17,0.10824228101001497,0.3684210526315789,0.25,0.3815789473684211,228,228,0.8163945350730628,1.0
2023-08-18,-0.036816449015168486,0.24375,0.3,0.45625,160,160,0.8337762443348765,1.0
2023-08-21,0.01820644719283217,0.30869565217391304,0.30434782608695654,0.3869565217391304,230,230,0.8283915438081907,1.0
2023-08-22,0.04423523550476743,0.3316062176165803,0.29533678756476683,0.37305699481865284,193,193,0.8311456256579859,1.0
2023-08-23,-0.04765238647308686,0.27759197324414714,0.3277591973244147,0.39464882943143814,299,299,0.8366687133360069,1.0
2023-08-24,0.10943376788974324,0.4069264069264069,0.2943722943722944,0.2987012987012987,231,231,0.835424352259863,1.0
2023-08-25,-0.07605295882992157,0.29608938547486036,0.40782122905027934,0.29608938547486036,179,179,0.8274732768202627,1.0
2023-08-28,0.09682769706586793,0.37755102040816324,0.2653061224489796,0.35714285714285715,196,196,0.8062313373903839,1.0
2023-08-29,0.14720458599368405,0.39768339768339767,0.25096525096525096,0.35135135135135137,259,259,0.8054566923025492,1.0
2023-08-30,0.02283446566545801,0.31528662420382164,0.28662420382165604,0.3980891719745223,314,314,0.798260274111845,1.0
2023-08-31,0.04961331447419721,0.35019455252918286,0.27626459143968873,0.3735408560311284,257,257,0.8132295805656492,1.0
2023-09-01,0.011868059536052003,0.34459459459459457,0.32094594594594594,0.3344594594594595,296,296,0.7969555165115241,1.0
2023-09-05,0.059618931429037535,0.3577023498694517,0.3002610966057441,0.34203655352480417,383,383,0.7915832808061306,1.0
2023-09-06,-0.0030332052335692583,0.2831858407079646,0.30383480825958703,0.41297935103244837,339,339,0.8104850803680477,1.0
2023-09-07,-0.04252527303772398,0.33003300330033003,0.3432343234323432,0.32673267326732675,303,303,0.8099710587227699,1.0
2023-09-08,0.025562291781950203,0.3482142857142857,0.3392857142857143,0.3125,224,224,0.803572291508317,1.0
2023-09-11,0.17869209728480592,0.4671814671814672,0.28185328185328185,0.25096525096525096,259,259,0.8248066767532393,1.0
2023-09-12,0.09144137679281347,0.344311377245509,0.27844311377245506,0.3772455089820359,334,334,0.8153093775767766,1.0
2023-09-13,-0.008009843316478997,0.3253012048192771,0.3192771084337349,0.35542168674698793,332,332,0.7928718311420406,1.0
2023-09-14,0.15826369380683414,0.3916913946587537,0.20474777448071216,0.4035608308605341,337,337,0.7724571630402913,1.0
2023-09-15,0.17999411533680668,0.46788990825688076,0.26146788990825687,0.2706422018348624,218,218,0.833355017348167,1.0
2023-09-18,0.17383100801922438,0.4618320610687023,0.2748091603053435,0.2633587786259542,262,262,0.8154597913718405,1.0
2023-09-19,0.13056130721731093,0.40129449838187703,0.2459546925566343,0.35275080906148865,309,309,0.8068490526051197,1.0
2023-09-20,0.002413301985116972,0.34202898550724636,0.3333333333333333,0.32463768115942027,345,345,0.7899560402268949,1.0
2023-09-21,0.04576340106727682,0.3560830860534125,0.3115727002967359,0.3323442136498516,337,337,0.8061189089047802,1.0
2023-09-22,0.0964324251771063,0.3493975903614458,0.23293172690763053,0.41767068273092367,249,249,0.8248867009538244,1.0
2023-09-25,0.11540072635103361,0.3920704845814978,0.2907488986784141,0.31718061674008813,227,227,0.8112777279862223,1.0
2023-09-26,0.12226450837025528,0.4338235294117647,0.29411764705882354,0.27205882352941174,272,272,0.8278727236696902,1.0
2023-09-27,0.07264336921306777,0.35172413793103446,0.30344827586206896,0.3448275862068966,290,290,0.7947780630711851,1.0
2023-09-28,0.16307466572855928,0.40808823529411764,0.23897058823529413,0.35294117647058826,272,272,0.8153892681002617,1.0
2023-09-29,-0.028240775666894646,0.3656716417910448,0.373134328358209,0.26119402985074625,268,268,0.7967666953579703,1.0
2023-10-02,0.10633784056153672,0.41015625,0.28515625,0.3046875,256,256,0.8287805656436831,1.0
2023-10-03,0.1659955581375084,0.41968911917098445,0.23834196891191708,0.34196891191709844,193,193,0.8096953792584375,1.0
2023-10-04,-0.015125310460657437,0.3,0.32592592592592595,0.37407407407407406,270,270,0.8310411957678971,1.0
2023-10-05,-0.09652264897559523,0.22448979591836735,0.35374149659863946,0.4217687074829932,294,294,0.8198435910704995,1.0
2023-10-06,-0.11515195311333698,0.3076923076923077,0.4358974358974359,0.2564102564102564,234,234,0.7766920321772242,1.0
2023-10-09,0.04803629042408256,0.3851851851851852,0.32222222222222224,0.29259259259259257,270,270,0.7815214105226376,1.0
2023-10-10,0.041925251619283885,0.36046511627906974,0.3023255813953488,0.3372093023255814,258,258,0.825472122014955,1.0
2023-10-11,-0.002676047782773056,0.3029045643153527,0.3278008298755187,0.36929460580912865,241,241,0.8042572741686556,1.0
2023-10-12,0.13257859539834485,0.41739130434782606,0.2898550724637681,0.2927536231884058,345,345,0.8042569201925527,1.0
2023-10-13,0.06737977880948164,0.3984375,0.3203125,0.28125,256,256,0.8094731763703749,1.0
2023-10-16,0.20136051722948395,0.43946188340807174,0.23318385650224216,0.3273542600896861,223,223,0.8227308361786898,1.0
2023-10-17,0.21326230547113462,0.45390070921985815,0.20921985815602837,0.33687943262411346,282,282,0.7902553572933725,1.0
2023-10-18,0.14184320379152066,0.44135802469135804,0.25925925925925924,0.2993827160493827,324,324,0.7964754854271441,1.0
2023-10-19,0.09509417387322121,0.3665480427046263,0.24199288256227758,0.3914590747330961,281,281,0.7899008876912534,1.0
2023-10-20,-0.07795520520840701,0.3076923076923077,0.40512820512820513,0.28717948717948716,195,195,0.8365313065357697,1.0
2023-10-23,0.1220116645078981,0.42953020134228187,0.28523489932885904,0.28523489932885904,298,298,0.8100707178947909,1.0
2023-10-24,0.007137290408111205,0.3489208633093525,0.3345323741007194,0.31654676258992803,278,278,0.8241800115906077,1.0
2023-10-25,0.15861563636413353,0.3977272727272727,0.23863636363636365,0.36363636363636365,264,264,0.8169022378596392,1.0
2023-10-26,0.07415084864589429,0.34523809523809523,0.2916666666666667,0.3630952380952381,336,336,0.8069033118053561,1.0
2023-10-27,0.16661902561124103,0.44166666666666665,0.225,0.3333333333333333,240,240,0.821271750703454,1.0
2023-10-30,0.05811906202619237,0.38721804511278196,0.34210526315789475,0.2706766917293233,266,266,0.8070025908991807,1.0
2023-10-31,-0.030808825503095057,0.32432432432432434,0.3813813813813814,0.29429429429429427,333,333,0.812935944076057,1.0
2023-11-01,0.0670263672608041,0.3812316715542522,0.3225806451612903,0.2961876832844575,341,341,0.8031194074587389,1.0
2023-11-02,0.15160543586799494,0.3664772727272727,0.21875,0.4147727272727273,352,352,0.799292326735502,1.0
2023-11-03,-0.06161763917078221,0.31746031746031744,0.36507936507936506,0.31746031746031744,252,252,0.8265272691136315,1.0
2023-11-06,0.13909277866272382,0.37593984962406013,0.22932330827067668,0.39473684210526316,266,266,0.823042598770077,1.0
2023-11-07,0.051277975652030565,0.3125,0.2708333333333333,0.4166666666666667,288,288,0.8105967351131969,1.0
2023-11-08,0.07628119178729033,0.3333333333333333,0.27631578947368424,0.39035087719298245,228,228,0.8253305167482611,1.0
2023-11-09,0.2234941764955262,0.45864661654135336,0.21804511278195488,0.3233082706766917,266,266,0.8010691989185219,1.0
2023-11-10,0.09323213441263235,0.40825688073394495,0.27522935779816515,0.3165137614678899,218,218,0.8302316017653963,1.0
2023-11-13,0.3487061375733465,0.532,0.164,0.304,250,250,0.8376201046705246,1.0
2023-11-14,0.06445680736084537,0.373134328358209,0.30597014925373134,0.3208955223880597,268,268,0.8207275941967964,1.0
2023-11-15,-0.058348225511323945,0.27384615384615385,0.3507692307692308,0.37538461538461537,325,325,0.8278818004864913,1.0
2023-11-16,0.0010621050001736398,0.3070539419087137,0.3278008298755187,0.3651452282157676,241,241,0.8189681314581163,1.0
2023-11-17,0.07317003371521764,0.34763948497854075,0.2575107296137339,0.3948497854077253,233,233,0.8324359197473321,1.0
2023-11-20,0.1749923128799926,0.43951612903225806,0.21370967741935484,0.3467741935483871,248,248,0.8239495001973645,1.0
2023-11-21,0.14057400026037517,0.4103448275862069,0.23448275862068965,0.35517241379310344,290,290,0.8046552552231427,1.0
2023-11-22,-0.0896201874717678,0.22456140350877193,0.38596491228070173,0.3894736842105263,285,285,0.8075130502382915,1.0
2023-11-24,0.046129667340861956,0.34579439252336447,0.2866043613707165,0.367601246105919,321,321,0.8186879602733802,1.0
2023-11-27,0.11488147574373417,0.44,0.28,0.28,225,225,0.8397171477476756,1.0
2023-11-28,0.18507642345994868,0.43309859154929575,0.2112676056338028,0.35563380281690143,284,284,0.8376946683290979,1.0
2023-11-29,0.13661424143580148,0.4358974358974359,0.2692307692307692,0.2948717948717949,312,312,0.801356825308922,1.0
2023-11-30,-0.03221034433192692,0.31268436578171094,0.35398230088495575,0.3333333333333333,339,339,0.8137261863127571,1.0
2023-12-01,0.00368703151137655,0.29914529914529914,0.32051282051282054,0.3803418803418803,234,234,0.8154538825281665,1.0
2023-12-04,0.1023906852768191,0.3837638376383764,0.25092250922509224,0.36531365313653136,271,271,0.7989030590356496,1.0
2023-12-05,0.18576592615683202,0.4416058394160584,0.23357664233576642,0.3248175182481752,274,274,0.8250181258377367,1.0
2023-12-06,0.003546390771950783,0.30618892508143325,0.28338762214983715,0.41042345276872966,307,307,0.8161688441174038,1.0
2023-12-07,0.17117587572410087,0.4214876033057851,0.25206611570247933,0.32644628099173556,242,242,0.8074055442140122,1.0
2023-12-08,0.09401408158732155,0.39416058394160586,0.2664233576642336,0.33941605839416056,274,274,0.7950944878759175,1.0
2023-12-11,0.10804524414650186,0.3554006968641115,0.24041811846689895,0.40418118466898956,287,287,0.8334121150629861,1.0
2023-12-12,0.12055509783302493,0.3771043771043771,0.25925925925925924,0.36363636363636365,297,297,0.8311210636940066,1.0
2023-12-13,0.04368336621395749,0.3028391167192429,0.26498422712933756,0.43217665615141954,317,317,0.8160355516036603,1.0
2023-12-14,0.10002046580160302,0.4057142857142857,0.2542857142857143,0.34,350,350,0.795100947022438,1.0
2023-12-15,0.04071787180081287,0.31226765799256506,0.241635687732342,0.44609665427509293,269,269,0.8321572872342673,1.0
2023-12-18,0.267081788853191,0.45714285714285713,0.1673469387755102,0.37551020408163266,245,245,0.8066372843421236,1.0
2023-12-19,0.15063479953654565,0.363265306122449,0.23673469387755103,0.4,245,245,0.7967558943495459,1.0
2023-12-20,-0.0165989009667477,0.3275862068965517,0.34051724137931033,0.33189655172413796,232,232,0.8234398338044512,1.0
2023-12-21,0.008295543562461982,0.2985781990521327,0.3175355450236967,0.38388625592417064,211,211,0.8398758702651019,1.0
2023-12-22,0.10533870605286211,0.4153225806451613,0.2782258064516129,0.3064516129032258,248,248,0.816697945638049,1.0
2023-12-26,0.0573532001887874,0.34108527131782945,0.3023255813953488,0.35658914728682173,129,129,0.8121069119882214,1.0
2023-12-27,-0.06303352069539521,0.3230769230769231,0.36923076923076925,0.3076923076923077,130,130,0.8513512998819351,1.0
2023-12-28,-0.048796036625977895,0.23129251700680273,0.30612244897959184,0.46258503401360546,147,147,0.7919261108855812,1.0
2023-12-29,-0.13181163765142087,0.21978021978021978,0.3516483516483517,0.42857142857142855,91,91,0.8251892799859518,1.0
2024-01-02,-0.06423350474492551,0.2850467289719626,0.3691588785046729,0.34579439252336447,214,214,0.8107626935310452,1.0
2024-01-03,0.03923533058259636,0.395,0.35,0.255,200,200,0.8177269819378853,1.0
2024-01-04,0.03503203902477657,0.2847222222222222,0.2465277777777778,0.46875,288,288,0.8090807922805349,1.0
2024-01-05,-0.006377446115016943,0.34,0.348,0.312,250,250,0.8261016627550125,1.0
2024-01-08,0.026870120158751617,0.32142857142857145,0.3080357142857143,0.3705357142857143,224,224,0.8232044874291334,1.0
2024-01-09,0.05599415138321913,0.3311897106109325,0.2540192926045016,0.41479099678456594,311,311,0.8065045242140914,1.0
2024-01-10,0.02910708504777144,0.3017241379310345,0.27586206896551724,0.4224137931034483,232,232,0.8117931496737332,1.0
2024-01-11,0.0807590529694417,0.36363636363636365,0.2845849802371542,0.35177865612648224,253,253,0.7845152287850738,1.0
2024-01-12,-0.08962112328770352,0.2977941176470588,0.41544117647058826,0.2867647058823529,272,272,0.8102075232959846,1.0
2024-01-16,0.13364166930838386,0.42725173210161665,0.2678983833718245,0.30484988452655887,433,433,0.8079377446521513,1.0
2024-01-17,-0.002201972996521288,0.3063973063973064,0.32323232323232326,0.37037037037037035,297,297,0.8129319234528526,1.0
2024-01-18,0.05008648350593392,0.29259259259259257,0.22592592592592592,0.48148148148148145,270,270,0.8052515451554899,1.0
2024-01-19,0.04777714429898575,0.3697916666666667,0.28125,0.3489583333333333,192,192,0.8101186460504929,1.0
2024-01-22,0.028515842624914804,0.35135135135135137,0.2972972972972973,0.35135135135135137,185,185,0.8214959792188696,1.0
2024-01-23,0.021024415727394313,0.3,0.3125,0.3875,240,240,0.7939900857706864,1.0
2024-01-24,0.030479223432860553,0.2838709677419355,0.267741935483871,0.4483870967741935,310,310,0.8162221264454627,1.0
2024-01-25,0.08171601927542753,0.33440514469453375,0.24115755627009647,0.42443729903536975,311,311,0.8008402667436569,1.0
2024-01-26,0.09626339413807727,0.4166666666666667,0.2864583333333333,0.296875,192,192,0.8196383421309292,1.0
2024-01-29,0.056856361020786256,0.36923076923076925,0.3,0.33076923076923076,260,260,0.835675796178671,1.0
2024-01-30,0.1126122328143422,0.36042402826855124,0.2579505300353357,0.38162544169611307,283,283,0.8137088323229194,1.0
2024-01-31,0.04223774044577955,0.3211009174311927,0.3058103975535168,0.3730886850152905,327,327,0.8072550279467113,1.0
2024-02-01,-0.057826946246886814,0.22330097087378642,0.313915857605178,0.4627831715210356,309,309,0.8048899321301469,1.0
2024-02-02,0.02908439981039472,0.32075471698113206,0.29245283018867924,0.3867924528301887,212,212,0.8208918204566218,1.0
2024-02-05,0.12519362366037967,0.34765625,0.21484375,0.4375,256,256,0.824433941510506,1.0
2024-02-06,0.10435300199027284,0.32432432432432434,0.23938223938223938,0.4362934362934363,259,259,0.8222926679034951,1.0
2024-02-07,0.062232181646340964,0.3076923076923077,0.22408026755852842,0.4682274247491639,299,299,0.81281012067428,1.0
2024-02-08,0.02377608299138955,0.265625,0.30078125,0.43359375,256,256,0.8131915401900187,1.0
2024-02-09,0.08124384861814135,0.40229885057471265,0.27011494252873564,0.3275862068965517,174,174,0.816227435380563,1.0
2024-02-12,0.15173763365351728,0.4057142857142857,0.22285714285714286,0.37142857142857144,175,175,0.8237277914796557,1.0
2024-02-13,0.14681306622214307,0.384297520661157,0.2603305785123967,0.35537190082644626,242,242,0.8271956180245423,1.0
2024-02-14,-0.04743108955427897,0.2463768115942029,0.32608695652173914,0.427536231884058,276,276,0.8081372783019922,1.0
2024-02-15,-0.09164624204624842,0.24842767295597484,0.39622641509433965,0.3553459119496855,318,318,0.8227318647147724,1.0
2024-02-16,0.20759699792131311,0.42792792792792794,0.15315315315315314,0.4189189189189189,222,222,0.8346293485379433,1.0
2024-02-20,0.13482561831406023,0.3415233415233415,0.20147420147420148,0.457002457002457,407,407,0.8193065773064147,1.0
2024-02-21,0.0965549032472373,0.3175182481751825,0.20802919708029197,0.4744525547445255,274,274,0.8400888295069228,1.0
2024-02-22,0.08387479046877058,0.3111111111111111,0.24444444444444444,0.4444444444444444,360,360,0.8270582020282745,1.0
2024-02-23,0.044165351348325464,0.3472222222222222,0.3101851851851852,0.3425925925925926,216,216,0.8503381041464982,1.0
2024-02-26,0.18088531910212008,0.39826839826839827,0.22077922077922077,0.38095238095238093,231,231,0.8585819599432346,1.0
2024-02-27,0.15995583116100767,0.3992673992673993,0.23809523809523808,0.3626373626373626,273,273,0.8329557146563198,1.0
2024-02-28,0.005123042832031012,0.2902097902097902,0.32517482517482516,0.38461538461538464,286,286,0.8029064914354911,1.0
2024-02-29,0.10993556080994984,0.36538461538461536,0.25,0.38461538461538464,364,364,0.7974409768050843,1.0
2024-03-01,-0.021631577919152652,0.2727272727272727,0.27636363636363637,0.4509090909090909,275,275,0.8094299896196886,1.0
2024-03-04,0.20235788542130548,0.4131944444444444,0.17708333333333334,0.4097222222222222,288,288,0.8258862428160177,1.0
2024-03-05,0.08564047969117336,0.2974683544303797,0.2563291139240506,0.4462025316455696,316,316,0.8224220026897479,1.0
2024-03-06,0.08885887214149407,0.30578512396694213,0.19559228650137742,0.4986225895316804,363,363,0.8231077560380142,1.0
2024-03-07,-0.006162018996509739,0.24242424242424243,0.265993265993266,0.49158249158249157,297,297,0.8071714978828173,1.0
2024-03-08,-0.05253599043897984,0.31451612903225806,0.3870967741935484,0.29838709677419356,248,248,0.8128554228573076,1.0
2024-03-11,0.13200126128635348,0.40225563909774437,0.24060150375939848,0.35714285714285715,266,266,0.8129656584863376,1.0
2024-03-12,0.12264476452441431,0.3583061889250814,0.2280130293159609,0.41368078175895767,307,307,0.807311707870968,1.0
2024-03-13,0.14115039530888146,0.34558823529411764,0.18382352941176472,0.47058823529411764,272,272,0.8153844136087334,1.0
2024-03-14,0.2003172450471951,0.42016806722689076,0.19747899159663865,0.38235294117647056,238,238,0.8224793254327374,1.0
2024-03-15,0.1948690035323043,0.4597156398104265,0.22748815165876776,0.3127962085308057,211,211,0.8371879979614963,1.0
2024-03-18,0.22893482856531058,0.4219409282700422,0.19831223628691982,0.379746835443038,237,237,0.8136348622509196,1.0
2024-03-19,0.15441165594208353,0.43018867924528303,0.25660377358490566,0.3132075471698113,265,265,0.8101794131521909,1.0
2024-03-20,-0.025553336812426216,0.26421404682274247,0.2976588628762542,0.43812709030100333,299,299,0.828561573821964,1.0
2024-03-21,0.01835731892963876,0.3002680965147453,0.2949061662198391,0.40482573726541554,373,373,0.797897070246791,1.0
2024-03-22,0.06858689491415307,0.35714285714285715,0.3,0.34285714285714286,210,210,0.8215028759979066,1.0
2024-03-25,0.14437854400535155,0.4163424124513619,0.24124513618677043,0.3424124513618677,257,257,0.8040738689064516,1.0
2024-03-26,-0.031070356847803036,0.32272727272727275,0.35909090909090907,0.3181818181818182,220,220,0.826840382408012,1.0
2024-03-27,0.038101786755146534,0.32926829268292684,0.2886178861788618,0.3821138211382114,246,246,0.8309508083554787,1.0
2024-03-28,0.18422070703569002,0.4,0.21785714285714286,0.3821428571428571,280,280,0.8021847378994738,1.0
2024-04-01,0.1849006483833312,0.39361702127659576,0.20212765957446807,0.40425531914893614,282,282,0.7850850616575132,1.0
2024-04-02,0.18617316309246235,0.39166666666666666,0.19166666666666668,0.4166666666666667,240,240,0.7855965425570806,1.0
2024-04-03,-0.006261563401915568,0.2892561983471074,0.3140495867768595,0.39669421487603307,242,242,0.7889111317878912,1.0
2024-04-04,0.17390417970406513,0.34814814814814815,0.1814814814814815,0.4703703703703704,270,270,0.8026159719184592,1.0
2024-04-05,0.04301026415245735,0.3805668016194332,0.3360323886639676,0.2834008097165992,247,247,0.7980053003741662,1.0
2024-04-08,0.25320665547835897,0.45075757575757575,0.16287878787878787,0.38636363636363635,264,264,0.8140205819949959,1.0
2024-04-09,0.2525480885875925,0.4816326530612245,0.23265306122448978,0.2857142857142857,245,245,0.8197947253986281,1.0
2024-04-10,0.13616978577900704,0.3859060402684564,0.22483221476510068,0.38926174496644295,298,298,0.7870221931062289,1.0
2024-04-11,0.016734970481142048,0.30916030534351147,0.32061068702290074,0.3702290076335878,262,262,0.8184439513747018,1.0
2024-04-12,0.1283416325539543,0.4525862068965517,0.25,0.2974137931034483,232,232,0.7953255501543653,1.0
2024-04-15,0.016420988410256167,0.3257918552036199,0.3031674208144796,0.37104072398190047,221,221,0.8011697350044595,1.0
2024-04-16,0.14911925535004839,0.42857142857142855,0.2593984962406015,0.31203007518796994,266,266,0.8180006609151238,1.0
2024-04-17,0.04658607498193227,0.39568345323741005,0.3057553956834532,0.29856115107913667,278,278,0.7924900981162092,1.0
2024-04-18,0.03672050670362435,0.3717948717948718,0.3076923076923077,0.32051282051282054,234,234,0.8315168806375601,1.0
2024-04-19,0.008100663486126617,0.4028436018957346,0.3886255924170616,0.20853080568720378,211,211,0.804434838876905,1.0
2024-04-22,0.051081779632820845,0.33796296296296297,0.30092592592592593,0.3611111111111111,216,216,0.8245715195382083,1.0
2024-04-23,0.1326065774169541,0.4069767441860465,0.2364341085271318,0.35658914728682173,258,258,0.8266351403192033,1.0
2024-04-24,0.1022130957046043,0.40725806451612906,0.2782258064516129,0.31451612903225806,248,248,0.8124271455791688,1.0
2024-04-25,0.12701975412045916,0.4,0.27555555555555555,0.3244444444444444,225,225,0.8248152010970645,1.0
2024-04-26,0.1667421986130958,0.4553191489361702,0.2680851063829787,0.2765957446808511,235,235,0.8034342778489945,1.0
2024-04-29,0.10047256052914438,0.40625,0.2708333333333333,0.3229166666666667,288,288,0.8179048404304518,1.0
2024-04-30,0.06567417661832689,0.3866279069767442,0.32848837209302323,0.28488372093023256,344,344,0.8014714567987031,1.0
2024-05-01,-0.02709474839235938,0.3211009174311927,0.3669724770642202,0.3119266055045872,218,218,0.8290553952849239,1.0
2024-05-02,0.029547095664538885,0.28391167192429023,0.29337539432176657,0.4227129337539432,317,317,0.8330169099174464,1.0
2024-05-03,-0.09256740311816843,0.2897727272727273,0.3977272727272727,0.3125,176,176,0.8281222344799475,1.0
2024-05-06,0.2769403013824062,0.5227272727272727,0.18636363636363637,0.2909090909090909,220,220,0.8251326356421818,1.0
2024-05-07,0.1348849958253663,0.3880597014925373,0.2462686567164179,0.3656716417910448,268,268,0.813574457124098,1.0
2024-05-08,0.12990343320577336,0.391304347826087,0.25691699604743085,0.35177865612648224,253,253,0.8160056970100629,1.0
2024-05-09,0.1579348752881643,0.41596638655462187,0.21428571428571427,0.3697478991596639,238,238,0.7899614809190526,1.0
2024-05-10,0.07855116190481544,0.35269709543568467,0.2821576763485477,0.3651452282157676,241,241,0.8023058586595464,1.0
2024-05-13,0.24249578172457403,0.45,0.23333333333333334,0.31666666666666665,240,240,0.8132586513956388,1.0
2024-05-14,-0.01716550471284331,0.3236514522821577,0.34854771784232363,0.3278008298755187,241,241,0.8179605540150924,1.0
2024-05-15,0.029647612912429972,0.32919254658385094,0.2981366459627329,0.37267080745341613,322,322,0.8131189026077341,1.0
2024-05-16,0.19538244650660394,0.4097222222222222,0.19444444444444445,0.3958333333333333,288,288,0.8266270733955834,1.0
2024-05-17,0.07638089389399473,0.3953488372093023,0.28488372093023256,0.31976744186046513,172,172,0.8174260764621025,1.0
2024-05-20,0.18903153906774958,0.4597156398104265,0.23222748815165878,0.3080568720379147,211,211,0.8027549809754178,1.0
2024-05-21,0.16558540025360735,0.4588235294117647,0.27450980392156865,0.26666666666666666,255,255,0.8206809618893791,1.0
2024-05-22,0.01980108839993858,0.33455882352941174,0.29411764705882354,0.3713235294117647,272,272,0.790698208133964,1.0
2024-05-23,0.07974411073177519,0.3333333333333333,0.26523297491039427,0.4014336917562724,279,279,0.8055962830461482,1.0
2024-05-24,0.017886744848298795,0.3446601941747573,0.3446601941747573,0.3106796116504854,206,206,0.8277508872515947,1.0
2024-05-28,0.21016850002691714,0.4227129337539432,0.19242902208201892,0.38485804416403785,317,317,0.8241868006882231,1.0
2024-05-29,0.09095887083094567,0.375,0.2962962962962963,0.3287037037037037,216,216,0.8337847899507593,1.0
2024-05-30,0.037818570880388674,0.32,0.28363636363636363,0.39636363636363636,275,275,0.8265712015195327,1.0
2024-05-31,0.06736430220735201,0.40234375,0.31640625,0.28125,256,256,0.8202043568016961,1.0
2024-06-03,0.09774253330009426,0.3502994011976048,0.2634730538922156,0.38622754491017963,334,334,0.8356984060503052,1.0
2024-06-04,-0.00181672959949758,0.33620689655172414,0.3448275862068966,0.31896551724137934,232,232,0.8158436706610794,1.0
2024-06-05,0.08225621104723325,0.34074074074074073,0.2777777777777778,0.3814814814814815,270,270,0.80283268502465,1.0
2024-06-06,0.10611756920003362,0.32903225806451614,0.25483870967741934,0.4161290322580645,310,310,0.7832059119016893,1.0
2024-06-07,-0.007206797969826889,0.35267857142857145,0.35714285714285715,0.29017857142857145,224,224,0.8033602404009018,1.0
2024-06-10,0.04464659211054608,0.375,0.3235294117647059,0.3014705882352941,272,272,0.8339772779932794,1.0
2024-06-11,0.126786666433005,0.391705069124424,0.25806451612903225,0.35023041474654376,217,217,0.7964608503102157,1.0
2024-06-12,0.029165031357553765,0.2902208201892745,0.2744479495268139,0.4353312302839117,317,317,0.7960430711789838,1.0
2024-06-13,0.09214832246703862,0.31140350877192985,0.2543859649122807,0.4342105263157895,228,228,0.8181734401405903,1.0
2024-06-14,-0.035864142067844,0.25,0.32926829268292684,0.42073170731707316,164,164,0.8257071882849787,1.0
2024-06-17,0.18355223260566658,0.4473684210526316,0.21929824561403508,0.3333333333333333,228,228,0.826540629983994,1.0
2024-06-18,0.15930337801892094,0.4362934362934363,0.2548262548262548,0.3088803088803089,259,259,0.8393939573562283,1.0
2024-06-20,0.11745712088706003,0.3599137931034483,0.2435344827586207,0.39655172413793105,464,464,0.7974045768637081,1.0
2024-06-21,0.11302471830795455,0.35148514851485146,0.22772277227722773,0.4207920792079208,202,202,0.8384221117980409,1.0
2024-06-24,0.24415709015809828,0.5288888888888889,0.24888888888888888,0.2222222222222222,225,225,0.8419268279605442,1.0
2024-06-25,0.044221141729359474,0.32170542635658916,0.29457364341085274,0.38372093023255816,258,258,0.8098066624744918,1.0
2024-06-26,0.019278481732702475,0.32075471698113206,0.30943396226415093,0.36981132075471695,265,265,0.7854799125554427,1.0
2024-06-27,0.28885282540770046,0.4721189591078067,0.16728624535315986,0.36059479553903345,269,269,0.8155177798412989,1.0
2024-06-28,0.1759150787238106,0.44621513944223107,0.23107569721115537,0.32270916334661354,251,251,0.8249760703499098,1.0
2024-07-01,0.09921908081159928,0.3625,0.25833333333333336,0.37916666666666665,240,240,0.8387845065444708,1.0
2024-07-02,0.1343366214550685,0.4,0.26046511627906976,0.3395348837209302,215,215,0.8148790298506271,1.0
2024-07-03,-0.0028421793180090854,0.3249097472924188,0.3104693140794224,0.36462093862815886,277,277,0.8213946147946244,1.0
2024-07-05,0.01706171850008624,0.36507936507936506,0.35555555555555557,0.27936507936507937,315,315,0.822860175181949,1.0
2024-07-08,0.03342205454436145,0.38860103626943004,0.3160621761658031,0.29533678756476683,193,193,0.8477179327777012,1.0
2024-07-09,0.018361746474581116,0.2692307692307692,0.2692307692307692,0.46153846153846156,208,208,0.8366114982905296,1.0
2024-07-10,5.89566096069513e-05,0.2753623188405797,0.2971014492753623,0.427536231884058,276,276,0.8047535017780636,1.0
2024-07-11,0.0509904718255975,0.35507246376811596,0.3079710144927536,0.33695652173913043,276,276,0.8044514634471008,1.0
2024-07-12,0.0191026627374247,0.3812154696132597,0.3259668508287293,0.292817679558011,181,181,0.8077683223215915,1.0
2024-07-15,-0.0008210643344292708,0.32142857142857145,0.32589285714285715,0.35267857142857145,224,224,0.8153141119650432,1.0
2024-07-16,0.05428996748560166,0.375,0.31640625,0.30859375,256,256,0.820061854319647,1.0
2024-07-17,0.11892563833423671,0.3602941176470588,0.23161764705882354,0.40808823529411764,272,272,0.8118035433923497,1.0
2024-07-18,0.1044341181096611,0.3519163763066202,0.24390243902439024,0.40418118466898956,287,287,0.8176097959176173,1.0
2024-07-19,-0.14275911826561824,0.21084337349397592,0.3795180722891566,0.40963855421686746,166,166,0.8384462051003813,1.0
2024-07-22,0.04274023051566638,0.3918918918918919,0.34684684684684686,0.26126126126126126,222,222,0.8267340544644777,1.0
2024-07-23,0.0032816080470533604,0.36538461538461536,0.3557692307692308,0.27884615384615385,208,208,0.8226331449471987,1.0
2024-07-24,-0.029135927444719392,0.3013698630136986,0.3116438356164384,0.386986301369863,292,292,0.8328438957464205,1.0
2024-07-25,-0.0345609394548983,0.301255230125523,0.36401673640167365,0.33472803347280333,239,239,0.8368525982651251,1.0
2024-07-26,0.09749947509114096,0.39361702127659576,0.30851063829787234,0.2978723404255319,188,188,0.8351817773060596,1.0
2024-07-29,0.0508962060603035,0.354978354978355,0.31601731601731603,0.329004329004329,231,231,0.8480751244794755,1.0
2024-07-30,0.026383082946578075,0.29692832764505117,0.2935153583617747,0.40955631399317405,293,293,0.8153290064058206,1.0
2024-07-31,-0.029700374818062997,0.30930930930930933,0.34534534534534533,0.34534534534534533,333,333,0.7775650953387355,1.0
2024-08-01,0.04927882060373776,0.37383177570093457,0.3177570093457944,0.308411214953271,321,321,0.8201573952521862,1.0
2024-08-02,-0.0905516334389132,0.2682926829268293,0.3943089430894309,0.33739837398373984,246,246,0.8265293281737381,1.0
2024-08-05,-0.12895210744798702,0.277992277992278,0.4092664092664093,0.3127413127413127,259,259,0.839816963120317,1.0
2024-08-06,0.07975577095194775,0.3215686274509804,0.23921568627450981,0.4392156862745098,255,255,0.8243395788996828,1.0
2024-08-07,0.056874130533030885,0.33183856502242154,0.273542600896861,0.39461883408071746,223,223,0.8059658302587244,1.0
2024-08-08,0.19740748547119744,0.4177215189873418,0.21518987341772153,0.3670886075949367,237,237,0.8175126197217386,1.0
2024-08-09,0.0867398286899931,0.35294117647058826,0.3257918552036199,0.3212669683257919,221,221,0.790347659075422,1.0
2024-08-12,0.1721741978171063,0.448559670781893,0.24279835390946503,0.30864197530864196,243,243,0.8242773487244124,1.0
2024-08-13,-0.01169006337629672,0.3021276595744681,0.3446808510638298,0.35319148936170214,235,235,0.822450982382957,1.0
2024-08-14,0.02264889372519165,0.2951388888888889,0.2881944444444444,0.4166666666666667,288,288,0.7852369904932048,1.0
2024-08-15,0.09335286072988022,0.34686346863468637,0.25830258302583026,0.3948339483394834,271,271,0.7936354716105655,1.0
2024-08-16,0.12876959231829171,0.38421052631578945,0.24210526315789474,0.3736842105263158,190,190,0.8310960862197374,1.0
2024-08-19,0.15674435984369162,0.4351851851851852,0.2361111111111111,0.3287037037037037,216,216,0.8448741131082729,1.0
2024-08-20,0.09364475123915701,0.36298932384341637,0.24199288256227758,0.39501779359430605,281,281,0.8173446552397093,1.0
2024-08-21,-0.1301942923594932,0.22813688212927757,0.3650190114068441,0.4068441064638783,263,263,0.8066283328451584,1.0
2024-08-22,0.09976258381484793,0.3415384615384615,0.25846153846153846,0.4,325,325,0.7963554109059847,1.0
2024-08-23,-0.026257341851104683,0.30386740331491713,0.35359116022099446,0.3425414364640884,181,181,0.8070797582686935,1.0
2024-08-26,0.08052580735747175,0.3253012048192771,0.24497991967871485,0.42971887550200805,249,249,0.8262010624849174,1.0
2024-08-27,0.1382320207080136,0.3424657534246575,0.2191780821917808,0.4383561643835616,219,219,0.8068042031434028,1.0
2024-08-28,0.11168437369225787,0.35019455252918286,0.2178988326848249,0.43190661478599224,257,257,0.824541647146648,1.0
2024-08-29,0.11574520729482174,0.33568904593639576,0.24028268551236748,0.42402826855123676,283,283,0.7775183223161596,1.0
2024-08-30,-0.01989469386121154,0.2727272727272727,0.30303030303030304,0.42424242424242425,231,231,0.7907285925113794,1.0
2024-09-03,0.0064857404093157526,0.29107981220657275,0.3286384976525822,0.38028169014084506,426,426,0.8137198117137515,1.0
2024-09-04,-0.01394331640021617,0.2468354430379747,0.27531645569620256,0.4778481012658228,316,316,0.8110478974029988,1.0
2024-09-05,0.033386513875548245,0.2929936305732484,0.27070063694267515,0.43630573248407645,314,314,0.8007481038380581,1.0
2024-09-06,-0.11172041833725337,0.2863070539419087,0.4107883817427386,0.3029045643153527,241,241,0.8165937472923168,1.0
2024-09-09,0.22635148278730985,0.4315068493150685,0.1780821917808219,0.3904109589041096,292,292,0.817219021895977,1.0
2024-09-10,0.06783344481829486,0.41025641025641024,0.3333333333333333,0.2564102564102564,273,273,0.8177790069754743,1.0
2024-09-11,-0.006152301234429445,0.30223880597014924,0.3283582089552239,0.3694029850746269,268,268,0.7748270619716218,1.0
2024-09-12,0.13224037061603802,0.40476190476190477,0.25510204081632654,0.3401360544217687,294,294,0.8028951789043388,1.0
2024-09-13,0.11483276621191307,0.42035398230088494,0.26991150442477874,0.30973451327433627,226,226,0.8068075144449166,1.0
2024-09-16,0.20260132977881756,0.445993031358885,0.24738675958188153,0.30662020905923343,287,287,0.8363161074575232,1.0
2024-09-17,0.23336900132910712,0.44481605351170567,0.19732441471571907,0.35785953177257523,299,299,0.7992198010750837,1.0
2024-09-18,0.09787180446327254,0.3819241982507289,0.2653061224489796,0.35276967930029157,343,343,0.7854971963010794,1.0
2024-09-19,0.07962331355250961,0.356353591160221,0.27624309392265195,0.3674033149171271,362,362,0.7942638814613964,1.0
2024-09-20,0.22517972113256227,0.44370860927152317,0.16887417218543047,0.38741721854304634,302,302,0.8140882909890043,1.0
2024-09-23,0.08843109798068123,0.391304347826087,0.2670807453416149,0.3416149068322981,322,322,0.822771214272665,1.0
2024-09-24,0.12705718175332503,0.4672131147540984,0.3114754098360656,0.22131147540983606,244,244,0.8140787297829253,1.0
2024-09-25,-0.03940984261626343,0.33962264150943394,0.35471698113207545,0.30566037735849055,265,265,0.8128657375866513,1.0
2024-09-26,0.12333573960842421,0.41923076923076924,0.3,0.28076923076923077,260,260,0.8064436826568383,1.0
2024-09-27,0.046843103338629524,0.3807829181494662,0.3202846975088968,0.298932384341637,281,281,0.8109633921516324,1.0
2024-09-30,0.0361585474335852,0.3553459119496855,0.3081761006289308,0.33647798742138363,318,318,0.80874805630378,1.0
2024-10-01,0.06663607223670377,0.33753943217665616,0.2586750788643533,0.4037854889589905,317,317,0.8096563490783378,1.0
2024-10-02,0.07785406908587603,0.35802469135802467,0.2839506172839506,0.35802469135802467,243,243,0.7839789103578638,1.0
2024-10-03,0.04038863668770149,0.29218106995884774,0.2839506172839506,0.42386831275720166,243,243,0.8222112043649571,1.0
2024-10-04,0.041325532298405375,0.3383084577114428,0.2935323383084577,0.3681592039800995,201,201,0.8096804620318152,1.0
2024-10-07,0.09032726686240898,0.37037037037037035,0.30092592592592593,0.3287037037037037,216,216,0.7866964947294306,1.0
2024-10-08,-0.012610008015833576,0.2878787878787879,0.3143939393939394,0.3977272727272727,264,264,0.7992493618618358,1.0
2024-10-09,0.06679625656483147,0.34558823529411764,0.23897058823529413,0.41544117647058826,272,272,0.7940367675002884,1.0
2024-10-10,0.22013050983912252,0.4088669950738916,0.2019704433497537,0.3891625615763547,203,203,0.7819417450815586,1.0
2024-10-11,0.008944201944886068,0.33771929824561403,0.37719298245614036,0.2850877192982456,228,228,0.8048710523728739,1.0
2024-10-14,0.05438477380878546,0.38636363636363635,0.33181818181818185,0.2818181818181818,220,220,0.8188404064286839,1.0
2024-10-15,0.01526626879349351,0.36610169491525424,0.3525423728813559,0.28135593220338984,295,295,0.8039804339408875,1.0
2024-10-16,0.09254263318062089,0.39649122807017545,0.3017543859649123,0.3017543859649123,285,285,0.8154458514431067,1.0
2024-10-17,0.08570623440247925,0.39762611275964393,0.2789317507418398,0.32344213649851633,337,337,0.7982471557859143,1.0
2024-10-18,0.08047317668329923,0.4,0.31,0.29,200,200,0.8278566424548626,1.0
2024-10-21,0.3123947724022649,0.5098814229249012,0.19367588932806323,0.2964426877470356,253,253,0.8268081857988485,1.0
2024-10-22,0.28886730222854695,0.5133928571428571,0.16964285714285715,0.3169642857142857,224,224,0.8187913574012262,1.0
2024-10-23,0.02957806429390162,0.3612167300380228,0.33460076045627374,0.3041825095057034,263,263,0.8022708437288669,1.0
2024-10-24,-0.01923995158562423,0.2765957446808511,0.2765957446808511,0.44680851063829785,282,282,0.8114024513790793,1.0
2024-10-25,0.24826418499045153,0.5,0.203125,0.296875,192,192,0.8334073438309133,1.0
2024-10-28,-0.1042629300710901,0.28793774319066145,0.4085603112840467,0.3035019455252918,257,257,0.8400166576242633,1.0
2024-10-29,0.13405128773610991,0.4107883817427386,0.2863070539419087,0.3029045643153527,241,241,0.7985483765354789,1.0
2024-10-30,0.018838753318692926,0.31736526946107785,0.3143712574850299,0.36826347305389223,334,334,0.7893302445104736,1.0
2024-10-31,0.10825887553316231,0.4270833333333333,0.3159722222222222,0.2569444444444444,288,288,0.7992205961296955,1.0
2024-11-01,-0.005020448447734383,0.31718061674008813,0.3303964757709251,0.3524229074889868,227,227,0.8218014815305298,1.0
2024-11-04,0.08930961502528237,0.3643410852713178,0.27906976744186046,0.35658914728682173,258,258,0.8230137187381124,1.0
2024-11-05,0.05378108431306696,0.3161512027491409,0.2611683848797251,0.422680412371134,291,291,0.8001487364678858,1.0
2024-11-06,0.1130105434470389,0.3835616438356164,0.2273972602739726,0.38904109589041097,365,365,0.8102005894053472,1.0
2024-11-07,0.04817499477877958,0.3076923076923077,0.30484330484330485,0.38746438746438744,351,351,0.784256305619862,1.0
2024-11-08,0.07580680167085903,0.4,0.3116279069767442,0.28837209302325584,215,215,0.8286989415800848,1.0
2024-11-11,0.05569350631555998,0.3453815261044177,0.27710843373493976,0.37751004016064255,249,249,0.8269184271255171,1.0
2024-11-12,0.03315378227894207,0.3485915492957746,0.2992957746478873,0.352112676056338,284,284,0.8428357811251157,1.0
2024-11-13,0.17738559697560655,0.3819444444444444,0.19444444444444445,0.4236111111111111,288,288,0.8375271351801025,1.0
2024-11-14,0.10047977243936279,0.3519163763066202,0.2508710801393728,0.397212543554007,287,287,0.8155868521758488,1.0
2024-11-15,0.03869416176706763,0.3250883392226148,0.3003533568904594,0.3745583038869258,283,283,0.8178346127587578,1.0
2024-11-18,0.2394426328365314,0.48788927335640137,0.22837370242214533,0.2837370242214533,289,289,0.8303604674586788,1.0
2024-11-19,0.19622318952462772,0.40893470790378006,0.18900343642611683,0.4020618556701031,291,291,0.8197745496464759,1.0
2024-11-20,0.12802644907630872,0.38489208633093525,0.23381294964028776,0.381294964028777,278,278,0.7979798862616793,1.0
2024-11-21,0.16802823531444752,0.37906137184115524,0.21299638989169675,0.40794223826714804,277,277,0.7982017465662009,1.0
2024-11-22,0.12724423931654671,0.3586206896551724,0.21724137931034482,0.4241379310344828,290,290,0.8338608477650018,1.0
2024-11-25,-0.023061684175627314,0.32083333333333336,0.35,0.32916666666666666,240,240,0.838767911742131,1.0
2024-11-26,0.06208248540071081,0.33783783783783783,0.25675675675675674,0.40540540540540543,222,222,0.8215375663460912,1.0
2024-11-27,0.034839651926041944,0.3333333333333333,0.2893772893772894,0.3772893772893773,273,273,0.816535988788465,1.0
2024-11-29,0.003788327280031096,0.32545931758530183,0.33070866141732286,0.3438320209973753,381,381,0.7951777749487109,1.0
2024-12-02,0.07417849003104493,0.34375,0.2847222222222222,0.3715277777777778,288,288,0.817211578703589,1.0
2024-12-03,0.21963999605220225,0.43555555555555553,0.17777777777777778,0.38666666666666666,225,225,0.8108974435594347,1.0
2024-12-04,0.027675142754190443,0.3103448275862069,0.2896551724137931,0.4,290,290,0.8179126078712529,1.0
2024-12-05,0.09758873904200151,0.3333333333333333,0.24853801169590642,0.41812865497076024,342,342,0.8095549588140688,1.0
2024-12-06,-0.08643981921775339,0.2751937984496124,0.38372093023255816,0.34108527131782945,258,258,0.7917085845572079,1.0
2024-12-09,0.27850762846182797,0.4965034965034965,0.17482517482517482,0.32867132867132864,286,286,0.8077392013339729,1.0
2024-12-10,0.12315866600412731,0.3710247349823322,0.254416961130742,0.3745583038869258,283,283,0.7968773080477024,1.0
2024-12-11,0.12001650592800216,0.35793357933579334,0.2177121771217712,0.42435424354243545,271,271,0.8224395749973635,1.0
2024-12-12,0.06582359116524458,0.3418181818181818,0.2872727272727273,0.3709090909090909,275,275,0.7915944976156408,1.0
2024-12-13,0.1220195477861645,0.3705357142857143,0.26785714285714285,0.36160714285714285,224,224,0.8121219172275492,1.0
2024-12-16,0.07923261440320783,0.3726027397260274,0.27123287671232876,0.3561643835616438,365,365,0.8198599327916969,1.0
2024-12-17,0.007035601874097027,0.3169230769230769,0.3230769230769231,0.36,325,325,0.8081707435387832,1.0
2024-12-18,0.0540449706124443,0.32673267326732675,0.27722772277227725,0.39603960396039606,303,303,0.7830039920783279,1.0
2024-12-19,0.023531587474823274,0.30745341614906835,0.32608695652173914,0.36645962732919257,322,322,0.8052520498355723,1.0
2024-12-20,-0.027599737761784496,0.32113821138211385,0.35365853658536583,0.3252032520325203,246,246,0.8200312102955531,1.0
2024-12-23,0.059626153083192,0.38132295719844356,0.311284046692607,0.30739299610894943,257,257,0.8208424784098154,1.0
2024-12-24,0.07184423191853573,0.30656934306569344,0.27007299270072993,0.4233576642335766,137,137,0.8221289350168548,1.0
2024-12-26,8.877883374224828e-05,0.3515625,0.3515625,0.296875,128,128,0.8594204592518508,1.0
2024-12-27,-0.02366007345169783,0.32,0.336,0.344,125,125,0.814258951663971,1.0
2024-12-30,0.09962421323463416,0.4140127388535032,0.34394904458598724,0.24203821656050956,157,157,0.8088059455725798,1.0
2024-12-31,0.07375527224412151,0.37254901960784315,0.23529411764705882,0.39215686274509803,102,102,0.7952647743856206,1.0
2025-01-02,0.010858071851012509,0.3242009132420091,0.3150684931506849,0.3607305936073059,219,219,0.8075062982295746,1.0
2025-01-03,-0.07156257452173294,0.2753623188405797,0.34782608695652173,0.37681159420289856,138,138,0.8479119759538899,1.0
2025-01-06,0.02435812399108195,0.2697095435684647,0.22406639004149378,0.5062240663900415,241,241,0.8368590210730604,1.0
2025-01-07,0.08872788623474796,0.3438485804416404,0.25236593059936907,0.4037854889589905,317,317,0.811767909617078,1.0
2025-01-08,0.015367068529415585,0.32388663967611336,0.3076923076923077,0.3684210526315789,247,247,0.8012331994438944,1.0
2025-01-10,0.07706410796861184,0.37553648068669526,0.296137339055794,0.3283261802575107,466,466,0.8016388118267059,1.0
2025-01-13,0.15034122694132113,0.43410852713178294,0.2364341085271318,0.32945736434108525,258,258,0.8046423319236252,1.0
2025-01-14,0.13867372848520365,0.4125,0.25833333333333336,0.32916666666666666,240,240,0.8083703031142553,1.0
2025-01-15,0.05076492631045031,0.3829787234042553,0.32180851063829785,0.29521276595744683,376,376,0.8094078789841621,1.0
2025-01-16,0.006480880189609663,0.3217993079584775,0.3079584775086505,0.370242214532872,289,289,0.8115959702684805,1.0
2025-01-17,-0.08795422132981857,0.2798507462686567,0.41044776119402987,0.30970149253731344,268,268,0.8159129360496108,1.0
2025-01-21,0.04859088116161088,0.35764705882352943,0.30823529411764705,0.3341176470588235,425,425,0.8279655592581805,1.0
2025-01-22,0.13292699000678546,0.3165137614678899,0.19724770642201836,0.48623853211009177,218,218,0.823282851401819,1.0
2025-01-23,0.11402167637203903,0.36395759717314485,0.2508833922261484,0.38515901060070673,283,283,0.8109593067068093,1.0
2025-01-24,0.04852250027761329,0.31640625,0.2421875,0.44140625,256,256,0.8309773365035653,1.0
2025-01-27,0.09586183643808827,0.39849624060150374,0.3082706766917293,0.2932330827067669,266,266,0.8297235358478432,1.0
2025-01-28,0.27068561480418607,0.4897959183673469,0.15816326530612246,0.3520408163265306,196,196,0.7928658471423753,1.0
2025-01-29,-0.07257839034423513,0.21804511278195488,0.3157894736842105,0.46616541353383456,266,266,0.7986880316770166,1.0
2025-01-30,-0.03955905622645439,0.2694805194805195,0.36038961038961037,0.37012987012987014,308,308,0.7987351319813109,1.0
2025-01-31,-0.06702260300130641,0.3112033195020747,0.4024896265560166,0.2863070539419087,241,241,0.8351197655764853,1.0
2025-02-03,0.00739963062241981,0.3402061855670103,0.3161512027491409,0.3436426116838488,291,291,0.8141154506567008,1.0
2025-02-04,0.0840259095688385,0.37037037037037035,0.23703703703703705,0.3925925925925926,270,270,0.8139749743320324,1.0
2025-02-05,-0.017544977376483327,0.2697947214076246,0.2873900293255132,0.44281524926686217,341,341,0.8211852857444293,1.0
2025-02-06,-0.014793882857054273,0.2664359861591695,0.328719723183391,0.40484429065743943,289,289,0.8047591698417201,1.0
2025-02-07,-0.04693853704004802,0.2818181818181818,0.33181818181818185,0.38636363636363635,220,220,0.803385710038922,1.0
2025-02-10,0.10707649279268826,0.3719806763285024,0.24154589371980675,0.3864734299516908,207,207,0.7984142929747484,1.0
2025-02-11,0.1457396774779914,0.3902439024390244,0.2097560975609756,0.4,205,205,0.798611033689685,1.0
2025-02-12,0.03119315857956841,0.3170731707317073,0.289198606271777,0.39372822299651566,287,287,0.8210890871514842,1.0
2025-02-13,-0.045145452013421884,0.2549019607843137,0.34509803921568627,0.4,255,255,0.8254823676511354,1.0
2025-02-14,0.1355289106163232,0.38461538461538464,0.2403846153846154,0.375,208,208,0.7970408610999584,1.0
2025-02-18,0.17711696889781361,0.4375,0.21982758620689655,0.3426724137931034,464,464,0.8071105759590864,1.0
2025-02-19,0.06882696601963947,0.3366013071895425,0.24836601307189543,0.4150326797385621,306,306,0.8212820111341725,1.0
2025-02-20,0.07996993704602635,0.2946708463949843,0.23824451410658307,0.4670846394984326,319,319,0.8187065458036141,1.0
2025-02-21,-0.019147324832814113,0.2342007434944238,0.2527881040892193,0.5130111524163569,269,269,0.8426012485443881,1.0
2025-02-24,0.11298535638963993,0.35918367346938773,0.24489795918367346,0.39591836734693875,245,245,0.8015953807198272,1.0
2025-02-25,0.1181125978563702,0.4064516129032258,0.25483870967741934,0.3387096774193548,310,310,0.8268193837135068,1.0
2025-02-26,0.08673086602557525,0.3360323886639676,0.2550607287449393,0.4089068825910931,247,247,0.8284218048277171,1.0
2025-02-27,0.160823839314936,0.4122137404580153,0.2366412213740458,0.3511450381679389,262,262,0.8082176732425471,1.0
2025-02-28,0.04180637046667262,0.3837638376383764,0.33210332103321033,0.28413284132841327,271,271,0.8210062140468302,1.0
2025-03-03,0.027890366121110587,0.3166144200626959,0.2884012539184953,0.3949843260188088,319,319,0.8185415881741384,1.0
2025-03-04,0.040493325263139646,0.3016393442622951,0.28852459016393445,0.4098360655737705,305,305,0.8137459031871108,1.0
2025-03-05,0.06029324457896026,0.2696969696969697,0.2,0.5303030303030303,330,330,0.8259895400567488,1.0
2025-03-06,0.07506318051411315,0.36046511627906974,0.25290697674418605,0.3866279069767442,344,344,0.7999121824842553,1.0
2025-03-07,-0.019510940033658095,0.31679389312977096,0.366412213740458,0.31679389312977096,262,262,0.8032486266989745,1.0
2025-03-10,0.017201127313916945,0.34507042253521125,0.3345070422535211,0.3204225352112676,284,284,0.8312587530260355,1.0
2025-03-11,0.16693461292877934,0.4218009478672986,0.23696682464454977,0.3412322274881517,211,211,0.7950801451059314,1.0
2025-03-12,0.056929041249860146,0.3333333333333333,0.2549019607843137,0.4117647058823529,255,255,0.8100461945814245,1.0
2025-03-13,0.009583853600864724,0.2634146341463415,0.3024390243902439,0.43414634146341463,205,205,0.8297860315660152,1.0
2025-03-14,-0.09685211939670678,0.23809523809523808,0.3273809523809524,0.43452380952380953,168,168,0.8106748843122096,1.0
2025-03-17,0.1301464784624321,0.4031746031746032,0.26666666666666666,0.33015873015873015,315,315,0.8202218331041791,1.0
2025-03-18,0.085674159363776,0.36231884057971014,0.2753623188405797,0.36231884057971014,276,276,0.8175592589853466,1.0
2025-03-19,0.029599231738008224,0.2977941176470588,0.2647058823529412,0.4375,272,272,0.7937572434106294,1.0
2025-03-20,0.11465897163482115,0.38127090301003347,0.24414715719063546,0.3745819397993311,299,299,0.7879214417376247,1.0
2025-03-21,-0.012033142049663834,0.3392857142857143,0.3392857142857143,0.32142857142857145,168,168,0.8091843967281637,1.0
2025-03-24,0.1630900060917001,0.36585365853658536,0.14146341463414633,0.4926829268292683,205,205,0.8139179802522427,1.0
2025-03-25,0.1134110202525403,0.397196261682243,0.2570093457943925,0.34579439252336447,214,214,0.8317915425400868,1.0
2025-03-26,0.11134202028107312,0.4230769230769231,0.26495726495726496,0.31196581196581197,234,234,0.7877316499113017,1.0
2025-03-27,0.19214676971849357,0.47297297297297297,0.23873873873873874,0.2882882882882883,222,222,0.8044534002069954,1.0
2025-03-28,0.0855326636464369,0.3805668016194332,0.27530364372469635,0.3441295546558704,247,247,0.7939730151462169,1.0
2025-03-31,0.15969428733678862,0.4551971326164875,0.24731182795698925,0.2974910394265233,279,279,0.7899778479957239,1.0
2025-04-01,-0.004166307145348507,0.3088803088803089,0.33204633204633205,0.3590733590733591,259,259,0.8247166630384084,1.0
2025-04-02,0.12200047972715564,0.3333333333333333,0.24444444444444444,0.4222222222222222,225,225,0.8025696037875282,1.0
2025-04-03,-0.0651527411010984,0.3013698630136986,0.38904109589041097,0.3095890410958904,365,365,0.8227497181663774,1.0
2025-04-04,-0.28478826681242847,0.17073170731707318,0.5121951219512195,0.3170731707317073,246,246,0.8195230379337217,1.0
2025-04-07,-0.08837507014810028,0.3474576271186441,0.4406779661016949,0.211864406779661,236,236,0.827088955852945,1.0
2025-04-08,0.15106228114438985,0.40825688073394495,0.24311926605504589,0.3486238532110092,218,218,0.8240228352743552,1.0
2025-04-09,0.05661184655817837,0.3865814696485623,0.33865814696485624,0.2747603833865815,313,313,0.794274273390968,1.0
2025-04-10,0.1396287917088943,0.38636363636363635,0.2765151515151515,0.3371212121212121,264,264,0.7855821547634674,1.0
2025-04-11,-0.015094982078006592,0.3273542600896861,0.3811659192825112,0.2914798206278027,223,223,0.8080856695838039,1.0
2025-04-14,0.12644526931153757,0.48314606741573035,0.3408239700374532,0.1760299625468165,267,267,0.8399450453033162,1.0
2025-04-15,0.12909291981019244,0.40875912408759124,0.26277372262773724,0.3284671532846715,274,274,0.8138513926171909,1.0
2025-04-16,0.12025513096999091,0.38782051282051283,0.2532051282051282,0.358974358974359,312,312,0.7989732643159536,1.0
2025-04-17,0.07870665891254384,0.391156462585034,0.30272108843537415,0.30612244897959184,294,294,0.8095306209763702,1.0
2025-04-21,0.11829404380072016,0.4149377593360996,0.2987551867219917,0.2863070539419087,241,241,0.8258934514403837,1.0
2025-04-22,0.12106169755303911,0.42290748898678415,0.28193832599118945,0.29515418502202645,227,227,0.8009949371153038,1.0
2025-04-23,-0.03298912878264205,0.26104417670682734,0.2971887550200803,0.44176706827309237,249,249,0.8287330130975409,1.0
2025-04-24,0.036806833247817645,0.3511450381679389,0.31297709923664124,0.33587786259541985,262,262,0.796506368135678,1.0
2025-04-25,0.0696092004668625,0.38823529411764707,0.3,0.31176470588235294,170,170,0.815933520303053,1.0
2025-04-28,0.12025552261093594,0.41509433962264153,0.2830188679245283,0.3018867924528302,265,265,0.8049723678040055,1.0
2025-04-29,0.013893214667233509,0.32075471698113206,0.3160377358490566,0.3632075471698113,212,212,0.8404344251414515,1.0
2025-04-30,-0.043205085284738,0.3101449275362319,0.39420289855072466,0.2956521739130435,345,345,0.8045574835245161,1.0
2025-05-01,0.1046713065135802,0.39901477832512317,0.2955665024630542,0.3054187192118227,203,203,0.8020275891414417,1.0
2025-05-02,-0.08975935554812002,0.27385892116182575,0.3983402489626556,0.3278008298755187,241,241,0.8170850952136566,1.0
2025-05-05,-0.13115296845561733,0.28627450980392155,0.41568627450980394,0.2980392156862745,255,255,0.8346913683648203,1.0
2025-05-06,0.007043196095564343,0.30708661417322836,0.2952755905511811,0.39763779527559057,254,254,0.8280199926903867,1.0
2025-05-07,0.04727625999865786,0.3007518796992481,0.23684210526315788,0.462406015037594,266,266,0.7936228612311801,1.0
2025-05-08,0.1420609674803765,0.39933993399339934,0.22772277227722773,0.37293729372937295,303,303,0.7943184803618063,1.0
2025-05-09,0.19059064373915346,0.45320197044334976,0.2561576354679803,0.29064039408866993,203,203,0.7986264666313021,1.0
2025-05-12,0.2130109933204949,0.45229681978798586,0.21908127208480566,0.3286219081272085,283,283,0.7986247825959546,1.0
2025-05-13,0.23368903325303436,0.43609022556390975,0.19924812030075187,0.36466165413533835,266,266,0.8010364482949551,1.0
2025-05-14,0.017026437004527974,0.28703703703703703,0.2916666666666667,0.4212962962962963,216,216,0.8000789259870847,1.0
2025-05-15,0.017650734611832693,0.31475409836065577,0.3016393442622951,0.3836065573770492,305,305,0.8096491023165281,1.0
2025-05-16,0.08938964939891146,0.35294117647058826,0.24434389140271492,0.40271493212669685,221,221,0.8058924722186042,1.0
2025-05-19,0.010968101106187289,0.363905325443787,0.3609467455621302,0.27514792899408286,338,338,0.8250183786689882,1.0
2025-05-20,0.11265144396190331,0.3878504672897196,0.2757009345794392,0.3364485981308411,214,214,0.8190200774469109,1.0
2025-05-21,0.03840310795162365,0.3471698113207547,0.2641509433962264,0.3886792452830189,265,265,0.795901790992269,1.0
2025-05-22,0.0042962834031069225,0.33647798742138363,0.3270440251572327,0.33647798742138363,318,318,0.8041942354830556,1.0
2025-05-23,0.12067279322424306,0.3886792452830189,0.2792452830188679,0.3320754716981132,265,265,0.8247980468678024,1.0
2025-05-27,0.22067645880444653,0.4900497512437811,0.20398009950248755,0.30597014925373134,402,402,0.8303601738084015,1.0
2025-05-28,0.07961335226805077,0.3675889328063241,0.2490118577075099,0.383399209486166,253,253,0.8106973398579911,1.0
2025-05-29,-0.06183954143996611,0.28735632183908044,0.3831417624521073,0.32950191570881227,261,261,0.8117982034939002,1.0
2025-05-30,0.05070994130597172,0.39473684210526316,0.33771929824561403,0.2675438596491228,228,228,0.8089913078828862,1.0
2025-06-02,0.08805763027765504,0.3440514469453376,0.2829581993569132,0.3729903536977492,311,311,0.79475203903925,1.0
2025-06-03,0.06201094940186284,0.36042402826855124,0.3215547703180212,0.31802120141342755,283,283,0.8258547076277514,1.0
2025-06-04,0.04185783703510156,0.34558823529411764,0.27941176470588236,0.375,272,272,0.8268852708313394,1.0
2025-06-05,0.13696533969390354,0.3824451410658307,0.23510971786833856,0.3824451410658307,319,319,0.8079625188743806,1.0
2025-06-06,0.1570635444508737,0.49137931034482757,0.24568965517241378,0.2629310344827586,232,232,0.7775513577307093,1.0
2025-06-09,0.12174523884363203,0.4497991967871486,0.28112449799196787,0.26907630522088355,249,249,0.8300173747012893,1.0
2025-06-10,-0.013996747791797166,0.3064516129032258,0.3387096774193548,0.3548387096774194,248,248,0.8294582649344399,1.0
2025-06-11,0.2342889631167054,0.4641509433962264,0.1811320754716981,0.35471698113207545,265,265,0.8064292212702193,1.0
2025-06-12,-0.0234515616647133,0.35106382978723405,0.3617021276595745,0.2872340425531915,282,282,0.8194196613122385,1.0
2025-06-13,-0.0825957861603286,0.3079584775086505,0.41522491349480967,0.2768166089965398,289,289,0.7987195708141195,1.0
2025-06-16,-0.04181197869098362,0.3684210526315789,0.3931888544891641,0.23839009287925697,323,323,0.8092665108549336,1.0
2025-06-17,0.00347403254435987,0.35374149659863946,0.36054421768707484,0.2857142857142857,294,294,0.8054280193890033,1.0
2025-06-18,0.15313058193756882,0.3901734104046243,0.19653179190751446,0.41329479768786126,346,346,0.779343025532761,1.0
2025-06-20,-0.0037066839650428214,0.3787528868360277,0.36027713625866054,0.26096997690531176,433,433,0.8243832399608356,1.0
2025-06-23,-0.031590053712406134,0.3448275862068966,0.3322884012539185,0.322884012539185,319,319,0.7982082892921651,1.0
2025-06-24,-0.08457538254343429,0.26688102893890675,0.37942122186495175,0.3536977491961415,311,311,0.821265343301166,1.0
2025-06-25,0.14440847888825553,0.45901639344262296,0.2459016393442623,0.29508196721311475,244,244,0.8021773510291929,1.0
2025-06-26,0.15268937167791155,0.44017094017094016,0.28205128205128205,0.2777777777777778,234,234,0.7951160661685162,1.0
2025-06-27,0.07985187646477146,0.3574468085106383,0.26382978723404255,0.37872340425531914,235,235,0.8021387451506675,1.0
2025-06-30,0.06525258268601485,0.34220532319391633,0.30038022813688214,0.3574144486692015,263,263,0.8068162019261842,1.0
2025-07-01,0.1644079222127662,0.46785714285714286,0.2642857142857143,0.26785714285714285,280,280,0.8137650797409671,1.0
2025-07-02,0.13810470207993472,0.4092664092664093,0.23938223938223938,0.35135135135135137,259,259,0.7826832599621482,1.0
2025-07-03,0.08442383667620174,0.3875968992248062,0.27906976744186046,0.3333333333333333,258,258,0.797178139520246,1.0
2025-07-07,0.030320574441779543,0.41233766233766234,0.36688311688311687,0.22077922077922077,308,308,0.7959903491201339,1.0
2025-07-08,0.17570842218349483,0.44206008583690987,0.22317596566523606,0.33476394849785407,233,233,0.8087491902159007,1.0
2025-07-09,0.06494046338916484,0.3870967741935484,0.3024193548387097,0.31048387096774194,248,248,0.8285401100593228,1.0
2025-07-10,0.12367500932061393,0.4088669950738916,0.22660098522167488,0.3645320197044335,203,203,0.7836940602715967,1.0
2025-07-11,0.06735735063512738,0.41025641025641024,0.3230769230769231,0.26666666666666666,195,195,0.8099537950295669,1.0
2025-07-14,0.0743468268644584,0.4262948207171315,0.3426294820717131,0.23107569721115537,251,251,0.8247359643181956,1.0
2025-07-15,0.03637645209219664,0.4024767801857585,0.34365325077399383,0.25386996904024767,323,323,0.8137977334552505,1.0
2025-07-16,0.048686185955534,0.3519163763066202,0.289198606271777,0.3588850174216028,287,287,0.8204287688283555,1.0
2025-07-17,0.1856225262434978,0.47038327526132406,0.2264808362369338,0.30313588850174217,287,287,0.80451953743393,1.0
2025-07-18,0.15555751926978456,0.4022346368715084,0.2122905027932961,0.3854748603351955,179,179,0.8110040264755654,1.0
2025-07-21,0.19392786324421446,0.5213270142180095,0.2843601895734597,0.1943127962085308,211,211,0.7988989871542601,1.0
2025-07-22,0.04712819339506127,0.3675675675675676,0.32432432432432434,0.3081081081081081,185,185,0.806046750738814,1.0
2025-07-23,0.13543283285980579,0.4270833333333333,0.24305555555555555,0.3298611111111111,288,288,0.7937791164343556,1.0
2025-07-24,0.0026685915253092983,0.3074712643678161,0.27298850574712646,0.41954022988505746,348,348,0.810353037954747,1.0
2025-07-25,0.06324691820317209,0.42424242424242425,0.329004329004329,0.24675324675324675,231,231,0.8469018533632353,1.0
2025-07-28,0.2697706526542521,0.5088235294117647,0.18823529411764706,0.3029411764705882,340,340,0.8211845808169421,1.0
2025-07-29,0.2375215872723077,0.4826254826254826,0.21235521235521235,0.305019305019305,259,259,0.7962249335635123,1.0
2025-07-30,0.0168216189291949,0.3487654320987654,0.31790123456790126,0.3333333333333333,324,324,0.7760254698403087,1.0
2025-07-31,0.07988898412925967,0.3854166666666667,0.2986111111111111,0.3159722222222222,288,288,0.8027682340600424,1.0
2025-08-01,-0.09455061100370682,0.2862190812720848,0.4028268551236749,0.31095406360424027,283,283,0.8244199764391559,1.0
2025-08-04,-0.13353460642735285,0.27983539094650206,0.43621399176954734,0.2839506172839506,243,243,0.8200609106340526,1.0
2025-08-05,0.09429864145458981,0.3212996389891697,0.23104693140794225,0.44765342960288806,277,277,0.8167088041451864,1.0
2025-08-06,0.07004904690867049,0.36693548387096775,0.28225806451612906,0.35080645161290325,248,248,0.7997046485543251,1.0
2025-08-07,0.032696965545691334,0.3415492957746479,0.30633802816901406,0.352112676056338,284,284,0.7954078911685608,1.0
2025-08-08,0.10723893464399643,0.42788461538461536,0.27403846153846156,0.2980769230769231,208,208,0.8260209258072652,1.0
2025-08-11,0.13695503157336547,0.46218487394957986,0.27310924369747897,0.2647058823529412,238,238,0.825861003719458,1.0
2025-08-12,0.05865291301381917,0.3794466403162055,0.2885375494071146,0.33201581027667987,253,253,0.8183526872646196,1.0
2025-08-13,0.11192626527188086,0.45307443365695793,0.26537216828478966,0.2815533980582524,309,309,0.7886624777972892,1.0
2025-08-14,-0.006817100468138783,0.32684824902723736,0.3229571984435798,0.35019455252918286,257,257,0.7971593023274195,1.0
2025-08-15,0.01575081011401564,0.34552845528455284,0.32926829268292684,0.3252032520325203,246,246,0.8108529408530492,1.0
2025-08-18,0.14303411691050444,0.45714285714285713,0.2693877551020408,0.27346938775510204,245,245,0.8065190973330517,1.0
2025-08-19,0.1806501429625826,0.4327731092436975,0.23949579831932774,0.3277310924369748,238,238,0.80586659657855,1.0
2025-08-20,-0.030711071877123186,0.29819277108433734,0.3373493975903614,0.3644578313253012,332,332,0.8052150485924927,1.0
2025-08-21,0.15912332108590996,0.3795620437956204,0.17883211678832117,0.4416058394160584,274,274,0.806222597830487,1.0
2025-08-22,0.04427447000435039,0.3383084577114428,0.2835820895522388,0.3781094527363184,201,201,0.7812052778343657,1.0
2025-08-25,0.1512507083274576,0.42448979591836733,0.24489795918367346,0.3306122448979592,245,245,0.8064651991639818,1.0
2025-08-26,0.04874161216947767,0.37037037037037035,0.3148148148148148,0.3148148148148148,216,216,0.8305129953832538,1.0
2025-08-27,0.22261053227886624,0.5,0.1981981981981982,0.30180180180180183,222,222,0.8087356176462259,1.0
2025-08-28,0.14264240695515296,0.4090909090909091,0.22377622377622378,0.36713286713286714,286,286,0.7970393388629793,1.0
2025-08-29,-0.060501110996772474,0.2897196261682243,0.37850467289719625,0.3317757009345794,214,214,0.7859544142662922,1.0
2025-09-02,0.2304118810379841,0.4901185770750988,0.20355731225296442,0.30632411067193677,506,506,0.782793318624553,1.0
2025-09-03,-0.03907837665974513,0.26171875,0.31640625,0.421875,256,256,0.8104479347821325,1.0
2025-09-04,0.016571652450310816,0.2562674094707521,0.2590529247910863,0.48467966573816157,359,359,0.8061674302832994,1.0
2025-09-05,-0.011815270817990888,0.30038022813688214,0.35361216730038025,0.34600760456273766,263,263,0.8139597367877742,1.0
2025-09-08,0.24521632256500167,0.5329153605015674,0.2476489028213166,0.219435736677116,319,319,0.8228708528052303,1.0
2025-09-09,0.11645453083540568,0.37662337662337664,0.22402597402597402,0.39935064935064934,308,308,0.7859941231352943,1.0
2025-09-10,0.08380161433982626,0.38636363636363635,0.2792207792207792,0.3344155844155844,308,308,0.799233879265073,1.0
2025-09-11,0.06710749448551398,0.32558139534883723,0.2441860465116279,0.43023255813953487,258,258,0.8159999683383823,1.0
2025-09-12,-0.005656865313820844,0.3087557603686636,0.37327188940092165,0.31797235023041476,217,217,0.7909278670488964,1.0
2025-09-15,0.11896993766671844,0.4392857142857143,0.3,0.26071428571428573,280,280,0.8188294142484664,1.0
2025-09-16,0.1696338255612834,0.42567567567567566,0.22635135135135134,0.34797297297297297,296,296,0.7915367285746175,1.0
2025-09-17,-0.07544771578950274,0.25236593059936907,0.34069400630914826,0.4069400630914827,317,317,0.7865283952714517,1.0
2025-09-18,-0.15314645073931263,0.24376731301939059,0.44321329639889195,0.31301939058171746,361,361,0.8198592190597196,1.0
2025-09-19,0.010404573277602986,0.3508771929824561,0.35964912280701755,0.2894736842105263,228,228,0.8233783149666953,1.0
2025-09-22,0.2661945866438437,0.5358490566037736,0.20754716981132076,0.25660377358490566,265,265,0.8050755545778094,1.0
2025-09-23,0.13982017466740443,0.4163424124513619,0.245136186770428,0.33852140077821014,257,257,0.8222992402802182,1.0
2025-09-24,0.1818437484529106,0.42857142857142855,0.21428571428571427,0.35714285714285715,252,252,0.7942990000758853,1.0
2025-09-25,0.10922068029044651,0.4075471698113208,0.3018867924528302,0.29056603773584905,265,265,0.805056956691562,1.0
2025-09-26,0.24590033187580826,0.48660714285714285,0.19642857142857142,0.3169642857142857,224,224,0.8262705281376839,1.0
2025-09-29,0.07656010487622647,0.41947565543071164,0.30337078651685395,0.27715355805243447,267,267,0.8128787355030074,1.0
2025-09-30,0.009331891817796832,0.3519163763066202,0.34494773519163763,0.30313588850174217,287,287,0.8055530057551553,1.0
2025-10-01,0.028097088259334366,0.36666666666666664,0.31,0.3233333333333333,300,300,0.8185178140799204,1.0
2025-10-02,0.03555491776773477,0.3073170731707317,0.28780487804878047,0.40487804878048783,205,205,0.8223318778887028,1.0
2025-10-03,-0.01078685349477087,0.31718061674008813,0.32599118942731276,0.3568281938325991,227,227,0.8435274118368846,1.0
2025-10-06,0.20115116286555423,0.46441947565543074,0.25842696629213485,0.27715355805243447,267,267,0.8101400812243701,1.0
2025-10-07,0.13126504360355468,0.41125541125541126,0.2510822510822511,0.33766233766233766,231,231,0.8111894662246043,1.0
2025-10-08,0.05276351982239648,0.3505535055350554,0.3173431734317343,0.33210332103321033,271,271,0.7848238993394858,1.0
2025-10-09,0.18929495122319936,0.4357976653696498,0.22957198443579765,0.3346303501945525,257,257,0.8020091660987543,1.0
2025-10-10,-0.1636606550843614,0.2780487804878049,0.4878048780487805,0.23414634146341465,205,205,0.8308791587992412,1.0
2025-10-13,0.3480386692362855,0.5566037735849056,0.1320754716981132,0.3113207547169811,212,212,0.8091662167659346,1.0
2025-10-14,0.09543453580291983,0.40145985401459855,0.3029197080291971,0.2956204379562044,274,274,0.8237282243305749,1.0
2025-10-15,0.10234208960695447,0.40892193308550184,0.275092936802974,0.3159851301115242,269,269,0.8224093294719781,1.0
2025-10-16,-0.1421138457970987,0.27472527472527475,0.45787545787545786,0.2673992673992674,273,273,0.8191167141273344,1.0
2025-10-17,-0.005671662077980329,0.3333333333333333,0.3425925925925926,0.32407407407407407,216,216,0.8184102896462988,1.0
2025-10-20,0.1509118415894644,0.5110294117647058,0.3382352941176471,0.15073529411764705,272,272,0.817842456895639,1.0
2025-10-21,0.07409908985307657,0.39357429718875503,0.30522088353413657,0.30120481927710846,249,249,0.8303923040748121,1.0
2025-10-22,0.0897265858558704,0.4068441064638783,0.2509505703422053,0.34220532319391633,263,263,0.7836859077781779,1.0
2025-10-23,0.2870494067424633,0.47540983606557374,0.17049180327868851,0.3540983606557377,305,305,0.7899348774894339,1.0
2025-10-24,0.06715088275856995,0.3382352941176471,0.27205882352941174,0.3897058823529412,272,272,0.8198752580758404,1.0
2025-10-27,0.11542032583140531,0.4340836012861736,0.2861736334405145,0.2797427652733119,311,311,0.8131049503467473,1.0
2025-10-28,0.11214976790015006,0.3952702702702703,0.28040540540540543,0.32432432432432434,296,296,0.8204605342769945,1.0
2025-10-29,0.053493537007363964,0.3783783783783784,0.2912912912912913,0.3303303303303303,333,333,0.7846629833494937,1.0
2025-10-30,0.16810050071433372,0.4148606811145511,0.23219814241486067,0.35294117647058826,323,323,0.7798801795247907,1.0
2025-10-31,0.07204289511358791,0.4036697247706422,0.3073394495412844,0.2889908256880734,218,218,0.7942909376883726,1.0
2025-11-03,0.19996139667583285,0.48148148148148145,0.2356902356902357,0.2828282828282828,297,297,0.8258796880140851,1.0
2025-11-04,-0.03693293637949072,0.33064516129032256,0.3629032258064516,0.3064516129032258,248,248,0.8351170707854533,1.0
2025-11-05,0.08298668083716258,0.3665338645418327,0.2549800796812749,0.3784860557768924,251,251,0.7851436366123032,1.0
2025-11-06,0.032110284044277626,0.40189873417721517,0.33860759493670883,0.25949367088607594,316,316,0.8038438841511931,1.0
2025-11-07,0.05276115701277638,0.40611353711790393,0.3231441048034934,0.27074235807860264,229,229,0.8279578761242362,1.0
2025-11-10,0.24823523703768538,0.4708333333333333,0.17916666666666667,0.35,240,240,0.7972016217807929,1.0
2025-11-11,-0.020516910413077676,0.3804347826086957,0.391304347826087,0.22826086956521738,184,184,0.8129637545865515,1.0
2025-11-12,0.11776076857686828,0.424812030075188,0.2556390977443609,0.31954887218045114,266,266,0.8272695040568373,1.0
2025-11-13,0.09847311900243108,0.3420074349442379,0.241635687732342,0.4163568773234201,269,269,0.7973099534839503,1.0
2025-11-14,0.03708512458780949,0.3884297520661157,0.3512396694214876,0.2603305785123967,242,242,0.8211011366903289,1.0
2025-11-17,0.15267153239137557,0.4418604651162791,0.2591362126245847,0.29900332225913623,301,301,0.8141966129458228,1.0
2025-11-18,0.21193453486077488,0.476,0.256,0.268,250,250,0.8345219544172287,1.0
2025-11-19,0.0345243819158625,0.2972972972972973,0.25825825825825827,0.4444444444444444,333,333,0.7904028746637854,1.0
2025-11-20,-0.013423795074224476,0.328,0.356,0.316,250,250,0.8055330780744553,1.0
2025-11-21,-0.08021371114914978,0.2743055555555556,0.3680555555555556,0.3576388888888889,288,288,0.8273249051223198,1.0
2025-11-24,0.12128167631359951,0.42338709677419356,0.2862903225806452,0.2903225806451613,248,248,0.8304417558735416,1.0
2025-11-25,0.09399288153470634,0.4084967320261438,0.27450980392156865,0.31699346405228757,306,306,0.8127482169204288,1.0
2025-11-26,0.12847458127918035,0.41630901287553645,0.2532188841201717,0.33047210300429186,233,233,0.7977915644134063,1.0
2025-11-28,0.101240962613374,0.4123076923076923,0.28923076923076924,0.29846153846153844,325,325,0.7644357758301955,1.0
2025-12-01,0.06186919865390496,0.39299610894941633,0.33073929961089493,0.27626459143968873,257,257,0.8005883068658035,1.0
2025-12-02,0.10845075526898637,0.37216828478964403,0.2815533980582524,0.34627831715210355,309,309,0.831448483717866,1.0
2025-12-03,0.04265122501944591,0.31785714285714284,0.2785714285714286,0.4035714285714286,280,280,0.7894980454019138,1.0
2025-12-04,0.11094423779064701,0.3746031746031746,0.24444444444444444,0.38095238095238093,315,315,0.7817886073437949,1.0
2025-12-05,0.1337938753690208,0.42920353982300885,0.26548672566371684,0.3053097345132743,226,226,0.790556528795082,1.0
2025-12-08,0.15338359690127512,0.4411764705882353,0.27941176470588236,0.27941176470588236,272,272,0.8141005904797245,1.0
2025-12-09,0.12258763178741854,0.4276315789473684,0.2598684210526316,0.3125,304,304,0.7918642769126516,1.0
2025-12-10,0.13386013699745306,0.38461538461538464,0.24749163879598662,0.36789297658862874,299,299,0.8119429378804555,1.0
2025-12-11,0.03698851869308522,0.38571428571428573,0.29428571428571426,0.32,350,350,0.8083183988503048,1.0
2025-12-12,0.06742106516678588,0.419811320754717,0.32547169811320753,0.25471698113207547,212,212,0.8178662397670295,1.0
2025-12-15,-0.11277557539351261,0.29003021148036257,0.41389728096676737,0.29607250755287007,331,331,0.8289993116322601,1.0
2025-12-16,-0.09062630747212097,0.278125,0.36875,0.353125,320,320,0.8198141936212778,1.0
2025-12-17,0.17735349238727488,0.47005988023952094,0.24850299401197604,0.281437125748503,334,334,0.7873312491856649,1.0
2025-12-18,0.06457308137166583,0.3558282208588957,0.3159509202453988,0.3282208588957055,326,326,0.8044503249822219,1.0
2025-12-19,0.05339365677485953,0.4136690647482014,0.34172661870503596,0.2446043165467626,278,278,0.7993444751063696,1.0
2025-12-22,0.27222626310612413,0.501628664495114,0.1465798045602606,0.3517915309446254,307,307,0.7971061568112637,1.0
2025-12-23,0.26571666707872954,0.5657894736842105,0.20394736842105263,0.23026315789473684,304,304,0.7860850533960682,1.0
2025-12-24,-0.04851236363017077,0.32432432432432434,0.38513513513513514,0.2905405405405405,148,148,0.8227543357659031,1.0
2025-12-26,-0.1318460892117213,0.29365079365079366,0.4365079365079365,0.2698412698412698,126,126,0.8523409536906651,1.0
2025-12-29,-0.1257632085322287,0.2809917355371901,0.4462809917355372,0.2727272727272727,121,121,0.8310385442469731,1.0
2025-12-30,0.07466057084148398,0.372972972972973,0.2702702702702703,0.3567567567567568,185,185,0.7980307184361123,1.0
2025-12-31,-0.13214770910985113,0.2692307692307692,0.4065934065934066,0.3241758241758242,182,182,0.82064905664423,1.0
