session_date,event_record_count,unique_story_count,positive_event_count,negative_event_count,neutral_event_count,unique_source_count,mean_event_sentiment_score,positive_event_share,negative_event_share,neutral_event_share,sentiment_bucket
2015-01-02,425,425,192,143,90,7,0.05562352941176471,0.45176470588235296,0.33647058823529413,0.21176470588235294,positive
2015-01-05,516,516,184,260,72,7,-0.07897286821705427,0.35658914728682173,0.5038759689922481,0.13953488372093023,negative
2015-01-06,569,569,241,218,110,9,0.010790861159929704,0.4235500878734622,0.38312829525483305,0.19332161687170474,neutral
2015-01-07,689,689,244,310,135,6,-0.0520899854862119,0.35413642960812775,0.44992743105950656,0.19593613933236576,negative
2015-01-08,581,581,231,226,124,8,-0.0011703958691910476,0.39759036144578314,0.3889845094664372,0.2134251290877797,neutral
2015-01-09,589,589,211,249,129,7,-0.03130730050933786,0.35823429541595925,0.4227504244482173,0.21901528013582344,neutral
2015-01-12,589,589,190,291,108,9,-0.08325976230899831,0.3225806451612903,0.4940577249575552,0.1833616298811545,negative
2015-01-13,585,585,224,276,85,9,-0.03851282051282051,0.38290598290598293,0.4717948717948718,0.1452991452991453,neutral
2015-01-14,595,595,241,251,103,8,0.00047058823529411647,0.4050420168067227,0.4218487394957983,0.173109243697479,neutral
2015-01-15,705,705,332,274,99,10,0.042297872340425535,0.47092198581560285,0.38865248226950355,0.14042553191489363,neutral
2015-01-16,498,498,219,197,82,6,0.009759036144578315,0.4397590361445783,0.39558232931726905,0.1646586345381526,neutral
2015-01-20,1011,1011,432,405,174,10,0.014253214638971315,0.42729970326409494,0.40059347181008903,0.17210682492581603,neutral
2015-01-21,613,613,269,244,100,7,0.018140293637846656,0.43882544861337686,0.39804241435562804,0.1631321370309951,neutral
2015-01-22,644,644,266,260,118,9,0.00894409937888199,0.41304347826086957,0.40372670807453415,0.18322981366459629,neutral
2015-01-23,646,646,248,289,109,10,-0.020990712074303402,0.38390092879256965,0.4473684210526316,0.16873065015479877,neutral
2015-01-26,660,660,222,334,104,11,-0.07686363636363636,0.33636363636363636,0.5060606060606061,0.15757575757575756,negative
2015-01-27,611,611,263,248,100,7,0.024500818330605564,0.43044189852700493,0.40589198036006546,0.16366612111292964,neutral
2015-01-28,570,570,191,246,133,9,-0.04417543859649123,0.3350877192982456,0.43157894736842106,0.23333333333333334,neutral
2015-01-29,593,593,198,280,115,6,-0.06846543001686341,0.33389544688026984,0.47217537942664417,0.19392917369308602,negative
2015-01-30,663,663,290,251,122,7,0.02502262443438914,0.4374057315233786,0.37858220211161386,0.18401206636500755,neutral
2015-02-02,654,654,234,255,165,12,-0.021039755351681955,0.3577981651376147,0.38990825688073394,0.25229357798165136,neutral
2015-02-03,570,570,307,147,116,6,0.13656140350877194,0.5385964912280702,0.2578947368421053,0.20350877192982456,positive
2015-02-04,661,661,277,248,136,8,0.02440242057488654,0.41906202723146746,0.3751891074130106,0.20574886535552195,neutral
2015-02-05,673,673,228,287,158,9,-0.04465081723625557,0.3387815750371471,0.4264487369985141,0.23476968796433878,neutral
2015-02-06,572,572,226,239,107,7,-0.011206293706293707,0.3951048951048951,0.4178321678321678,0.18706293706293706,neutral
2015-02-09,590,590,195,281,114,8,-0.07905084745762712,0.3305084745762712,0.47627118644067795,0.19322033898305085,negative
2015-02-10,574,574,222,236,116,8,-0.015243902439024386,0.3867595818815331,0.41114982578397213,0.20209059233449478,neutral
2015-02-11,506,506,189,243,74,8,-0.04256916996047431,0.37351778656126483,0.48023715415019763,0.14624505928853754,neutral
2015-02-12,686,686,278,283,125,8,0.00013119533527696902,0.40524781341107874,0.41253644314868804,0.18221574344023322,neutral
2015-02-13,592,592,222,242,128,7,-0.028952702702702705,0.375,0.40878378378378377,0.21621621621621623,neutral
2015-02-17,1016,1016,415,409,192,8,0.0048031496062992144,0.40846456692913385,0.40255905511811024,0.1889763779527559,neutral
2015-02-18,541,541,215,204,122,5,0.014602587800369687,0.3974121996303142,0.37707948243992606,0.2255083179297597,neutral
2015-02-19,585,585,239,207,139,7,0.034854700854700854,0.40854700854700854,0.35384615384615387,0.2376068376068376,neutral
2015-02-20,485,485,168,212,105,6,-0.042041237113402054,0.3463917525773196,0.43711340206185567,0.21649484536082475,neutral
2015-02-23,557,557,209,215,133,8,-0.01473967684021544,0.3752244165170557,0.3859964093357271,0.23877917414721722,neutral
2015-02-24,571,571,221,242,108,7,-0.010805604203152363,0.38704028021015763,0.4238178633975482,0.18914185639229422,neutral
2015-02-25,606,606,255,196,155,10,0.053646864686468655,0.4207920792079208,0.3234323432343234,0.25577557755775576,positive
2015-02-26,642,642,287,245,110,6,0.02973520249221184,0.4470404984423676,0.38161993769470404,0.17133956386292834,neutral
2015-02-27,707,707,255,331,121,8,-0.05294200848656294,0.3606789250353607,0.4681753889674682,0.17114568599717114,negative
2015-03-02,744,744,293,325,126,9,-0.004032258064516126,0.39381720430107525,0.4368279569892473,0.1693548387096774,neutral
2015-03-03,606,606,245,248,113,8,0.007574257425742577,0.4042904290429043,0.40924092409240925,0.18646864686468648,neutral
2015-03-04,695,695,298,266,131,9,0.03040287769784173,0.4287769784172662,0.38273381294964026,0.1884892086330935,neutral
2015-03-05,649,649,198,319,132,9,-0.08254237288135594,0.3050847457627119,0.4915254237288136,0.2033898305084746,negative
2015-03-06,627,627,245,252,130,7,0.007033492822966507,0.39074960127591707,0.4019138755980861,0.20733652312599682,neutral
2015-03-09,578,578,203,275,100,7,-0.05482698961937717,0.35121107266435986,0.4757785467128028,0.17301038062283736,negative
2015-03-10,586,586,201,289,96,8,-0.06986348122866894,0.3430034129692833,0.4931740614334471,0.16382252559726962,negative
2015-03-11,636,636,210,326,100,6,-0.08383647798742139,0.330188679245283,0.5125786163522013,0.15723270440251572,negative
2015-03-12,669,669,278,259,132,9,0.03445440956651719,0.4155455904334828,0.38714499252615847,0.19730941704035873,neutral
2015-03-13,567,567,227,215,125,9,0.016208112874779544,0.400352733686067,0.37918871252204583,0.2204585537918871,neutral
2015-03-16,567,567,198,255,114,10,-0.05232804232804233,0.3492063492063492,0.4497354497354497,0.20105820105820105,negative
2015-03-17,522,522,194,194,134,8,-0.001743295019157089,0.3716475095785441,0.3716475095785441,0.2567049808429119,neutral
2015-03-18,720,720,303,276,141,10,0.013583333333333334,0.42083333333333334,0.38333333333333336,0.19583333333333333,neutral
2015-03-19,529,529,209,215,105,7,-0.005708884688090735,0.3950850661625709,0.4064272211720227,0.19848771266540643,neutral
2015-03-20,515,515,171,217,127,7,-0.05031067961165048,0.3320388349514563,0.42135922330097086,0.24660194174757283,negative
2015-03-23,558,558,262,198,98,9,0.04637992831541219,0.46953405017921146,0.3548387096774194,0.17562724014336917,neutral
2015-03-24,699,699,328,216,155,8,0.06998569384835479,0.46924177396280403,0.3090128755364807,0.2217453505007153,positive
2015-03-25,547,547,255,188,104,11,0.05323583180987203,0.46617915904936014,0.3436928702010969,0.19012797074954296,positive
2015-03-26,634,634,254,230,150,10,0.00022082018927445165,0.40063091482649843,0.3627760252365931,0.23659305993690852,neutral
2015-03-27,520,520,196,251,73,7,-0.05430769230769231,0.3769230769230769,0.4826923076923077,0.14038461538461539,negative
2015-03-30,513,513,175,236,102,10,-0.05801169590643274,0.341130604288499,0.4600389863547758,0.19883040935672514,negative
2015-03-31,563,563,251,198,114,6,0.06536412078152753,0.44582593250444047,0.35168738898756663,0.2024866785079929,positive
2015-04-01,650,650,233,248,169,8,-0.014507692307692305,0.35846153846153844,0.38153846153846155,0.26,neutral
2015-04-02,596,596,267,189,140,8,0.06666107382550336,0.44798657718120805,0.31711409395973156,0.2348993288590604,positive
2015-04-06,445,445,184,177,84,6,-0.004786516853932582,0.4134831460674157,0.39775280898876403,0.18876404494382024,neutral
2015-04-07,486,486,197,160,129,8,0.033518518518518524,0.4053497942386831,0.3292181069958848,0.2654320987654321,neutral
2015-04-08,579,579,191,256,132,8,-0.04167530224525043,0.3298791018998273,0.4421416234887737,0.22797927461139897,neutral
2015-04-09,567,567,212,225,130,8,-0.00292768959435626,0.37389770723104054,0.3968253968253968,0.2292768959435626,neutral
2015-04-10,448,448,167,203,78,7,-0.0359375,0.37276785714285715,0.453125,0.17410714285714285,neutral
2015-04-13,525,525,233,197,95,11,0.024095238095238097,0.4438095238095238,0.37523809523809526,0.18095238095238095,neutral
2015-04-14,574,574,258,195,121,8,0.04660278745644599,0.44947735191637633,0.3397212543554007,0.21080139372822299,neutral
2015-04-15,728,728,291,270,167,10,0.010810439560439563,0.39972527472527475,0.3708791208791209,0.22939560439560439,neutral
2015-04-16,566,566,266,204,96,9,0.04484098939929329,0.46996466431095407,0.36042402826855124,0.1696113074204947,neutral
2015-04-17,440,440,215,155,70,7,0.07859090909090909,0.48863636363636365,0.3522727272727273,0.1590909090909091,positive
2015-04-20,527,527,215,208,104,9,0.005161290322580649,0.4079696394686907,0.3946869070208729,0.19734345351043645,neutral
2015-04-21,420,420,173,174,73,6,-0.0029523809523809485,0.4119047619047619,0.4142857142857143,0.1738095238095238,neutral
2015-04-22,655,655,248,217,190,10,0.026488549618320614,0.3786259541984733,0.33129770992366414,0.2900763358778626,neutral
2015-04-23,747,747,263,293,191,10,-0.025622489959839352,0.35207496653279785,0.392235609103079,0.2556894243641232,neutral
2015-04-24,464,464,241,138,85,9,0.11262931034482758,0.5193965517241379,0.2974137931034483,0.18318965517241378,positive
2015-04-27,497,497,175,246,76,8,-0.0946076458752515,0.352112676056338,0.4949698189134809,0.1529175050301811,negative
2015-04-28,524,524,219,210,95,8,0.0021946564885496197,0.4179389312977099,0.40076335877862596,0.18129770992366412,neutral
2015-04-29,576,576,240,209,127,7,0.027222222222222224,0.4166666666666667,0.3628472222222222,0.2204861111111111,neutral
2015-04-30,675,675,289,244,142,9,0.030029629629629635,0.42814814814814817,0.36148148148148146,0.21037037037037037,neutral
2015-05-01,410,410,202,140,68,6,0.05985365853658537,0.4926829268292683,0.34146341463414637,0.16585365853658537,positive
2015-05-04,493,493,209,209,75,10,-0.0023935091277890426,0.4239350912778905,0.4239350912778905,0.15212981744421908,neutral
2015-05-05,612,612,230,226,156,8,0.003954248366013073,0.3758169934640523,0.369281045751634,0.2549019607843137,neutral
2015-05-06,525,525,207,192,126,8,0.01746666666666667,0.3942857142857143,0.3657142857142857,0.24,neutral
2015-05-07,487,487,170,219,98,8,-0.042073921971252565,0.3490759753593429,0.44969199178644764,0.20123203285420946,neutral
2015-05-08,617,617,274,248,95,8,0.014181523500810376,0.44408427876823336,0.4019448946515397,0.1539708265802269,neutral
2015-05-11,532,532,220,218,94,9,0.018383458646616543,0.41353383458646614,0.40977443609022557,0.17669172932330826,neutral
2015-05-12,516,516,212,196,108,8,0.004050387596899229,0.4108527131782946,0.3798449612403101,0.20930232558139536,neutral
2015-05-13,655,655,286,234,135,9,0.046198473282442754,0.4366412213740458,0.35725190839694654,0.20610687022900764,neutral
2015-05-14,507,507,284,131,92,8,0.14869822485207101,0.5601577909270217,0.2583826429980276,0.1814595660749507,positive
2015-05-15,510,510,191,198,121,5,-0.007666666666666661,0.37450980392156863,0.38823529411764707,0.2372549019607843,neutral
2015-05-18,499,499,225,194,80,6,0.0388376753507014,0.45090180360721444,0.38877755511022044,0.16032064128256512,neutral
2015-05-19,485,485,135,258,92,10,-0.11845360824742268,0.27835051546391754,0.5319587628865979,0.18969072164948453,negative
2015-05-20,574,574,184,252,138,8,-0.06048780487804878,0.3205574912891986,0.43902439024390244,0.24041811846689895,negative
2015-05-21,641,641,235,246,160,10,-0.010218408736349452,0.3666146645865835,0.3837753510140406,0.24960998439937598,neutral
2015-05-22,477,477,181,194,102,9,-0.01861635220125786,0.37945492662473795,0.40670859538784065,0.2138364779874214,neutral
2015-05-26,919,919,321,444,154,8,-0.05403699673558215,0.34929270946681173,0.48313384113166485,0.16757344940152338,negative
2015-05-27,482,482,227,152,103,9,0.0708091286307054,0.470954356846473,0.3153526970954357,0.21369294605809128,positive
2015-05-28,544,544,219,190,135,8,0.020496323529411768,0.4025735294117647,0.3492647058823529,0.24816176470588236,neutral
2015-05-29,567,567,237,220,110,6,0.014902998236331571,0.41798941798941797,0.3880070546737213,0.19400352733686066,neutral
2015-06-01,540,540,188,252,100,12,-0.06351851851851852,0.34814814814814815,0.4666666666666667,0.18518518518518517,negative
2015-06-02,484,484,200,190,94,7,0.009690082644628104,0.4132231404958678,0.3925619834710744,0.19421487603305784,neutral
2015-06-03,665,665,274,197,194,8,0.05843609022556391,0.4120300751879699,0.2962406015037594,0.29172932330827067,positive
2015-06-04,529,529,208,202,119,9,0.0005482041587901733,0.3931947069943289,0.3818525519848771,0.22495274102079396,neutral
2015-06-05,521,521,197,204,120,8,0.012629558541266793,0.3781190019193858,0.3915547024952015,0.23032629558541268,neutral
2015-06-08,479,479,175,213,91,8,-0.03492693110647181,0.3653444676409186,0.44467640918580376,0.18997912317327767,neutral
2015-06-09,457,457,179,206,72,6,-0.03194748358862144,0.3916849015317287,0.45076586433260396,0.1575492341356674,neutral
2015-06-10,557,557,290,152,115,9,0.11730700179533214,0.5206463195691203,0.27289048473967686,0.20646319569120286,positive
2015-06-11,629,629,253,239,137,11,0.009284578696343401,0.40222575516693165,0.3799682034976153,0.2178060413354531,neutral
2015-06-12,387,387,136,167,84,5,-0.0389922480620155,0.35142118863049093,0.4315245478036176,0.21705426356589147,neutral
2015-06-15,562,562,179,257,126,7,-0.06923487544483985,0.3185053380782918,0.45729537366548045,0.22419928825622776,negative
2015-06-16,447,447,166,181,100,10,-0.01890380313199105,0.3713646532438479,0.40492170022371365,0.22371364653243847,neutral
2015-06-17,522,522,182,213,127,8,-0.03247126436781609,0.3486590038314176,0.40804597701149425,0.24329501915708812,neutral
2015-06-18,534,534,203,197,134,9,0.010880149812734087,0.3801498127340824,0.36891385767790263,0.250936329588015,neutral
2015-06-19,443,443,159,192,92,7,-0.019029345372460496,0.35891647855530473,0.43340857787810383,0.2076749435665914,neutral
2015-06-22,484,484,171,192,121,8,-0.02204545454545454,0.35330578512396693,0.39669421487603307,0.25,neutral
2015-06-23,538,538,184,220,134,6,-0.029182156133828994,0.3420074349442379,0.40892193308550184,0.24907063197026022,neutral
2015-06-24,538,538,209,202,127,7,0.013215613382899633,0.38847583643122674,0.3754646840148699,0.23605947955390336,neutral
2015-06-25,452,452,149,157,146,7,-0.008938053097345132,0.32964601769911506,0.3473451327433628,0.3230088495575221,neutral
2015-06-26,462,462,140,210,112,7,-0.07818181818181817,0.30303030303030304,0.45454545454545453,0.24242424242424243,negative
2015-06-29,571,571,170,242,159,9,-0.07528896672504379,0.29772329246935203,0.4238178633975482,0.27845884413309985,negative
2015-06-30,553,553,240,186,127,9,0.03746835443037975,0.43399638336347196,0.33634719710669075,0.22965641952983726,neutral
2015-07-01,608,608,227,244,137,8,-0.02401315789473684,0.37335526315789475,0.40131578947368424,0.22532894736842105,neutral
2015-07-02,530,530,177,204,149,10,-0.018754716981132076,0.3339622641509434,0.3849056603773585,0.2811320754716981,neutral
2015-07-06,807,807,262,324,221,9,-0.04337050805452292,0.3246592317224288,0.40148698884758366,0.2738537794299876,neutral
2015-07-07,505,505,115,261,129,8,-0.1437227722772277,0.22772277227722773,0.5168316831683168,0.25544554455445545,negative
2015-07-08,559,559,201,196,162,8,0.004955277280858677,0.3595706618962433,0.35062611806797855,0.2898032200357782,neutral
2015-07-09,492,492,168,175,149,7,-0.013069105691056907,0.34146341463414637,0.3556910569105691,0.30284552845528456,neutral
2015-07-10,482,482,183,155,144,8,0.03354771784232365,0.3796680497925311,0.3215767634854772,0.2987551867219917,neutral
2015-07-13,512,512,196,230,86,6,-0.034453125,0.3828125,0.44921875,0.16796875,neutral
2015-07-14,526,526,229,208,89,8,0.022072243346007606,0.435361216730038,0.39543726235741444,0.16920152091254753,neutral
2015-07-15,669,669,293,244,132,9,0.0384304932735426,0.43796711509715996,0.36472346786248133,0.19730941704035873,neutral
2015-07-16,557,557,197,235,125,9,-0.031166965888689408,0.35368043087971274,0.42190305206463197,0.2244165170556553,neutral
2015-07-17,422,422,141,172,109,5,-0.02390995260663507,0.3341232227488152,0.4075829383886256,0.25829383886255924,neutral
2015-07-20,468,468,149,229,90,9,-0.07865384615384616,0.31837606837606836,0.4893162393162393,0.19230769230769232,negative
2015-07-21,484,484,203,176,105,7,0.024504132231404963,0.4194214876033058,0.36363636363636365,0.21694214876033058,neutral
2015-07-22,512,512,220,196,96,7,0.016972656250000002,0.4296875,0.3828125,0.1875,neutral
2015-07-23,513,513,220,186,107,8,0.027699805068226124,0.42884990253411304,0.36257309941520466,0.20857699805068225,neutral
2015-07-24,494,494,167,200,127,6,-0.03267206477732793,0.33805668016194335,0.4048582995951417,0.25708502024291496,neutral
2015-07-27,453,453,185,184,84,8,-0.02222958057395143,0.4083885209713024,0.40618101545253865,0.18543046357615894,neutral
2015-07-28,474,474,202,168,104,8,0.02487341772151899,0.42616033755274263,0.35443037974683544,0.21940928270042195,neutral
2015-07-29,537,537,264,135,138,7,0.11461824953445066,0.49162011173184356,0.25139664804469275,0.2569832402234637,positive
2015-07-30,531,531,219,199,113,9,0.007363465160075332,0.4124293785310734,0.3747645951035782,0.2128060263653484,neutral
2015-07-31,524,524,203,187,134,8,0.02015267175572519,0.38740458015267176,0.3568702290076336,0.25572519083969464,neutral
2015-08-03,525,525,168,232,125,9,-0.05638095238095238,0.32,0.4419047619047619,0.23809523809523808,negative
2015-08-04,488,488,203,165,120,9,0.04625,0.41598360655737704,0.33811475409836067,0.2459016393442623,neutral
2015-08-05,618,618,250,217,151,8,0.020598705501618127,0.4045307443365696,0.3511326860841424,0.24433656957928804,neutral
2015-08-06,492,492,150,197,145,10,-0.05436991869918699,0.3048780487804878,0.40040650406504064,0.29471544715447157,negative
2015-08-07,487,487,185,206,96,5,-0.019589322381930188,0.3798767967145791,0.42299794661190965,0.1971252566735113,neutral
2015-08-10,520,520,232,186,102,9,0.03109615384615385,0.4461538461538462,0.3576923076923077,0.19615384615384615,neutral
2015-08-11,481,481,168,190,123,9,-0.028295218295218295,0.3492723492723493,0.39501039501039503,0.25571725571725573,neutral
2015-08-12,568,568,236,254,78,8,-0.037429577464788734,0.4154929577464789,0.4471830985915493,0.13732394366197184,neutral
2015-08-13,512,512,179,223,110,6,-0.06765625,0.349609375,0.435546875,0.21484375,negative
2015-08-14,493,493,159,210,124,6,-0.04275862068965517,0.3225152129817444,0.4259634888438134,0.2515212981744422,neutral
2015-08-17,454,454,144,215,95,7,-0.06872246696035242,0.31718061674008813,0.473568281938326,0.2092511013215859,negative
2015-08-18,431,431,139,174,118,9,-0.05127610208816705,0.3225058004640371,0.4037122969837587,0.2737819025522042,negative
2015-08-19,584,584,193,191,200,8,0.003938356164383564,0.3304794520547945,0.3270547945205479,0.3424657534246575,neutral
2015-08-20,501,501,202,169,130,8,0.020938123752495014,0.4031936127744511,0.3373253493013972,0.25948103792415167,neutral
2015-08-21,489,489,179,188,122,8,-0.018650306748466256,0.3660531697341513,0.38445807770961143,0.24948875255623723,neutral
2015-08-24,472,472,150,267,55,7,-0.12305084745762712,0.3177966101694915,0.565677966101695,0.11652542372881355,negative
2015-08-25,477,477,219,158,100,8,0.07014675052410901,0.4591194968553459,0.3312368972746331,0.20964360587002095,positive
2015-08-26,475,475,174,207,94,7,-0.026568421052631578,0.3663157894736842,0.4357894736842105,0.19789473684210526,neutral
2015-08-27,504,504,223,170,111,8,0.05811507936507937,0.44246031746031744,0.3373015873015873,0.22023809523809523,positive
2015-08-28,448,448,203,159,86,7,0.044732142857142866,0.453125,0.3549107142857143,0.19196428571428573,neutral
2015-08-31,470,470,132,233,105,9,-0.1125531914893617,0.28085106382978725,0.4957446808510638,0.22340425531914893,negative
2015-09-01,571,571,190,233,148,8,-0.05056042031523642,0.3327495621716287,0.4080560420315236,0.2591943957968476,negative
2015-09-02,487,487,185,186,116,7,0.0023819301848049318,0.3798767967145791,0.38193018480492813,0.23819301848049282,neutral
2015-09-03,579,579,156,202,221,6,-0.03433506044905008,0.2694300518134715,0.3488773747841105,0.38169257340241797,neutral
2015-09-04,448,448,142,221,85,8,-0.0830357142857143,0.3169642857142857,0.49330357142857145,0.18973214285714285,negative
2015-09-08,861,861,373,303,185,12,0.03420441347270616,0.4332171893147503,0.3519163763066202,0.2148664343786295,neutral
2015-09-09,529,529,257,147,125,10,0.09848771266540643,0.48582230623818523,0.277882797731569,0.23629489603024575,positive
2015-09-10,598,598,239,193,166,7,0.038829431438127095,0.3996655518394649,0.32274247491638797,0.27759197324414714,neutral
2015-09-11,543,543,220,200,123,9,0.014254143646408843,0.40515653775322286,0.3683241252302026,0.2265193370165746,neutral
2015-09-14,474,474,180,198,96,8,-0.027004219409282697,0.379746835443038,0.4177215189873418,0.20253164556962025,neutral
2015-09-15,519,519,211,186,122,9,0.027591522157996148,0.40655105973025046,0.3583815028901734,0.2350674373795761,neutral
2015-09-16,519,519,176,180,163,9,-0.017418111753371865,0.33911368015414256,0.3468208092485549,0.3140655105973025,neutral
2015-09-17,614,614,204,184,226,8,1.6286644951141074e-05,0.3322475570032573,0.2996742671009772,0.36807817589576547,neutral
2015-09-18,483,483,171,166,146,6,0.013146997929606628,0.35403726708074534,0.34368530020703936,0.3022774327122153,neutral
2015-09-21,485,485,204,177,104,10,0.00507216494845361,0.42061855670103093,0.3649484536082474,0.21443298969072164,neutral
2015-09-22,487,487,166,223,98,9,-0.05369609856262833,0.3408624229979466,0.45790554414784396,0.20123203285420946,negative
2015-09-23,517,517,219,202,96,10,0.006479690522243718,0.42359767891682787,0.390715667311412,0.18568665377176016,neutral
2015-09-24,612,612,264,226,122,10,0.026176470588235294,0.43137254901960786,0.369281045751634,0.19934640522875818,neutral
2015-09-25,509,509,209,193,107,9,0.00220039292730845,0.4106090373280943,0.3791748526522593,0.21021611001964635,neutral
2015-09-28,454,454,190,159,105,9,0.025903083700440532,0.4185022026431718,0.3502202643171806,0.23127753303964757,neutral
2015-09-29,503,503,250,161,92,10,0.08846918489065607,0.4970178926441352,0.32007952286282304,0.18290258449304175,positive
2015-09-30,619,619,236,269,114,9,-0.03221324717285945,0.38126009693053314,0.4345718901453958,0.1841680129240711,neutral
2015-10-01,537,537,190,230,117,10,-0.05018621973929236,0.3538175046554935,0.42830540037243947,0.21787709497206703,negative
2015-10-02,469,469,182,215,72,7,-0.027590618336886988,0.3880597014925373,0.4584221748400853,0.1535181236673774,neutral
2015-10-05,489,489,178,196,115,9,-0.014294478527607358,0.36400817995910023,0.40081799591002043,0.23517382413087934,neutral
2015-10-06,533,533,191,203,139,6,-0.019061913696060032,0.35834896810506567,0.3808630393996248,0.2607879924953096,neutral
2015-10-07,523,523,243,197,83,9,0.038986615678776294,0.4646271510516252,0.37667304015296366,0.1586998087954111,neutral
2015-10-08,542,542,197,162,183,7,0.018099630996309964,0.3634686346863469,0.2988929889298893,0.3376383763837638,neutral
2015-10-09,480,480,224,192,64,6,0.028312500000000004,0.4666666666666667,0.4,0.13333333333333333,neutral
2015-10-12,458,458,217,198,43,6,0.014192139737991267,0.4737991266375546,0.43231441048034935,0.09388646288209607,neutral
2015-10-13,491,491,244,172,75,8,0.05796334012219959,0.4969450101832994,0.35030549898167007,0.15274949083503056,positive
2015-10-14,520,520,272,138,110,9,0.10271153846153847,0.5230769230769231,0.2653846153846154,0.21153846153846154,positive
2015-10-15,540,540,205,188,147,9,0.007148148148148151,0.37962962962962965,0.34814814814814815,0.2722222222222222,neutral
2015-10-16,404,404,154,184,66,9,-0.02938118811881188,0.3811881188118812,0.45544554455445546,0.16336633663366337,neutral
2015-10-19,506,506,141,217,148,8,-0.07490118577075099,0.27865612648221344,0.4288537549407115,0.2924901185770751,negative
2015-10-20,443,443,194,153,96,10,0.04706546275395034,0.43792325056433407,0.345372460496614,0.21670428893905191,neutral
2015-10-21,552,552,197,222,133,12,-0.014076086956521737,0.35688405797101447,0.40217391304347827,0.24094202898550723,neutral
2015-10-22,518,518,195,213,110,9,-0.019343629343629338,0.3764478764478765,0.4111969111969112,0.21235521235521235,neutral
2015-10-23,550,550,244,183,123,9,0.07092727272727273,0.44363636363636366,0.3327272727272727,0.22363636363636363,positive
2015-10-26,525,525,177,241,107,11,-0.055523809523809524,0.33714285714285713,0.45904761904761904,0.2038095238095238,negative
2015-10-27,483,483,152,236,95,6,-0.08548654244306418,0.3146997929606625,0.4886128364389234,0.19668737060041408,negative
2015-10-28,564,564,213,221,130,10,-0.010673758865248222,0.3776595744680851,0.39184397163120566,0.23049645390070922,neutral
2015-10-29,525,525,180,238,107,9,-0.06038095238095238,0.34285714285714286,0.4533333333333333,0.2038095238095238,negative
2015-10-30,514,514,212,198,104,10,0.014066147859922181,0.41245136186770426,0.3852140077821012,0.20233463035019456,neutral
2015-11-02,569,569,177,257,135,8,-0.08657293497363795,0.3110720562390158,0.45166959578207383,0.23725834797891038,negative
2015-11-03,433,433,159,173,101,9,-0.018360277136258662,0.3672055427251732,0.3995381062355658,0.23325635103926096,neutral
2015-11-04,622,622,201,256,165,10,-0.05065916398713826,0.32315112540192925,0.4115755627009646,0.2652733118971061,negative
2015-11-05,605,605,191,253,161,11,-0.05461157024793388,0.315702479338843,0.41818181818181815,0.26611570247933886,negative
2015-11-06,486,486,204,186,96,8,0.010102880658436215,0.41975308641975306,0.38271604938271603,0.19753086419753085,neutral
2015-11-09,511,511,168,255,88,7,-0.07639921722113503,0.3287671232876712,0.49902152641878667,0.17221135029354206,negative
2015-11-10,435,435,176,188,71,9,-0.014459770114942526,0.4045977011494253,0.432183908045977,0.1632183908045977,neutral
2015-11-11,424,424,172,154,98,7,0.029858490566037735,0.4056603773584906,0.3632075471698113,0.23113207547169812,neutral
2015-11-12,573,573,188,230,155,11,-0.04570680628272251,0.32809773123909247,0.4013961605584642,0.2705061082024433,neutral
2015-11-13,542,542,226,197,119,9,0.01992619926199262,0.41697416974169743,0.3634686346863469,0.21955719557195572,neutral
2015-11-16,571,571,174,274,123,8,-0.09935201401050789,0.30472854640980734,0.4798598949211909,0.21541155866900175,negative
2015-11-17,499,499,167,236,96,8,-0.06412825651302605,0.3346693386773547,0.4729458917835671,0.19238476953907815,negative
2015-11-18,561,561,195,221,145,12,-0.020784313725490194,0.34759358288770054,0.3939393939393939,0.25846702317290554,neutral
2015-11-19,521,521,215,193,113,10,0.020076775431861805,0.4126679462571977,0.3704414587332054,0.21689059500959693,neutral
2015-11-20,457,457,179,187,91,8,-0.002166301969365424,0.3916849015317287,0.40919037199124725,0.19912472647702406,neutral
2015-11-23,575,575,207,252,116,9,-0.04547826086956522,0.36,0.43826086956521737,0.20173913043478262,neutral
2015-11-24,552,552,235,176,141,8,0.03943840579710146,0.4257246376811594,0.3188405797101449,0.2554347826086957,neutral
2015-11-25,573,573,201,210,162,7,-0.01727748691099476,0.3507853403141361,0.36649214659685864,0.28272251308900526,neutral
2015-11-27,753,753,289,294,170,6,-0.0073705179282868485,0.3837981407702523,0.3904382470119522,0.22576361221779548,neutral
2015-11-30,524,524,201,214,109,8,-0.00793893129770992,0.383587786259542,0.4083969465648855,0.20801526717557253,neutral
2015-12-01,618,618,271,194,153,7,0.0683495145631068,0.43851132686084143,0.313915857605178,0.24757281553398058,positive
2015-12-02,580,580,195,262,123,8,-0.04718965517241379,0.33620689655172414,0.4517241379310345,0.2120689655172414,neutral
2015-12-03,625,625,224,282,119,11,-0.050879999999999995,0.3584,0.4512,0.1904,negative
2015-12-04,598,598,224,212,162,8,0.013879598662207358,0.3745819397993311,0.35451505016722407,0.2709030100334448,neutral
2015-12-07,465,465,158,205,102,8,-0.051139784946236555,0.33978494623655914,0.44086021505376344,0.21935483870967742,negative
2015-12-08,518,518,171,242,105,9,-0.05588803088803088,0.3301158301158301,0.4671814671814672,0.20270270270270271,negative
2015-12-09,524,524,194,197,133,10,0.000763358778625954,0.3702290076335878,0.37595419847328243,0.2538167938931298,neutral
2015-12-10,582,582,209,227,146,8,-0.0279553264604811,0.359106529209622,0.3900343642611684,0.2508591065292096,neutral
2015-12-11,490,490,177,220,93,7,-0.025489795918367343,0.36122448979591837,0.4489795918367347,0.18979591836734694,neutral
2015-12-14,502,502,167,223,112,8,-0.06270916334661356,0.33266932270916333,0.4442231075697211,0.22310756972111553,negative
2015-12-15,538,538,168,211,159,7,-0.031951672862453526,0.31226765799256506,0.39219330855018586,0.2955390334572491,neutral
2015-12-16,657,657,233,261,163,9,-0.04410958904109589,0.3546423135464231,0.3972602739726027,0.2480974124809741,neutral
2015-12-17,589,589,180,301,108,10,-0.10410865874363327,0.30560271646859083,0.5110356536502547,0.1833616298811545,negative
2015-12-18,450,450,172,189,89,9,-0.017377777777777773,0.38222222222222224,0.42,0.19777777777777777,neutral
2015-12-21,551,551,168,244,139,7,-0.060435571687840285,0.30490018148820325,0.44283121597096187,0.25226860254083483,negative
2015-12-22,438,438,180,186,72,10,-0.00840182648401826,0.410958904109589,0.4246575342465753,0.1643835616438356,neutral
2015-12-23,516,516,236,182,98,8,0.03775193798449613,0.4573643410852713,0.35271317829457366,0.18992248062015504,neutral
2015-12-24,371,371,149,138,84,4,0.01363881401617251,0.40161725067385445,0.3719676549865229,0.22641509433962265,neutral
2015-12-28,396,396,128,174,94,6,-0.04093434343434343,0.32323232323232326,0.4393939393939394,0.23737373737373738,neutral
2015-12-29,386,386,151,176,59,6,-0.03069948186528497,0.3911917098445596,0.45595854922279794,0.15284974093264247,neutral
2015-12-30,390,390,131,185,74,6,-0.059333333333333335,0.33589743589743587,0.47435897435897434,0.18974358974358974,negative
2015-12-31,337,337,116,151,70,5,-0.04869436201780415,0.34421364985163205,0.44807121661721067,0.20771513353115728,neutral
2016-01-04,498,498,172,223,103,8,-0.05202811244979919,0.3453815261044177,0.44779116465863456,0.20682730923694778,negative
2016-01-05,403,403,129,189,85,9,-0.055707196029776675,0.3200992555831266,0.46898263027295284,0.2109181141439206,negative
2016-01-06,663,663,203,256,204,8,-0.03803921568627451,0.30618401206636503,0.3861236802413273,0.3076923076923077,neutral
2016-01-07,520,520,225,203,92,8,0.015115384615384619,0.4326923076923077,0.3903846153846154,0.17692307692307693,neutral
2016-01-08,503,503,217,190,96,5,0.021610337972167,0.43141153081510936,0.37773359840954274,0.1908548707753479,neutral
2016-01-11,432,432,162,206,64,9,-0.041365740740740745,0.375,0.47685185185185186,0.14814814814814814,neutral
2016-01-12,474,474,150,212,112,9,-0.06345991561181434,0.31645569620253167,0.4472573839662447,0.23628691983122363,negative
2016-01-13,567,567,242,232,93,9,-0.012680776014109345,0.42680776014109345,0.4091710758377425,0.164021164021164,neutral
2016-01-14,540,540,169,224,147,7,-0.06314814814814815,0.31296296296296294,0.4148148148148148,0.2722222222222222,negative
2016-01-15,515,515,194,234,87,8,-0.038427184466019414,0.3766990291262136,0.45436893203883494,0.16893203883495145,neutral
2016-01-19,998,998,325,448,225,10,-0.0694188376753507,0.3256513026052104,0.44889779559118237,0.22545090180360722,negative
2016-01-20,544,544,223,225,96,6,0.0017095588235294128,0.4099264705882353,0.41360294117647056,0.17647058823529413,neutral
2016-01-21,526,526,203,197,126,7,0.004011406844106467,0.38593155893536124,0.3745247148288973,0.23954372623574144,neutral
2016-01-22,566,566,261,218,87,8,0.03823321554770318,0.46113074204946997,0.38515901060070673,0.15371024734982333,neutral
2016-01-25,450,450,198,173,79,8,0.033244444444444445,0.44,0.3844444444444444,0.17555555555555555,neutral
2016-01-26,569,569,238,231,100,8,0.0029876977152899845,0.4182776801405975,0.40597539543058,0.1757469244288225,neutral
2016-01-27,579,579,233,204,142,9,0.02673575129533679,0.40241796200345425,0.35233160621761656,0.2452504317789292,neutral
2016-01-28,560,560,260,180,120,9,0.06680357142857143,0.4642857142857143,0.32142857142857145,0.21428571428571427,positive
2016-01-29,573,573,242,217,114,7,0.020331588132635255,0.4223385689354276,0.3787085514834206,0.19895287958115182,neutral
2016-02-01,540,540,212,200,128,10,0.005481481481481483,0.3925925925925926,0.37037037037037035,0.23703703703703705,neutral
2016-02-02,449,449,161,154,134,7,0.009220489977728286,0.3585746102449889,0.3429844097995546,0.2984409799554566,neutral
2016-02-03,599,599,205,240,154,9,-0.0301669449081803,0.34223706176961605,0.4006677796327212,0.2570951585976628,neutral
2016-02-04,491,491,195,165,131,6,0.009470468431771899,0.3971486761710794,0.3360488798370672,0.2668024439918534,neutral
2016-02-05,556,556,204,216,136,6,-0.005539568345323738,0.3669064748201439,0.38848920863309355,0.2446043165467626,neutral
2016-02-08,431,431,190,170,71,8,0.02450116009280743,0.4408352668213457,0.39443155452436196,0.16473317865429235,neutral
2016-02-09,458,458,213,173,72,11,0.04106986899563319,0.4650655021834061,0.3777292576419214,0.1572052401746725,neutral
2016-02-10,548,548,248,165,135,7,0.07177007299270075,0.45255474452554745,0.3010948905109489,0.24635036496350365,positive
2016-02-11,494,494,229,170,95,7,0.06242914979757086,0.46356275303643724,0.3441295546558704,0.19230769230769232,positive
2016-02-12,520,520,223,183,114,8,0.027942307692307693,0.4288461538461538,0.35192307692307695,0.21923076923076923,neutral
2016-02-16,844,844,342,353,149,8,-0.004739336492890993,0.4052132701421801,0.41824644549763035,0.17654028436018956,neutral
2016-02-17,615,615,218,243,154,7,-0.02876422764227642,0.3544715447154472,0.3951219512195122,0.25040650406504067,neutral
2016-02-18,553,553,219,227,107,6,-0.009638336347197102,0.3960216998191682,0.4104882459312839,0.19349005424954793,neutral
2016-02-19,430,430,148,200,82,7,-0.05323255813953488,0.34418604651162793,0.46511627906976744,0.19069767441860466,negative
2016-02-22,576,576,228,209,139,12,0.017916666666666674,0.3958333333333333,0.3628472222222222,0.24131944444444445,neutral
2016-02-23,517,517,226,214,77,10,0.00696324951644101,0.437137330754352,0.41392649903288203,0.14893617021276595,neutral
2016-02-24,607,607,211,285,111,8,-0.05629324546952223,0.34761120263591433,0.4695222405271829,0.1828665568369028,negative
2016-02-25,477,477,190,167,120,9,0.01719077568134172,0.39832285115303984,0.350104821802935,0.25157232704402516,neutral
2016-02-26,562,562,255,200,107,7,0.05037366548042705,0.45373665480427045,0.35587188612099646,0.1903914590747331,positive
2016-02-29,558,558,195,259,104,9,-0.045501792114695336,0.34946236559139787,0.46415770609318996,0.1863799283154122,neutral
2016-03-01,579,579,212,232,135,8,-0.011709844559585488,0.36614853195164077,0.4006908462867012,0.23316062176165803,neutral
2016-03-02,591,591,257,247,87,8,0.010439932318104916,0.43485617597292725,0.4179357021996616,0.14720812182741116,neutral
2016-03-03,528,528,210,215,103,8,-0.016874999999999994,0.3977272727272727,0.4071969696969697,0.19507575757575757,neutral
2016-03-04,537,537,279,164,94,8,0.10014897579143389,0.5195530726256983,0.3054003724394786,0.1750465549348231,positive
2016-03-07,504,504,235,190,79,11,0.03990079365079366,0.4662698412698413,0.376984126984127,0.15674603174603174,neutral
2016-03-08,526,526,203,214,109,9,-0.01374524714828897,0.38593155893536124,0.4068441064638783,0.20722433460076045,neutral
2016-03-09,590,590,266,203,121,11,0.052661016949152546,0.45084745762711864,0.3440677966101695,0.20508474576271185,positive
2016-03-10,565,565,267,204,94,10,0.06587610619469027,0.4725663716814159,0.36106194690265486,0.1663716814159292,positive
2016-03-11,444,444,238,139,67,8,0.09918918918918919,0.536036036036036,0.3130630630630631,0.15090090090090091,positive
2016-03-14,436,436,183,180,73,8,-0.006766055045871556,0.4197247706422018,0.41284403669724773,0.16743119266055045,neutral
2016-03-15,531,531,215,228,88,10,-0.010131826741996232,0.4048964218455744,0.4293785310734463,0.1657250470809793,neutral
2016-03-16,605,605,218,246,141,9,-0.023223140495867767,0.3603305785123967,0.4066115702479339,0.23305785123966943,neutral
2016-03-17,597,597,293,175,129,8,0.07368509212730319,0.490787269681742,0.2931323283082077,0.21608040201005024,positive
2016-03-18,448,448,200,163,85,8,0.050245535714285715,0.44642857142857145,0.3638392857142857,0.18973214285714285,positive
2016-03-21,581,581,202,247,132,11,-0.04222030981067126,0.3476764199655766,0.42512908777969016,0.22719449225473323,neutral
2016-03-22,520,520,183,222,115,8,-0.06319230769230769,0.35192307692307695,0.4269230769230769,0.22115384615384615,negative
2016-03-23,528,528,178,215,135,7,-0.027689393939393934,0.3371212121212121,0.4071969696969697,0.2556818181818182,neutral
2016-03-24,481,481,145,203,133,8,-0.05415800415800416,0.30145530145530147,0.42203742203742206,0.2765072765072765,negative
2016-03-28,465,465,194,147,124,8,0.04903225806451614,0.4172043010752688,0.3161290322580645,0.26666666666666666,neutral
2016-03-29,467,467,164,181,122,10,-0.020042826552462527,0.3511777301927195,0.3875802997858672,0.26124197002141325,neutral
2016-03-30,486,486,189,174,123,11,0.013086419753086422,0.3888888888888889,0.35802469135802467,0.25308641975308643,neutral
2016-03-31,534,534,224,170,140,9,0.04471910112359551,0.41947565543071164,0.31835205992509363,0.26217228464419473,neutral
2016-04-01,532,532,230,174,128,6,0.04422932330827068,0.4323308270676692,0.32706766917293234,0.24060150375939848,neutral
2016-04-04,397,397,139,167,91,9,-0.035390428211586895,0.3501259445843829,0.42065491183879095,0.22921914357682618,neutral
2016-04-05,528,528,172,180,176,6,-0.009374999999999998,0.32575757575757575,0.3409090909090909,0.3333333333333333,neutral
2016-04-06,613,613,247,166,200,9,0.06301794453507341,0.4029363784665579,0.2707993474714519,0.3262642740619902,positive
2016-04-07,485,485,209,143,133,11,0.06738144329896907,0.4309278350515464,0.2948453608247423,0.27422680412371137,positive
2016-04-08,484,484,190,167,127,6,0.01663223140495868,0.3925619834710744,0.3450413223140496,0.26239669421487605,neutral
2016-04-11,458,458,200,161,97,12,0.034956331877729264,0.4366812227074236,0.35152838427947597,0.21179039301310043,neutral
2016-04-12,497,497,179,194,124,6,-0.010120724346076455,0.36016096579476864,0.3903420523138833,0.24949698189134809,neutral
2016-04-13,560,560,220,210,130,11,0.015053571428571432,0.39285714285714285,0.375,0.23214285714285715,neutral
2016-04-14,456,456,127,193,136,9,-0.06230263157894736,0.27850877192982454,0.4232456140350877,0.2982456140350877,negative
2016-04-15,488,488,125,219,144,7,-0.08961065573770491,0.25614754098360654,0.4487704918032787,0.29508196721311475,negative
2016-04-18,510,510,169,225,116,6,-0.07480392156862743,0.33137254901960783,0.4411764705882353,0.22745098039215686,negative
2016-04-19,409,409,185,131,93,8,0.0550122249388753,0.45232273838630804,0.3202933985330073,0.2273838630806846,positive
2016-04-20,505,505,200,199,106,5,-0.0013267326732673238,0.39603960396039606,0.3940594059405941,0.2099009900990099,neutral
2016-04-21,494,494,185,158,151,9,0.03538461538461538,0.37449392712550605,0.31983805668016196,0.305668016194332,neutral
2016-04-22,434,434,146,174,114,8,-0.025967741935483866,0.33640552995391704,0.4009216589861751,0.2626728110599078,neutral
2016-04-25,427,427,145,173,109,8,-0.03578454332552693,0.3395784543325527,0.405152224824356,0.25526932084309134,neutral
2016-04-26,445,445,192,150,103,9,0.030404494382022473,0.4314606741573034,0.33707865168539325,0.23146067415730337,neutral
2016-04-27,510,510,199,198,113,8,-0.000450980392156861,0.39019607843137255,0.38823529411764707,0.22156862745098038,neutral
2016-04-28,497,497,192,160,145,9,0.02647887323943662,0.386317907444668,0.32193158953722334,0.2917505030181087,neutral
2016-04-29,572,572,248,200,124,9,0.03917832167832168,0.43356643356643354,0.34965034965034963,0.21678321678321677,neutral
2016-05-02,466,466,198,150,118,7,0.04886266094420601,0.4248927038626609,0.3218884120171674,0.2532188841201717,neutral
2016-05-03,489,489,175,180,134,9,-0.002269938650306746,0.35787321063394684,0.36809815950920244,0.2740286298568507,neutral
2016-05-04,581,581,203,223,155,8,-0.015679862306368326,0.3493975903614458,0.3838209982788296,0.2667814113597246,neutral
2016-05-05,446,446,142,204,100,7,-0.0692152466367713,0.3183856502242152,0.45739910313901344,0.2242152466367713,negative
2016-05-06,452,452,139,184,129,5,-0.05210176991150442,0.3075221238938053,0.40707964601769914,0.2853982300884956,negative
2016-05-09,562,562,189,229,144,9,-0.03265124555160142,0.33629893238434166,0.40747330960854095,0.25622775800711745,neutral
2016-05-10,523,523,208,190,125,9,0.007342256214149143,0.3977055449330784,0.3632887189292543,0.2390057361376673,neutral
2016-05-11,461,461,199,148,114,8,0.051084598698481566,0.4316702819956616,0.3210412147505423,0.2472885032537961,positive
2016-05-12,490,490,179,187,124,11,-0.015020408163265303,0.3653061224489796,0.3816326530612245,0.2530612244897959,neutral
2016-05-13,531,531,207,194,130,10,0.003389830508474581,0.3898305084745763,0.3653483992467043,0.2448210922787194,neutral
2016-05-16,470,470,177,159,134,7,0.014617021276595747,0.37659574468085105,0.3382978723404255,0.2851063829787234,neutral
2016-05-17,439,439,210,147,82,9,0.07186788154897494,0.4783599088838269,0.3348519362186788,0.1867881548974943,positive
2016-05-18,588,588,176,211,201,9,-0.0367687074829932,0.29931972789115646,0.358843537414966,0.34183673469387754,neutral
2016-05-19,495,495,141,215,139,8,-0.07301010101010101,0.28484848484848485,0.43434343434343436,0.2808080808080808,negative
2016-05-20,396,396,144,136,116,6,0.021489898989898993,0.36363636363636365,0.3434343434343434,0.29292929292929293,neutral
2016-05-23,502,502,156,219,127,6,-0.062350597609561756,0.3107569721115538,0.4362549800796813,0.25298804780876494,negative
2016-05-24,284,284,118,99,67,9,0.02605633802816901,0.4154929577464789,0.3485915492957746,0.23591549295774647,neutral
2016-05-25,354,354,156,111,87,8,0.06838983050847458,0.4406779661016949,0.3135593220338983,0.2457627118644068,positive
2016-05-26,377,377,176,104,97,8,0.08320954907161804,0.46684350132625996,0.27586206896551724,0.2572944297082228,positive
2016-05-27,411,411,154,151,106,6,-0.004817518248175181,0.3746958637469586,0.36739659367396593,0.25790754257907544,neutral
2016-05-31,862,862,326,338,198,10,-0.0010904872389791178,0.37819025522041766,0.39211136890951276,0.2296983758700696,neutral
2016-06-01,541,541,235,183,123,10,0.054269870609981515,0.4343807763401109,0.33826247689463956,0.22735674676524953,positive
2016-06-02,550,550,206,187,157,7,0.021563636363636365,0.37454545454545457,0.34,0.28545454545454546,neutral
2016-06-03,547,547,242,150,155,9,0.07564899451553932,0.4424131627056673,0.2742230347349177,0.283363802559415,positive
2016-06-06,424,424,167,175,82,7,-0.012900943396226413,0.3938679245283019,0.41273584905660377,0.19339622641509435,neutral
2016-06-07,450,450,192,150,108,8,0.04795555555555556,0.4266666666666667,0.3333333333333333,0.24,neutral
2016-06-08,558,558,295,150,113,9,0.12130824372759856,0.5286738351254481,0.26881720430107525,0.2025089605734767,positive
2016-06-09,492,492,206,167,119,9,0.03896341463414635,0.4186991869918699,0.3394308943089431,0.241869918699187,neutral
2016-06-10,500,500,203,205,92,7,0.0013400000000000011,0.406,0.41,0.184,neutral
2016-06-13,493,493,205,174,114,10,0.03610547667342799,0.4158215010141988,0.35294117647058826,0.23123732251521298,neutral
2016-06-14,427,427,125,206,96,8,-0.08543325526932083,0.2927400468384075,0.48243559718969553,0.22482435597189696,negative
2016-06-15,600,600,184,272,144,8,-0.061733333333333335,0.30666666666666664,0.4533333333333333,0.24,negative
2016-06-16,490,490,195,138,157,9,0.06544897959183674,0.3979591836734694,0.2816326530612245,0.32040816326530613,positive
2016-06-17,383,383,173,120,90,8,0.06778067885117493,0.4516971279373368,0.3133159268929504,0.2349869451697128,positive
2016-06-20,463,463,198,150,115,9,0.042850971922246225,0.42764578833693306,0.32397408207343414,0.24838012958963282,neutral
2016-06-21,489,489,201,161,127,9,0.03881390593047035,0.4110429447852761,0.3292433537832311,0.25971370143149286,neutral
2016-06-22,408,408,183,128,97,8,0.058823529411764705,0.4485294117647059,0.3137254901960784,0.23774509803921567,positive
2016-06-23,518,518,173,224,121,8,-0.05001930501930502,0.333976833976834,0.43243243243243246,0.2335907335907336,negative
2016-06-24,610,610,194,325,91,9,-0.12285245901639344,0.3180327868852459,0.5327868852459017,0.14918032786885246,negative
2016-06-27,466,466,192,181,93,6,-0.00042918454935621974,0.41201716738197425,0.388412017167382,0.19957081545064378,neutral
2016-06-28,483,483,194,137,152,10,0.05076604554865424,0.40165631469979296,0.2836438923395445,0.3146997929606625,positive
2016-06-29,463,463,154,179,130,8,-0.03794816414686825,0.3326133909287257,0.38660907127429806,0.28077753779697623,neutral
2016-06-30,555,555,195,225,135,6,-0.033045045045045046,0.35135135135135137,0.40540540540540543,0.24324324324324326,neutral
2016-07-01,498,498,196,171,131,8,0.023353413654618477,0.39357429718875503,0.3433734939759036,0.26305220883534136,neutral
2016-07-05,790,790,247,319,224,10,-0.04241772151898734,0.31265822784810127,0.40379746835443037,0.28354430379746837,neutral
2016-07-06,512,512,168,176,168,9,-0.018652343749999998,0.328125,0.34375,0.328125,neutral
2016-07-07,505,505,145,190,170,9,-0.03938613861386138,0.2871287128712871,0.37623762376237624,0.33663366336633666,neutral
2016-07-08,464,464,129,199,136,8,-0.05887931034482759,0.27801724137931033,0.42887931034482757,0.29310344827586204,negative
2016-07-11,446,446,167,149,130,10,0.021860986547085202,0.3744394618834081,0.33408071748878926,0.2914798206278027,neutral
2016-07-12,467,467,167,170,130,9,0.007023554603854392,0.3576017130620985,0.3640256959314775,0.278372591006424,neutral
2016-07-13,524,524,191,194,139,11,0.007156488549618321,0.36450381679389315,0.3702290076335878,0.2652671755725191,neutral
2016-07-14,540,540,214,152,174,7,0.05683333333333333,0.3962962962962963,0.2814814814814815,0.32222222222222224,positive
2016-07-15,515,515,203,190,122,8,0.006912621359223302,0.3941747572815534,0.36893203883495146,0.23689320388349513,neutral
2016-07-18,454,454,131,225,98,7,-0.08088105726872247,0.28854625550660795,0.4955947136563877,0.21585903083700442,negative
2016-07-19,420,420,117,226,77,9,-0.11414285714285714,0.2785714285714286,0.5380952380952381,0.18333333333333332,negative
2016-07-20,479,479,161,199,119,8,-0.04160751565762004,0.33611691022964507,0.4154488517745303,0.24843423799582465,neutral
2016-07-21,551,551,173,212,166,7,-0.043647912885662436,0.3139745916515426,0.38475499092558985,0.30127041742286753,neutral
2016-07-22,423,423,136,159,128,5,-0.009739952718676118,0.3215130023640662,0.375886524822695,0.30260047281323876,neutral
2016-07-25,452,452,128,221,103,9,-0.09484513274336283,0.2831858407079646,0.4889380530973451,0.22787610619469026,negative
2016-07-26,482,482,164,186,132,7,-0.012136929460580911,0.34024896265560167,0.38589211618257263,0.27385892116182575,neutral
2016-07-27,564,564,190,224,150,9,-0.020691489361702127,0.33687943262411346,0.3971631205673759,0.26595744680851063,neutral
2016-07-28,470,470,195,155,120,10,0.03646808510638298,0.4148936170212766,0.32978723404255317,0.2553191489361702,neutral
2016-07-29,572,572,245,196,131,9,0.035069930069930075,0.42832167832167833,0.34265734265734266,0.229020979020979,neutral
2016-08-01,554,554,205,247,102,10,-0.05274368231046931,0.3700361010830325,0.44584837545126355,0.18411552346570398,negative
2016-08-02,501,501,200,210,91,10,-0.018323353293413173,0.3992015968063872,0.41916167664670656,0.18163672654690619,neutral
2016-08-03,486,486,169,173,144,7,-0.002489711934156376,0.3477366255144033,0.3559670781893004,0.2962962962962963,neutral
2016-08-04,537,537,223,201,113,7,0.024581005586592177,0.41527001862197394,0.3743016759776536,0.21042830540037244,neutral
2016-08-05,508,508,175,193,140,7,-0.009429133858267715,0.34448818897637795,0.3799212598425197,0.2755905511811024,neutral
2016-08-08,463,463,151,192,120,5,-0.04110151187904968,0.326133909287257,0.4146868250539957,0.2591792656587473,neutral
2016-08-09,408,408,129,179,100,9,-0.06669117647058823,0.3161764705882353,0.4387254901960784,0.24509803921568626,negative
2016-08-10,481,481,224,144,113,8,0.07777546777546779,0.4656964656964657,0.2993762993762994,0.23492723492723494,positive
2016-08-11,436,436,163,156,117,8,0.014036697247706424,0.3738532110091743,0.3577981651376147,0.268348623853211,neutral
2016-08-12,541,541,207,186,148,7,0.02179297597042514,0.3826247689463956,0.3438077634011091,0.2735674676524954,neutral
2016-08-15,444,444,154,166,124,8,-0.03195945945945946,0.34684684684684686,0.3738738738738739,0.27927927927927926,neutral
2016-08-16,437,437,156,179,102,9,-0.03233409610983982,0.35697940503432496,0.4096109839816934,0.2334096109839817,neutral
2016-08-17,476,476,164,165,147,9,-0.0010924369747899137,0.3445378151260504,0.34663865546218486,0.3088235294117647,neutral
2016-08-18,496,496,222,143,131,9,0.06546370967741935,0.4475806451612903,0.28830645161290325,0.26411290322580644,positive
2016-08-19,417,417,129,199,89,8,-0.09342925659472422,0.30935251798561153,0.47721822541966424,0.21342925659472423,negative
2016-08-22,413,413,104,202,107,8,-0.1111138014527845,0.25181598062953997,0.4891041162227603,0.25907990314769974,negative
2016-08-23,447,447,132,176,139,9,-0.046286353467561527,0.2953020134228188,0.39373601789709173,0.31096196868008946,neutral
2016-08-24,574,574,166,262,146,6,-0.08560975609756098,0.289198606271777,0.4564459930313589,0.25435540069686413,negative
2016-08-25,430,430,150,170,110,8,-0.02730232558139535,0.3488372093023256,0.3953488372093023,0.2558139534883721,neutral
2016-08-26,447,447,164,181,102,7,-0.021029082774049218,0.3668903803131991,0.40492170022371365,0.22818791946308725,neutral
2016-08-29,454,454,162,184,108,7,-0.019977973568281935,0.3568281938325991,0.4052863436123348,0.23788546255506607,neutral
2016-08-30,410,410,182,143,85,8,0.04082926829268293,0.44390243902439025,0.348780487804878,0.2073170731707317,neutral
2016-08-31,532,532,166,226,140,9,-0.05150375939849624,0.31203007518796994,0.424812030075188,0.2631578947368421,negative
2016-09-01,541,541,178,217,146,9,-0.04081330868761553,0.3290203327171904,0.4011090573012939,0.2698706099815157,neutral
2016-09-02,499,499,202,152,145,7,0.04052104208416834,0.40480961923847697,0.3046092184368738,0.2905811623246493,neutral
2016-09-06,825,825,333,295,197,9,0.01547878787878788,0.4036363636363636,0.3575757575757576,0.2387878787878788,neutral
2016-09-07,521,521,229,164,128,10,0.0572936660268714,0.43953934740882916,0.31477927063339733,0.2456813819577735,positive
2016-09-08,608,608,228,193,187,12,0.02541118421052632,0.375,0.31743421052631576,0.30756578947368424,neutral
2016-09-09,509,509,166,249,94,5,-0.07925343811394892,0.32612966601178783,0.48919449901768175,0.18467583497053044,negative
2016-09-12,383,383,131,163,89,10,-0.039556135770234986,0.34203655352480417,0.4255874673629243,0.23237597911227154,neutral
2016-09-13,443,443,150,175,118,8,-0.023566591422121894,0.33860045146726864,0.39503386004514673,0.26636568848758463,neutral
2016-09-14,504,504,185,193,126,10,-0.0062698412698412665,0.36706349206349204,0.38293650793650796,0.25,neutral
2016-09-15,548,548,210,192,146,9,0.019854014598540148,0.38321167883211676,0.35036496350364965,0.2664233576642336,neutral
2016-09-16,425,425,180,124,121,8,0.06371764705882353,0.4235294117647059,0.2917647058823529,0.2847058823529412,positive
2016-09-19,548,548,284,163,101,9,0.09140510948905109,0.5182481751824818,0.29744525547445255,0.1843065693430657,positive
2016-09-20,451,451,175,155,121,9,0.019711751662971178,0.38802660753880264,0.3436807095343681,0.2682926829268293,neutral
2016-09-21,516,516,179,173,164,8,-0.007906976744186044,0.34689922480620156,0.33527131782945735,0.3178294573643411,neutral
2016-09-22,535,535,231,161,143,12,0.05977570093457944,0.43177570093457945,0.30093457943925234,0.2672897196261682,positive
2016-09-23,432,432,147,162,123,7,-0.01212962962962963,0.3402777777777778,0.375,0.2847222222222222,neutral
2016-09-26,460,460,155,183,122,7,-0.028413043478260867,0.33695652173913043,0.3978260869565217,0.26521739130434785,neutral
2016-09-27,445,445,149,168,128,10,-0.01049438202247191,0.3348314606741573,0.3775280898876405,0.2876404494382023,neutral
2016-09-28,485,485,161,182,142,10,-0.02202061855670103,0.3319587628865979,0.3752577319587629,0.2927835051546392,neutral
2016-09-29,498,498,174,185,139,7,-0.0033935742971887535,0.3493975903614458,0.3714859437751004,0.2791164658634538,neutral
2016-09-30,510,510,189,183,138,7,0.00866666666666667,0.37058823529411766,0.3588235294117647,0.27058823529411763,neutral
2016-10-03,474,474,178,170,126,10,-0.00183544303797468,0.3755274261603376,0.35864978902953587,0.26582278481012656,neutral
2016-10-04,509,509,164,260,85,8,-0.10220039292730844,0.32220039292730845,0.5108055009823183,0.16699410609037327,negative
2016-10-05,655,655,218,265,172,9,-0.032458015267175566,0.332824427480916,0.40458015267175573,0.26259541984732826,neutral
2016-10-06,412,412,120,193,99,8,-0.0836893203883495,0.2912621359223301,0.4684466019417476,0.24029126213592233,negative
2016-10-07,470,470,157,206,107,7,-0.04221276595744681,0.33404255319148934,0.43829787234042555,0.2276595744680851,neutral
2016-10-10,423,423,146,188,89,4,-0.04328605200945626,0.34515366430260047,0.4444444444444444,0.21040189125295508,neutral
2016-10-11,467,467,214,170,83,8,0.03623126338329765,0.4582441113490364,0.3640256959314775,0.1777301927194861,neutral
2016-10-12,539,539,201,164,174,8,0.04441558441558441,0.37291280148423006,0.3042671614100185,0.3228200371057514,neutral
2016-10-13,559,559,190,234,135,8,-0.03749552772808586,0.33989266547406083,0.4186046511627907,0.24150268336314848,neutral
2016-10-14,525,525,201,196,128,8,0.012742857142857144,0.38285714285714284,0.37333333333333335,0.2438095238095238,neutral
2016-10-17,482,482,168,199,115,9,-0.03290456431535269,0.34854771784232363,0.41286307053941906,0.23858921161825727,neutral
2016-10-18,494,494,198,165,131,10,0.03218623481781377,0.4008097165991903,0.3340080971659919,0.2651821862348178,neutral
2016-10-19,543,543,207,188,148,9,0.017145488029465934,0.3812154696132597,0.3462246777163904,0.27255985267034993,neutral
2016-10-20,565,565,238,177,150,8,0.05180530973451327,0.42123893805309737,0.31327433628318585,0.26548672566371684,positive
2016-10-21,460,460,160,192,108,11,-0.019152173913043476,0.34782608695652173,0.41739130434782606,0.23478260869565218,neutral
2016-10-24,510,510,156,193,161,7,-0.033352941176470585,0.3058823529411765,0.3784313725490196,0.3156862745098039,neutral
2016-10-25,426,426,130,159,137,8,-0.037840375586854456,0.3051643192488263,0.3732394366197183,0.3215962441314554,neutral
2016-10-26,462,462,173,174,115,9,-0.00372294372294372,0.37445887445887444,0.37662337662337664,0.24891774891774893,neutral
2016-10-27,502,502,184,177,141,8,0.006314741035856576,0.3665338645418327,0.35258964143426297,0.28087649402390436,neutral
2016-10-28,477,477,178,179,120,6,-0.0022641509433962235,0.3731656184486373,0.3752620545073375,0.25157232704402516,neutral
2016-10-31,474,474,188,190,96,10,-0.004345991561181431,0.39662447257383965,0.4008438818565401,0.20253164556962025,neutral
2016-11-01,497,497,250,139,108,8,0.10440643863179075,0.5030181086519114,0.2796780684104628,0.21730382293762576,positive
2016-11-02,515,515,180,179,156,12,-0.0015145631067961145,0.34951456310679613,0.34757281553398056,0.3029126213592233,neutral
2016-11-03,538,538,241,168,129,6,0.06462825278810409,0.4479553903345725,0.31226765799256506,0.23977695167286245,positive
2016-11-04,548,548,196,161,191,8,0.033795620437956204,0.35766423357664234,0.2937956204379562,0.34854014598540145,neutral
2016-11-07,479,479,214,159,106,10,0.049269311064718165,0.44676409185803756,0.33194154488517746,0.22129436325678498,neutral
2016-11-08,514,514,210,189,115,9,0.009046692607003892,0.4085603112840467,0.36770428015564205,0.2237354085603113,neutral
2016-11-09,661,661,255,248,158,10,0.023524962178517402,0.3857791225416036,0.3751891074130106,0.23903177004538578,neutral
2016-11-10,480,480,178,183,119,9,-0.002895833333333331,0.37083333333333335,0.38125,0.24791666666666667,neutral
2016-11-11,451,451,177,170,104,9,0.013082039911308206,0.3924611973392461,0.376940133037694,0.23059866962305986,neutral
2016-11-14,484,484,175,208,101,7,-0.036053719008264457,0.3615702479338843,0.4297520661157025,0.20867768595041322,neutral
2016-11-15,560,560,215,209,136,9,0.011642857142857146,0.38392857142857145,0.3732142857142857,0.24285714285714285,neutral
2016-11-16,450,450,137,183,130,10,-0.04348888888888889,0.30444444444444446,0.4066666666666667,0.28888888888888886,neutral
2016-11-17,460,460,158,178,124,10,-0.023043478260869565,0.34347826086956523,0.3869565217391304,0.26956521739130435,neutral
2016-11-18,406,406,127,198,81,8,-0.07780788177339902,0.312807881773399,0.4876847290640394,0.19950738916256158,negative
2016-11-21,445,445,194,151,100,10,0.03593258426966293,0.43595505617977526,0.3393258426966292,0.2247191011235955,neutral
2016-11-22,475,475,216,160,99,8,0.043978947368421055,0.45473684210526316,0.3368421052631579,0.20842105263157895,neutral
2016-11-23,523,523,150,192,181,6,-0.039521988527724664,0.28680688336520077,0.367112810707457,0.34608030592734224,neutral
2016-11-25,776,776,259,327,190,6,-0.037164948453608244,0.3337628865979381,0.4213917525773196,0.24484536082474226,neutral
2016-11-28,494,494,193,194,107,10,0.015121457489878544,0.39068825910931176,0.39271255060728744,0.2165991902834008,neutral
2016-11-29,421,421,155,179,87,7,-0.023230403800475058,0.3681710213776722,0.4251781472684085,0.20665083135391923,neutral
2016-11-30,656,656,330,212,114,10,0.09045731707317074,0.5030487804878049,0.3231707317073171,0.17378048780487804,positive
2016-12-01,544,544,202,186,156,10,0.022279411764705888,0.3713235294117647,0.34191176470588236,0.2867647058823529,neutral
2016-12-02,460,460,152,205,103,10,-0.050260869565217386,0.33043478260869563,0.44565217391304346,0.22391304347826088,negative
2016-12-05,524,524,185,210,129,9,-0.02614503816793893,0.3530534351145038,0.40076335877862596,0.24618320610687022,neutral
2016-12-06,462,462,185,141,136,8,0.04863636363636364,0.4004329004329004,0.3051948051948052,0.2943722943722944,neutral
2016-12-07,487,487,172,168,147,10,0.00455852156057495,0.3531827515400411,0.34496919917864477,0.30184804928131415,neutral
2016-12-08,486,486,176,185,125,9,-0.008868312757201643,0.36213991769547327,0.38065843621399176,0.257201646090535,neutral
2016-12-09,468,468,142,221,105,7,-0.09303418803418803,0.3034188034188034,0.4722222222222222,0.22435897435897437,negative
2016-12-12,488,488,202,172,114,7,0.005819672131147544,0.4139344262295082,0.3524590163934426,0.2336065573770492,neutral
2016-12-13,459,459,207,115,137,7,0.08111111111111112,0.45098039215686275,0.25054466230936817,0.2984749455337691,positive
2016-12-14,570,570,202,227,141,7,-0.03245614035087719,0.3543859649122807,0.39824561403508774,0.24736842105263157,neutral
2016-12-15,615,615,170,250,195,9,-0.07499186991869919,0.2764227642276423,0.4065040650406504,0.3170731707317073,negative
2016-12-16,438,438,156,154,128,8,6.849315068493321e-05,0.3561643835616438,0.3515981735159817,0.2922374429223744,neutral
2016-12-19,479,479,160,208,111,7,-0.03546972860125261,0.33402922755741127,0.4342379958246347,0.23173277661795408,neutral
2016-12-20,444,444,119,190,135,8,-0.06871621621621621,0.268018018018018,0.42792792792792794,0.30405405405405406,negative
2016-12-21,467,467,172,200,95,9,-0.03563169164882227,0.3683083511777302,0.4282655246252677,0.20342612419700215,neutral
2016-12-22,538,538,211,188,139,6,0.02005576208178439,0.39219330855018586,0.34944237918215615,0.258364312267658,neutral
2016-12-23,424,424,149,178,97,7,-0.016981132075471694,0.35141509433962265,0.419811320754717,0.22877358490566038,neutral
2016-12-27,364,364,177,116,71,4,0.07016483516483517,0.48626373626373626,0.31868131868131866,0.19505494505494506,positive
2016-12-28,368,368,141,163,64,7,-0.03108695652173913,0.38315217391304346,0.4429347826086957,0.17391304347826086,neutral
2016-12-29,384,384,180,131,73,5,0.05489583333333334,0.46875,0.3411458333333333,0.19010416666666666,positive
2016-12-30,301,301,116,126,59,4,-0.011495016611295676,0.3853820598006645,0.4186046511627907,0.19601328903654486,neutral
2017-01-03,671,671,248,263,160,6,-0.004008941877794328,0.36959761549925485,0.3919523099850969,0.23845007451564829,neutral
2017-01-04,464,464,193,135,136,7,0.056487068965517244,0.41594827586206895,0.29094827586206895,0.29310344827586204,positive
2017-01-05,515,515,222,169,124,7,0.040796116504854374,0.43106796116504853,0.32815533980582523,0.2407766990291262,neutral
2017-01-06,467,467,182,145,140,8,0.04721627408993576,0.3897216274089936,0.31049250535331907,0.29978586723768735,neutral
2017-01-09,395,395,145,167,83,5,-0.020075949367088605,0.3670886075949367,0.42278481012658226,0.21012658227848102,neutral
2017-01-10,433,433,206,147,80,9,0.05683602771362587,0.47575057736720555,0.3394919168591224,0.18475750577367206,positive
2017-01-11,497,497,184,177,136,8,0.009195171026156943,0.3702213279678068,0.3561368209255533,0.27364185110663986,neutral
2017-01-12,485,485,258,137,90,11,0.11325773195876289,0.5319587628865979,0.2824742268041237,0.18556701030927836,positive
2017-01-13,431,431,149,170,112,7,-0.015290023201856144,0.345707656612529,0.39443155452436196,0.25986078886310904,neutral
2017-01-17,897,897,362,329,206,10,0.0269453734671126,0.4035674470457079,0.36677814938684505,0.22965440356744704,neutral
2017-01-18,503,503,158,198,147,9,-0.029960238568588465,0.31411530815109345,0.39363817097415504,0.2922465208747515,neutral
2017-01-19,542,542,180,175,187,12,0.004280442804428048,0.33210332103321033,0.32287822878228783,0.34501845018450183,neutral
2017-01-20,453,453,165,144,144,8,0.024679911699779247,0.36423841059602646,0.31788079470198677,0.31788079470198677,neutral
2017-01-23,459,459,186,150,123,10,0.03509803921568627,0.40522875816993464,0.32679738562091504,0.2679738562091503,neutral
2017-01-24,422,422,148,141,133,7,0.007180094786729861,0.35071090047393366,0.3341232227488152,0.31516587677725116,neutral
2017-01-25,452,452,159,169,124,7,-0.0007743362831858374,0.35176991150442477,0.37389380530973454,0.2743362831858407,neutral
2017-01-26,463,463,163,175,125,9,-0.012613390928725697,0.35205183585313177,0.3779697624190065,0.26997840172786175,neutral
2017-01-27,373,373,116,188,69,4,-0.0955764075067024,0.3109919571045576,0.5040214477211796,0.18498659517426275,negative
2017-01-30,422,422,174,157,91,6,0.008127962085308065,0.41232227488151657,0.37203791469194314,0.2156398104265403,neutral
2017-01-31,472,472,212,153,107,8,0.05858050847457628,0.4491525423728814,0.3241525423728814,0.2266949152542373,positive
2017-02-01,551,551,216,176,159,10,0.029637023593466427,0.39201451905626133,0.3194192377495463,0.2885662431941924,neutral
2017-02-02,498,498,204,179,115,7,0.027590361445783133,0.40963855421686746,0.35943775100401604,0.23092369477911648,neutral
2017-02-03,494,494,190,180,124,10,0.013441295546558703,0.38461538461538464,0.3643724696356275,0.25101214574898784,neutral
2017-02-06,393,393,156,162,75,10,-0.00012722646310432185,0.3969465648854962,0.4122137404580153,0.19083969465648856,neutral
2017-02-07,463,463,173,174,116,9,-0.005550755939524833,0.37365010799136067,0.3758099352051836,0.2505399568034557,neutral
2017-02-08,505,505,192,184,129,10,0.01336633663366337,0.3801980198019802,0.36435643564356435,0.25544554455445545,neutral
2017-02-09,415,415,157,155,103,10,0.009734939759036146,0.3783132530120482,0.37349397590361444,0.24819277108433735,neutral
2017-02-10,493,493,184,172,137,8,0.012129817444219069,0.37322515212981744,0.3488843813387424,0.2778904665314402,neutral
2017-02-13,477,477,163,144,170,8,0.02268343815513627,0.3417190775681342,0.3018867924528302,0.35639412997903563,neutral
2017-02-14,485,485,158,213,114,10,-0.0531340206185567,0.32577319587628867,0.43917525773195876,0.23505154639175257,negative
2017-02-15,494,494,170,195,129,9,-0.009089068825910929,0.3441295546558704,0.39473684210526316,0.2611336032388664,neutral
2017-02-16,446,446,221,120,105,8,0.10654708520179373,0.49551569506726456,0.26905829596412556,0.23542600896860988,positive
2017-02-17,341,341,124,145,72,6,-0.022434017595307915,0.36363636363636365,0.4252199413489736,0.21114369501466276,neutral
2017-02-21,767,767,256,285,226,9,-0.017431551499348105,0.33376792698826596,0.37157757496740546,0.29465449804432853,neutral
2017-02-22,513,513,188,154,171,8,0.03313840155945419,0.3664717348927875,0.3001949317738791,0.3333333333333333,neutral
2017-02-23,480,480,173,153,154,7,0.006020833333333338,0.36041666666666666,0.31875,0.32083333333333336,neutral
2017-02-24,430,430,152,189,89,6,-0.0317906976744186,0.35348837209302325,0.43953488372093025,0.2069767441860465,neutral
2017-02-27,406,406,180,146,80,6,0.038546798029556656,0.4433497536945813,0.35960591133004927,0.19704433497536947,neutral
2017-02-28,451,451,201,145,105,7,0.06339246119733924,0.44567627494456763,0.3215077605321508,0.2328159645232816,positive
2017-03-01,583,583,227,195,161,10,0.022658662092624363,0.3893653516295026,0.3344768439108062,0.27615780445969124,neutral
2017-03-02,447,447,137,189,121,9,-0.044384787472035794,0.30648769574944074,0.4228187919463087,0.27069351230425054,neutral
2017-03-03,469,469,169,185,115,9,-0.029402985074626863,0.3603411513859275,0.39445628997867804,0.24520255863539445,neutral
2017-03-06,372,372,168,132,72,11,0.04852150537634409,0.45161290322580644,0.3548387096774194,0.1935483870967742,neutral
2017-03-07,466,466,129,163,174,9,-0.03667381974248927,0.27682403433476394,0.3497854077253219,0.37339055793991416,neutral
2017-03-08,470,470,150,215,105,10,-0.06263829787234042,0.3191489361702128,0.4574468085106383,0.22340425531914893,negative
2017-03-09,499,499,157,223,119,9,-0.06599198396793587,0.31462925851703405,0.4468937875751503,0.23847695390781562,negative
2017-03-10,460,460,180,179,101,8,0.012217391304347826,0.391304347826087,0.38913043478260867,0.21956521739130436,neutral
2017-03-13,349,349,135,123,91,9,0.0022063037249283705,0.3868194842406877,0.3524355300859599,0.2607449856733524,neutral
2017-03-14,413,413,139,149,125,11,-0.012784503631961257,0.3365617433414044,0.36077481840193704,0.3026634382566586,neutral
2017-03-15,615,615,213,245,157,10,-0.03907317073170732,0.3463414634146341,0.3983739837398374,0.2552845528455285,neutral
2017-03-16,485,485,199,174,112,9,0.013051546391752579,0.41030927835051545,0.35876288659793815,0.2309278350515464,neutral
2017-03-17,375,375,130,135,110,8,0.0038400000000000044,0.3466666666666667,0.36,0.29333333333333333,neutral
2017-03-20,390,390,138,171,81,7,-0.04476923076923076,0.35384615384615387,0.43846153846153846,0.2076923076923077,neutral
2017-03-21,388,388,168,141,79,10,0.04404639175257732,0.4329896907216495,0.3634020618556701,0.2036082474226804,neutral
2017-03-22,437,437,158,174,105,9,-0.018924485125858124,0.36155606407322655,0.39816933638443935,0.2402745995423341,neutral
2017-03-23,523,523,172,188,163,10,-0.014378585086042062,0.32887189292543023,0.35946462715105165,0.31166347992351817,neutral
2017-03-24,409,409,155,119,135,8,0.05163814180929096,0.37897310513447435,0.29095354523227385,0.33007334963325186,positive
2017-03-27,406,406,171,161,74,11,0.01788177339901478,0.4211822660098522,0.39655172413793105,0.18226600985221675,neutral
2017-03-28,365,365,176,128,61,6,0.06287671232876713,0.4821917808219178,0.3506849315068493,0.16712328767123288,positive
2017-03-29,443,443,192,161,90,9,0.021625282167042893,0.43340857787810383,0.36343115124153497,0.20316027088036118,neutral
2017-03-30,396,396,129,151,116,12,-0.022424242424242423,0.32575757575757575,0.3813131313131313,0.29292929292929293,neutral
2017-03-31,449,449,190,143,116,8,0.04746102449888642,0.42316258351893093,0.3184855233853007,0.2583518930957684,neutral
2017-04-03,470,470,147,189,134,9,-0.04582978723404255,0.3127659574468085,0.4021276595744681,0.2851063829787234,neutral
2017-04-04,465,465,180,130,155,10,0.051311827956989256,0.3870967741935484,0.27956989247311825,0.3333333333333333,positive
2017-04-05,456,456,184,136,136,7,0.04320175438596492,0.40350877192982454,0.2982456140350877,0.2982456140350877,neutral
2017-04-06,429,429,147,157,125,10,-0.00974358974358974,0.34265734265734266,0.36596736596736595,0.2913752913752914,neutral
2017-04-07,587,587,160,296,131,9,-0.12906303236797276,0.272572402044293,0.504258943781942,0.2231686541737649,negative
2017-04-10,422,422,142,188,92,9,-0.049597156398104254,0.33649289099526064,0.44549763033175355,0.21800947867298578,neutral
2017-04-11,369,369,148,128,93,10,0.03579945799457995,0.4010840108401084,0.34688346883468835,0.25203252032520324,neutral
2017-04-12,439,439,171,134,134,10,0.029362186788154897,0.3895216400911162,0.3052391799544419,0.3052391799544419,neutral
2017-04-13,467,467,260,104,103,9,0.16856531049250534,0.556745182012848,0.22269807280513917,0.22055674518201285,positive
2017-04-17,404,404,157,154,93,6,0.00611386138613862,0.3886138613861386,0.3811881188118812,0.2301980198019802,neutral
2017-04-18,381,381,157,131,93,9,0.036010498687664046,0.4120734908136483,0.3438320209973753,0.2440944881889764,neutral
2017-04-19,395,395,187,137,71,12,0.05777215189873418,0.47341772151898737,0.3468354430379747,0.17974683544303796,positive
2017-04-20,453,453,160,180,113,10,-0.031037527593818982,0.35320088300220753,0.3973509933774834,0.24944812362030905,neutral
2017-04-21,419,419,147,151,121,9,-0.005942720763723148,0.35083532219570407,0.360381861575179,0.28878281622911695,neutral
2017-04-24,491,491,232,162,97,10,0.08175152749490837,0.4725050916496945,0.329938900203666,0.1975560081466395,positive
2017-04-25,400,400,188,109,103,10,0.09185,0.47,0.2725,0.2575,positive
2017-04-26,420,420,182,143,95,8,0.054476190476190484,0.43333333333333335,0.3404761904761905,0.2261904761904762,positive
2017-04-27,483,483,153,186,144,7,-0.02865424430641822,0.3167701863354037,0.38509316770186336,0.2981366459627329,neutral
2017-04-28,518,518,208,180,130,6,0.01088803088803089,0.4015444015444015,0.3474903474903475,0.25096525096525096,neutral
2017-05-01,302,302,117,94,91,8,0.021821192052980134,0.38741721854304634,0.31125827814569534,0.30132450331125826,neutral
2017-05-02,439,439,170,132,137,10,0.0515489749430524,0.38724373576309795,0.30068337129840544,0.3120728929384966,positive
2017-05-03,427,427,181,140,106,9,0.04740046838407495,0.4238875878220141,0.32786885245901637,0.24824355971896955,neutral
2017-05-04,476,476,156,186,134,12,-0.032184873949579834,0.3277310924369748,0.3907563025210084,0.2815126050420168,neutral
2017-05-05,362,362,156,129,77,8,0.03651933701657459,0.430939226519337,0.356353591160221,0.212707182320442,neutral
2017-05-08,250,250,109,74,67,7,0.06828000000000001,0.436,0.296,0.268,positive
2017-05-09,192,192,76,53,63,8,0.06333333333333334,0.3958333333333333,0.2760416666666667,0.328125,positive
2017-05-10,308,308,145,85,78,8,0.09811688311688313,0.4707792207792208,0.275974025974026,0.2532467532467532,positive
2017-05-11,325,325,113,112,100,10,0.01218461538461539,0.3476923076923077,0.3446153846153846,0.3076923076923077,neutral
2017-05-12,197,197,80,60,57,8,0.051218274111675136,0.40609137055837563,0.30456852791878175,0.2893401015228426,positive
2017-05-15,258,258,127,76,55,9,0.08868217054263565,0.49224806201550386,0.29457364341085274,0.2131782945736434,positive
2017-05-16,242,242,135,75,32,11,0.13202479338842976,0.5578512396694215,0.30991735537190085,0.1322314049586777,positive
2017-05-17,258,258,122,93,43,10,0.043023255813953484,0.4728682170542636,0.36046511627906974,0.16666666666666666,neutral
2017-05-18,247,247,102,87,58,9,0.03643724696356275,0.41295546558704455,0.3522267206477733,0.23481781376518218,neutral
2017-05-19,191,191,84,69,38,5,0.029895287958115187,0.4397905759162304,0.3612565445026178,0.19895287958115182,neutral
2017-05-22,228,228,105,62,61,8,0.07635964912280702,0.4605263157894737,0.2719298245614035,0.2675438596491228,positive
2017-05-23,232,232,75,97,60,9,-0.054310344827586204,0.3232758620689655,0.41810344827586204,0.25862068965517243,negative
2017-05-24,334,334,86,138,110,12,-0.09266467065868263,0.25748502994011974,0.41317365269461076,0.32934131736526945,negative
2017-05-25,401,401,107,182,112,10,-0.09012468827930174,0.26683291770573564,0.4538653366583541,0.2793017456359102,negative
2017-05-26,181,181,60,80,41,7,-0.03955801104972376,0.3314917127071823,0.4419889502762431,0.2265193370165746,neutral
2017-05-30,332,332,117,147,68,11,-0.06060240963855422,0.35240963855421686,0.4427710843373494,0.20481927710843373,negative
2017-05-31,530,530,188,191,151,11,-0.005358490566037734,0.35471698113207545,0.360377358490566,0.2849056603773585,neutral
2017-06-01,469,469,155,187,127,8,-0.031236673773987204,0.3304904051172708,0.39872068230277186,0.27078891257995735,neutral
2017-06-02,457,457,142,178,137,5,-0.03652078774617068,0.31072210065645517,0.38949671772428884,0.29978118161925604,neutral
2017-06-05,412,412,183,161,68,8,0.021067961165048544,0.4441747572815534,0.3907766990291262,0.1650485436893204,neutral
2017-06-06,374,374,116,164,94,7,-0.06834224598930481,0.31016042780748665,0.4385026737967914,0.25133689839572193,negative
2017-06-07,247,247,110,92,45,8,0.030445344129554654,0.44534412955465585,0.3724696356275304,0.18218623481781376,neutral
2017-06-08,321,321,158,98,65,11,0.09554517133956386,0.49221183800623053,0.3052959501557632,0.20249221183800623,positive
2017-06-09,329,329,143,139,47,9,0.01504559270516718,0.43465045592705165,0.42249240121580545,0.14285714285714285,neutral
2017-06-12,278,278,106,137,35,10,-0.0806474820143885,0.381294964028777,0.49280575539568344,0.12589928057553956,negative
2017-06-13,214,214,81,95,38,10,-0.04869158878504673,0.37850467289719625,0.4439252336448598,0.17757009345794392,neutral
2017-06-14,438,438,139,213,86,9,-0.06728310502283105,0.317351598173516,0.4863013698630137,0.1963470319634703,negative
2017-06-15,341,341,118,138,85,9,-0.041935483870967745,0.3460410557184751,0.4046920821114369,0.24926686217008798,neutral
2017-06-16,170,170,64,68,38,8,0.002941176470588235,0.3764705882352941,0.4,0.2235294117647059,neutral
2017-06-19,223,223,82,92,49,8,-0.00730941704035874,0.36771300448430494,0.4125560538116592,0.21973094170403587,neutral
2017-06-20,194,194,69,99,26,8,-0.07479381443298969,0.3556701030927835,0.5103092783505154,0.13402061855670103,negative
2017-06-21,417,417,163,163,91,10,-0.007649880095923257,0.3908872901678657,0.3908872901678657,0.2182254196642686,neutral
2017-06-22,445,445,133,172,140,8,-0.04337078651685393,0.298876404494382,0.3865168539325843,0.3146067415730337,neutral
2017-06-23,406,406,164,148,94,8,0.009162561576354684,0.4039408866995074,0.3645320197044335,0.2315270935960591,neutral
2017-06-26,426,426,170,160,96,11,0.008568075117370897,0.39906103286384975,0.3755868544600939,0.22535211267605634,neutral
2017-06-27,448,448,182,180,86,9,-0.005245535714285712,0.40625,0.4017857142857143,0.19196428571428573,neutral
2017-06-28,427,427,189,136,102,9,0.04498829039812646,0.4426229508196721,0.3185011709601874,0.2388758782201405,neutral
2017-06-29,455,455,178,119,158,11,0.05008791208791209,0.3912087912087912,0.26153846153846155,0.34725274725274724,positive
2017-06-30,450,450,181,158,111,10,0.009644444444444449,0.4022222222222222,0.3511111111111111,0.24666666666666667,neutral
2017-07-03,448,448,179,171,98,6,0.008839285714285718,0.39955357142857145,0.38169642857142855,0.21875,neutral
2017-07-05,820,820,243,311,266,12,-0.03939024390243902,0.29634146341463413,0.37926829268292683,0.32439024390243903,neutral
2017-07-06,474,474,171,133,170,10,0.02415611814345992,0.36075949367088606,0.2805907172995781,0.35864978902953587,neutral
2017-07-07,454,454,180,178,96,7,0.011321585903083693,0.3964757709251101,0.3920704845814978,0.21145374449339208,neutral
2017-07-10,434,434,174,165,95,10,0.011635944700460829,0.4009216589861751,0.38018433179723504,0.21889400921658986,neutral
2017-07-11,385,385,137,170,78,7,-0.036571428571428574,0.35584415584415585,0.44155844155844154,0.2025974025974026,neutral
2017-07-12,502,502,198,184,120,10,0.0012350597609561774,0.3944223107569721,0.3665338645418327,0.23904382470119523,neutral
2017-07-13,472,472,178,155,139,9,0.014555084745762713,0.3771186440677966,0.3283898305084746,0.2944915254237288,neutral
2017-07-14,432,432,180,145,107,7,0.0437037037037037,0.4166666666666667,0.33564814814814814,0.24768518518518517,neutral
2017-07-17,435,435,141,178,116,7,-0.03940229885057472,0.32413793103448274,0.4091954022988506,0.26666666666666666,neutral
2017-07-18,415,415,198,133,84,5,0.06397590361445783,0.4771084337349398,0.3204819277108434,0.20240963855421687,positive
2017-07-19,431,431,189,139,103,11,0.04716937354988399,0.4385150812064965,0.3225058004640371,0.23897911832946636,neutral
2017-07-20,500,500,224,133,143,9,0.08096,0.448,0.266,0.286,positive
2017-07-21,425,425,179,147,99,7,0.023294117647058823,0.4211764705882353,0.3458823529411765,0.23294117647058823,neutral
2017-07-24,437,437,160,149,128,8,0.009588100686498856,0.36613272311212813,0.34096109839816935,0.2929061784897025,neutral
2017-07-25,438,438,208,118,112,10,0.09474885844748858,0.4748858447488584,0.2694063926940639,0.2557077625570776,positive
2017-07-26,445,445,149,158,138,7,-0.0118876404494382,0.3348314606741573,0.3550561797752809,0.3101123595505618,neutral
2017-07-27,442,442,184,152,106,7,0.040271493212669686,0.416289592760181,0.3438914027149321,0.2398190045248869,neutral
2017-07-28,463,463,164,175,124,8,0.0007127429805615543,0.3542116630669546,0.3779697624190065,0.2678185745140389,neutral
2017-07-31,470,470,212,136,122,12,0.07297872340425532,0.451063829787234,0.28936170212765955,0.25957446808510637,positive
2017-08-01,477,477,199,158,120,10,0.053312368972746334,0.4171907756813417,0.3312368972746331,0.25157232704402516,positive
2017-08-02,433,433,154,176,103,8,-0.02099307159353348,0.3556581986143187,0.4064665127020785,0.23787528868360278,neutral
2017-08-03,505,505,165,201,139,6,-0.03807920792079207,0.32673267326732675,0.39801980198019804,0.27524752475247527,neutral
2017-08-04,475,475,175,171,129,7,0.010589473684210527,0.3684210526315789,0.36,0.27157894736842103,neutral
2017-08-07,416,416,197,135,84,7,0.06334134615384615,0.4735576923076923,0.3245192307692308,0.20192307692307693,positive
2017-08-08,401,401,182,142,77,8,0.04965087281795511,0.4538653366583541,0.3541147132169576,0.19201995012468828,neutral
2017-08-09,401,401,159,171,71,7,-0.008927680798004984,0.39650872817955113,0.42643391521197005,0.1770573566084788,neutral
2017-08-10,477,477,170,180,127,10,-0.017693920335429766,0.35639412997903563,0.37735849056603776,0.2662473794549266,neutral
2017-08-11,406,406,133,169,104,6,-0.03389162561576354,0.3275862068965517,0.41625615763546797,0.2561576354679803,neutral
2017-08-14,471,471,172,202,97,9,-0.028768577494692138,0.3651804670912951,0.4288747346072187,0.2059447983014862,neutral
2017-08-15,458,458,147,197,114,10,-0.055131004366812224,0.32096069868995636,0.43013100436681223,0.24890829694323144,negative
2017-08-16,478,478,199,146,133,9,0.057782426778242676,0.41631799163179917,0.3054393305439331,0.27824267782426776,positive
2017-08-17,490,490,205,151,134,7,0.051816326530612244,0.41836734693877553,0.3081632653061224,0.27346938775510204,positive
2017-08-18,426,426,163,170,93,7,-0.02239436619718309,0.3826291079812207,0.39906103286384975,0.21830985915492956,neutral
2017-08-21,362,362,133,120,109,8,0.021353591160220998,0.3674033149171271,0.3314917127071823,0.3011049723756906,neutral
2017-08-22,373,373,148,143,82,6,-0.00029490616621983585,0.3967828418230563,0.38337801608579086,0.21983914209115282,neutral
2017-08-23,455,455,182,164,109,10,0.007428571428571433,0.4,0.36043956043956044,0.23956043956043957,neutral
2017-08-24,420,420,149,158,113,11,-0.0023571428571428545,0.3547619047619048,0.3761904761904762,0.26904761904761904,neutral
2017-08-25,403,403,138,165,100,8,-0.030918114143920587,0.3424317617866005,0.4094292803970223,0.24813895781637718,neutral
2017-08-28,494,494,189,228,77,7,-0.04724696356275303,0.3825910931174089,0.46153846153846156,0.15587044534412955,neutral
2017-08-29,422,422,170,160,92,8,0.009976303317535549,0.4028436018957346,0.3791469194312796,0.21800947867298578,neutral
2017-08-30,458,458,179,167,112,11,0.026157205240174675,0.39082969432314413,0.3646288209606987,0.2445414847161572,neutral
2017-08-31,491,491,206,146,139,10,0.059287169042769865,0.4195519348268839,0.2973523421588595,0.2830957230142566,positive
2017-09-01,472,472,216,151,105,11,0.06783898305084747,0.4576271186440678,0.3199152542372881,0.22245762711864406,positive
2017-09-05,678,678,275,235,168,11,0.01902654867256638,0.4056047197640118,0.3466076696165192,0.24778761061946902,neutral
2017-09-06,300,300,112,102,86,9,0.0023000000000000013,0.37333333333333335,0.34,0.2866666666666667,neutral
2017-09-07,336,336,121,124,91,10,-0.019761904761904765,0.3601190476190476,0.36904761904761907,0.2708333333333333,neutral
2017-09-08,312,312,129,143,40,9,-0.027500000000000007,0.41346153846153844,0.4583333333333333,0.1282051282051282,neutral
2017-09-11,219,219,74,115,30,8,-0.10109589041095891,0.3378995433789954,0.5251141552511416,0.136986301369863,negative
2017-09-12,221,221,81,89,51,9,-0.00782805429864253,0.3665158371040724,0.40271493212669685,0.23076923076923078,neutral
2017-09-13,202,202,88,66,48,7,0.05846534653465347,0.43564356435643564,0.32673267326732675,0.2376237623762376,positive
2017-09-14,320,320,133,119,68,8,0.01496875,0.415625,0.371875,0.2125,neutral
2017-09-15,293,293,105,139,49,9,-0.0836518771331058,0.3583617747440273,0.47440273037542663,0.16723549488054607,negative
2017-09-18,222,222,91,84,47,10,0.0034234234234234266,0.4099099099099099,0.3783783783783784,0.21171171171171171,neutral
2017-09-19,208,208,77,82,49,9,-0.02399038461538461,0.3701923076923077,0.3942307692307692,0.23557692307692307,neutral
2017-09-20,276,276,117,90,69,6,0.02735507246376812,0.42391304347826086,0.32608695652173914,0.25,neutral
2017-09-21,288,288,104,98,86,7,-0.010138888888888885,0.3611111111111111,0.3402777777777778,0.2986111111111111,neutral
2017-09-22,257,257,81,116,60,8,-0.08124513618677043,0.3151750972762646,0.45136186770428016,0.23346303501945526,negative
2017-09-25,259,259,99,108,52,8,-0.004208494208494208,0.38223938223938225,0.416988416988417,0.20077220077220076,neutral
2017-09-26,294,294,85,140,69,11,-0.09812925170068028,0.2891156462585034,0.47619047619047616,0.23469387755102042,negative
2017-09-27,237,237,96,91,50,8,-0.004767932489451474,0.4050632911392405,0.38396624472573837,0.2109704641350211,neutral
2017-09-28,256,256,95,83,78,8,0.0272265625,0.37109375,0.32421875,0.3046875,neutral
2017-09-29,265,265,101,99,65,10,0.0001886792452830182,0.38113207547169814,0.37358490566037733,0.24528301886792453,neutral
2017-10-02,614,614,178,301,135,13,-0.08231270358306189,0.2899022801302932,0.49022801302931596,0.21986970684039087,negative
2017-10-03,468,468,150,204,114,9,-0.0452991452991453,0.32051282051282054,0.4358974358974359,0.24358974358974358,neutral
2017-10-04,302,302,127,92,83,12,0.05201986754966888,0.4205298013245033,0.304635761589404,0.27483443708609273,positive
2017-10-05,241,241,84,72,85,7,0.011908713692946061,0.34854771784232363,0.2987551867219917,0.35269709543568467,neutral
2017-10-06,200,200,64,89,47,6,-0.0864,0.32,0.445,0.235,negative
2017-10-09,201,201,84,79,38,7,-0.010099502487562176,0.417910447761194,0.39303482587064675,0.1890547263681592,neutral
2017-10-10,211,211,86,80,45,9,0.02260663507109005,0.4075829383886256,0.3791469194312796,0.2132701421800948,neutral
2017-10-11,278,278,83,75,120,10,0.006007194244604312,0.29856115107913667,0.2697841726618705,0.4316546762589928,neutral
2017-10-12,309,309,143,100,66,9,0.066084142394822,0.4627831715210356,0.32362459546925565,0.21359223300970873,positive
2017-10-13,236,236,106,90,40,9,0.017669491525423728,0.4491525423728814,0.3813559322033898,0.1694915254237288,neutral
2017-10-16,258,258,95,111,52,10,-0.05236434108527132,0.3682170542635659,0.43023255813953487,0.20155038759689922,negative
2017-10-17,212,212,66,97,49,7,-0.06231132075471699,0.3113207547169811,0.45754716981132076,0.23113207547169812,negative
2017-10-18,405,405,130,163,112,10,-0.04775308641975309,0.32098765432098764,0.4024691358024691,0.2765432098765432,neutral
2017-10-19,517,517,195,159,163,7,0.054294003868471954,0.3771760154738878,0.30754352030947774,0.3152804642166344,positive
2017-10-20,377,377,168,110,99,7,0.08962864721485411,0.44562334217506633,0.2917771883289125,0.2625994694960212,positive
2017-10-23,426,426,152,165,109,7,-0.0094131455399061,0.3568075117370892,0.3873239436619718,0.25586854460093894,neutral
2017-10-24,479,479,183,160,136,9,0.021795407098121087,0.38204592901878914,0.33402922755741127,0.2839248434237996,neutral
2017-10-25,492,492,182,168,142,10,0.017052845528455287,0.3699186991869919,0.34146341463414637,0.2886178861788618,neutral
2017-10-26,571,571,177,203,191,12,-0.028406304728546408,0.30998248686514884,0.3555166374781086,0.3345008756567426,neutral
2017-10-27,377,377,137,132,108,9,0.006472148541114059,0.363395225464191,0.35013262599469497,0.2864721485411141,neutral
2017-10-30,495,495,214,156,125,8,0.056868686868686874,0.43232323232323233,0.3151515151515151,0.25252525252525254,positive
2017-10-31,484,484,188,175,121,9,0.016962809917355375,0.3884297520661157,0.3615702479338843,0.25,neutral
2017-11-01,566,566,202,212,152,9,-0.01998233215547703,0.3568904593639576,0.3745583038869258,0.26855123674911663,neutral
2017-11-02,325,325,103,144,78,10,-0.09541538461538462,0.3169230769230769,0.4430769230769231,0.24,negative
2017-11-03,277,277,106,84,87,8,0.03675090252707581,0.38267148014440433,0.30324909747292417,0.3140794223826715,neutral
2017-11-06,272,272,105,102,65,10,-0.013823529411764705,0.3860294117647059,0.375,0.23897058823529413,neutral
2017-11-07,181,181,78,55,48,10,0.05513812154696133,0.430939226519337,0.30386740331491713,0.26519337016574585,positive
2017-11-08,244,244,97,72,75,10,0.05168032786885245,0.3975409836065574,0.29508196721311475,0.3073770491803279,positive
2017-11-09,253,253,89,92,72,11,-0.007075098814229249,0.35177865612648224,0.36363636363636365,0.2845849802371542,neutral
2017-11-10,165,165,64,56,45,6,0.022666666666666665,0.3878787878787879,0.3393939393939394,0.2727272727272727,neutral
2017-11-13,216,216,69,101,46,8,-0.08453703703703702,0.3194444444444444,0.4675925925925926,0.21296296296296297,negative
2017-11-14,275,275,101,107,67,11,-0.0053454545454545465,0.36727272727272725,0.3890909090909091,0.24363636363636362,neutral
2017-11-15,302,302,107,132,63,9,-0.041324503311258275,0.3543046357615894,0.4370860927152318,0.20860927152317882,neutral
2017-11-16,243,243,102,80,61,8,0.030987654320987653,0.41975308641975306,0.3292181069958848,0.25102880658436216,neutral
2017-11-17,175,175,89,55,31,6,0.08468571428571428,0.5085714285714286,0.3142857142857143,0.17714285714285713,positive
2017-11-20,230,230,91,73,66,9,0.03808695652173913,0.39565217391304347,0.3173913043478261,0.28695652173913044,neutral
2017-11-21,180,180,82,64,34,10,0.030111111111111116,0.45555555555555555,0.35555555555555557,0.18888888888888888,neutral
2017-11-22,327,327,108,116,103,7,-0.023333333333333327,0.3302752293577982,0.3547400611620795,0.3149847094801223,neutral
2017-11-24,291,291,102,116,73,6,-0.048384879725085914,0.35051546391752575,0.39862542955326463,0.2508591065292096,neutral
2017-11-27,203,203,70,111,22,6,-0.10857142857142857,0.3448275862068966,0.5467980295566502,0.10837438423645321,negative
2017-11-28,200,200,87,73,40,11,0.026399999999999996,0.435,0.365,0.2,neutral
2017-11-29,252,252,115,89,48,11,0.04928571428571429,0.45634920634920634,0.3531746031746032,0.19047619047619047,neutral
2017-11-30,305,305,126,102,77,10,0.030327868852459017,0.4131147540983607,0.3344262295081967,0.25245901639344265,neutral
2017-12-01,245,245,109,82,54,10,0.05044897959183673,0.4448979591836735,0.3346938775510204,0.22040816326530613,positive
2017-12-04,241,241,93,84,64,11,0.015394190871369295,0.38589211618257263,0.34854771784232363,0.26556016597510373,neutral
2017-12-05,273,273,98,84,91,7,0.021355311355311355,0.358974358974359,0.3076923076923077,0.3333333333333333,neutral
2017-12-06,281,281,102,103,76,9,-0.0004982206405693949,0.36298932384341637,0.3665480427046263,0.2704626334519573,neutral
2017-12-07,218,218,96,81,41,6,0.04027522935779817,0.44036697247706424,0.37155963302752293,0.18807339449541285,neutral
2017-12-08,219,219,108,75,36,6,0.08534246575342465,0.4931506849315068,0.3424657534246575,0.1643835616438356,positive
2017-12-11,257,257,108,91,58,9,0.01151750972762646,0.42023346303501946,0.3540856031128405,0.22568093385214008,neutral
2017-12-12,281,281,91,126,64,7,-0.088932384341637,0.3238434163701068,0.4483985765124555,0.2277580071174377,negative
2017-12-13,309,309,111,133,65,7,-0.042750809061488676,0.3592233009708738,0.43042071197411,0.21035598705501618,neutral
2017-12-14,386,386,134,97,155,8,0.025673575129533676,0.3471502590673575,0.25129533678756477,0.4015544041450777,neutral
2017-12-15,184,184,71,70,43,8,-0.022445652173913044,0.3858695652173913,0.3804347826086957,0.23369565217391305,neutral
2017-12-18,279,279,111,116,52,7,-0.0013620071684587798,0.3978494623655914,0.4157706093189964,0.1863799283154122,neutral
2017-12-19,166,166,94,40,32,9,0.14572289156626506,0.5662650602409639,0.24096385542168675,0.1927710843373494,positive
2017-12-20,238,238,97,76,65,10,0.026638655462184878,0.40756302521008403,0.31932773109243695,0.27310924369747897,neutral
2017-12-21,259,259,108,83,68,10,0.06084942084942085,0.416988416988417,0.3204633204633205,0.2625482625482625,positive
2017-12-22,235,235,94,106,35,11,-0.043659574468085105,0.4,0.451063829787234,0.14893617021276595,neutral
2017-12-26,122,122,42,51,29,5,-0.02557377049180328,0.3442622950819672,0.4180327868852459,0.23770491803278687,neutral
2017-12-27,115,115,40,44,31,5,-0.035304347826086956,0.34782608695652173,0.3826086956521739,0.26956521739130435,neutral
2017-12-28,159,159,51,66,42,5,-0.07339622641509433,0.32075471698113206,0.41509433962264153,0.2641509433962264,negative
2017-12-29,107,107,24,60,23,5,-0.14233644859813085,0.22429906542056074,0.5607476635514018,0.21495327102803738,negative
2018-01-02,187,187,64,89,34,6,-0.06989304812834224,0.3422459893048128,0.47593582887700536,0.18181818181818182,negative
2018-01-03,232,232,67,42,123,9,0.030905172413793102,0.28879310344827586,0.1810344827586207,0.5301724137931034,neutral
2018-01-04,305,305,137,70,98,5,0.09570491803278688,0.4491803278688525,0.22950819672131148,0.32131147540983607,positive
2018-01-05,328,328,130,108,90,5,0.02689024390243902,0.39634146341463417,0.32926829268292684,0.27439024390243905,neutral
2018-01-08,176,176,71,59,46,8,0.037386363636363634,0.4034090909090909,0.3352272727272727,0.26136363636363635,neutral
2018-01-09,175,175,90,52,33,6,0.11954285714285716,0.5142857142857142,0.29714285714285715,0.18857142857142858,positive
2018-01-10,226,226,76,84,66,10,-0.011106194690265487,0.336283185840708,0.37168141592920356,0.2920353982300885,neutral
2018-01-11,248,248,94,99,55,9,-0.017540322580645158,0.3790322580645161,0.39919354838709675,0.2217741935483871,neutral
2018-01-12,254,254,114,84,56,6,0.0531496062992126,0.44881889763779526,0.33070866141732286,0.2204724409448819,positive
2018-01-16,305,305,121,127,57,6,-0.024754098360655737,0.39672131147540984,0.4163934426229508,0.18688524590163935,neutral
2018-01-17,244,244,77,109,58,8,-0.07606557377049179,0.3155737704918033,0.44672131147540983,0.23770491803278687,negative
2018-01-18,319,319,154,70,95,9,0.1287460815047022,0.4827586206896552,0.219435736677116,0.29780564263322884,positive
2018-01-19,119,119,43,51,25,5,-0.041680672268907565,0.36134453781512604,0.42857142857142855,0.21008403361344538,neutral
2018-01-22,179,179,70,54,55,6,0.04335195530726258,0.39106145251396646,0.3016759776536313,0.30726256983240224,neutral
2018-01-23,209,209,87,83,39,7,-0.024736842105263154,0.41626794258373206,0.39712918660287083,0.18660287081339713,neutral
2018-01-24,344,344,132,136,76,8,-0.024563953488372092,0.38372093023255816,0.3953488372093023,0.22093023255813954,neutral
2018-01-25,312,312,115,101,96,7,-9.615384615384357e-05,0.3685897435897436,0.32371794871794873,0.3076923076923077,neutral
2018-01-26,236,236,84,88,64,7,-0.022881355932203386,0.3559322033898305,0.3728813559322034,0.2711864406779661,neutral
2018-01-29,237,237,80,94,63,11,-0.049367088607594936,0.33755274261603374,0.39662447257383965,0.26582278481012656,neutral
2018-01-30,235,235,110,67,58,8,0.0745531914893617,0.46808510638297873,0.2851063829787234,0.24680851063829787,positive
2018-01-31,294,294,111,90,93,7,0.03537414965986395,0.37755102040816324,0.30612244897959184,0.3163265306122449,neutral
2018-02-01,250,250,110,75,65,6,0.06132,0.44,0.3,0.26,positive
2018-02-02,209,209,79,91,39,7,-0.01760765550239235,0.37799043062200954,0.4354066985645933,0.18660287081339713,neutral
2018-02-05,243,243,71,108,64,8,-0.05534979423868312,0.29218106995884774,0.4444444444444444,0.26337448559670784,negative
2018-02-06,241,241,55,102,84,6,-0.09145228215767634,0.22821576763485477,0.42323651452282157,0.34854771784232363,negative
2018-02-07,265,265,94,89,82,9,0.00958490566037736,0.35471698113207545,0.33584905660377357,0.30943396226415093,neutral
2018-02-08,290,290,99,119,72,7,-0.05103448275862069,0.3413793103448276,0.4103448275862069,0.2482758620689655,negative
2018-02-09,193,193,53,97,43,6,-0.11077720207253886,0.27461139896373055,0.5025906735751295,0.22279792746113988,negative
2018-02-12,183,183,79,69,35,7,-0.008415300546448084,0.43169398907103823,0.3770491803278688,0.1912568306010929,neutral
2018-02-13,189,189,53,83,53,7,-0.08439153439153439,0.2804232804232804,0.43915343915343913,0.2804232804232804,negative
2018-02-14,315,315,92,144,79,8,-0.05568253968253968,0.2920634920634921,0.45714285714285713,0.2507936507936508,negative
2018-02-15,328,328,110,137,81,9,-0.04323170731707317,0.3353658536585366,0.4176829268292683,0.24695121951219512,neutral
2018-02-16,153,153,77,41,35,8,0.1262091503267974,0.5032679738562091,0.2679738562091503,0.22875816993464052,positive
2018-02-20,264,264,105,103,56,7,-0.004393939393939391,0.3977272727272727,0.39015151515151514,0.21212121212121213,neutral
2018-02-21,289,289,70,75,144,6,-0.020380622837370244,0.2422145328719723,0.25951557093425603,0.4982698961937716,neutral
2018-02-22,258,258,88,99,71,8,-0.01573643410852713,0.34108527131782945,0.38372093023255816,0.2751937984496124,neutral
2018-02-23,187,187,84,55,48,8,0.03807486631016043,0.44919786096256686,0.29411764705882354,0.25668449197860965,neutral
2018-02-26,246,246,102,107,37,9,-0.0082520325203252,0.4146341463414634,0.4349593495934959,0.15040650406504066,neutral
2018-02-27,270,270,109,98,63,7,0.030481481481481484,0.40370370370370373,0.362962962962963,0.23333333333333334,neutral
2018-02-28,355,355,121,125,109,8,-0.018309859154929574,0.3408450704225352,0.352112676056338,0.30704225352112674,neutral
2018-03-01,293,293,122,86,85,10,0.056109215017064853,0.41638225255972694,0.2935153583617747,0.2901023890784983,positive
2018-03-02,215,215,86,82,47,9,0.03344186046511628,0.4,0.3813953488372093,0.2186046511627907,neutral
2018-03-05,255,255,100,87,68,8,0.04149019607843138,0.39215686274509803,0.3411764705882353,0.26666666666666666,neutral
2018-03-06,240,240,96,81,63,7,0.033166666666666664,0.4,0.3375,0.2625,neutral
2018-03-07,332,332,101,119,112,7,-0.005542168674698797,0.3042168674698795,0.35843373493975905,0.3373493975903614,neutral
2018-03-08,254,254,100,70,84,7,0.06901574803149607,0.3937007874015748,0.2755905511811024,0.33070866141732286,positive
2018-03-09,225,225,113,68,44,7,0.11702222222222221,0.5022222222222222,0.3022222222222222,0.19555555555555557,positive
2018-03-12,201,201,65,92,44,8,-0.05592039800995024,0.32338308457711445,0.4577114427860697,0.21890547263681592,negative
2018-03-13,217,217,74,71,72,9,-0.0018433179723502304,0.34101382488479265,0.3271889400921659,0.3317972350230415,neutral
2018-03-14,283,283,120,93,70,9,0.05964664310954063,0.42402826855123676,0.3286219081272085,0.24734982332155478,positive
2018-03-15,253,253,98,110,45,8,-0.020355731225296443,0.38735177865612647,0.43478260869565216,0.17786561264822134,neutral
2018-03-16,192,192,65,101,26,6,-0.09036458333333332,0.3385416666666667,0.5260416666666666,0.13541666666666666,negative
2018-03-19,255,255,112,94,49,10,0.04992156862745098,0.4392156862745098,0.3686274509803922,0.19215686274509805,neutral
2018-03-20,229,229,90,89,50,6,0.010524017467248908,0.3930131004366812,0.388646288209607,0.2183406113537118,neutral
2018-03-21,297,297,95,129,73,7,-0.10188552188552188,0.31986531986531985,0.43434343434343436,0.24579124579124578,negative
2018-03-22,316,316,76,127,113,7,-0.10496835443037975,0.24050632911392406,0.40189873417721517,0.3575949367088608,negative
2018-03-23,220,220,80,109,31,9,-0.07290909090909091,0.36363636363636365,0.4954545454545455,0.1409090909090909,negative
2018-03-26,283,283,107,117,59,7,-0.011978798586572437,0.37809187279151946,0.4134275618374558,0.20848056537102475,neutral
2018-03-27,195,195,78,69,48,7,0.029230769230769227,0.4,0.35384615384615387,0.24615384615384617,neutral
2018-03-28,210,210,74,84,52,6,-0.039428571428571424,0.3523809523809524,0.4,0.24761904761904763,neutral
2018-03-29,270,270,105,108,57,8,0.021333333333333333,0.3888888888888889,0.4,0.2111111111111111,neutral
2018-04-02,205,205,83,83,39,6,-0.01419512195121951,0.40487804878048783,0.40487804878048783,0.1902439024390244,neutral
2018-04-03,225,225,78,80,67,8,-0.020888888888888887,0.3466666666666667,0.35555555555555557,0.29777777777777775,neutral
2018-04-04,200,200,72,87,41,8,-0.0515,0.36,0.435,0.205,negative
2018-04-05,281,281,74,101,106,8,-0.05793594306049823,0.26334519572953735,0.3594306049822064,0.37722419928825623,negative
2018-04-06,176,176,66,75,35,4,-0.022897727272727278,0.375,0.42613636363636365,0.19886363636363635,neutral
2018-04-09,258,258,123,110,25,9,0.008410852713178294,0.47674418604651164,0.4263565891472868,0.09689922480620156,neutral
2018-04-10,227,227,86,83,58,9,-0.01475770925110132,0.3788546255506608,0.3656387665198238,0.2555066079295154,neutral
2018-04-11,295,295,115,96,84,8,0.0020338983050847462,0.3898305084745763,0.3254237288135593,0.2847457627118644,neutral
2018-04-12,232,232,84,89,59,9,-0.01754310344827586,0.3620689655172414,0.38362068965517243,0.2543103448275862,neutral
2018-04-13,216,216,93,93,30,7,-0.017407407407407406,0.4305555555555556,0.4305555555555556,0.1388888888888889,neutral
2018-04-16,237,237,85,113,39,6,-0.059746835443037966,0.35864978902953587,0.4767932489451477,0.16455696202531644,negative
2018-04-17,254,254,103,116,35,7,-0.022598425196850395,0.40551181102362205,0.4566929133858268,0.1377952755905512,neutral
2018-04-18,235,235,104,88,43,6,0.0025531914893617085,0.4425531914893617,0.37446808510638296,0.1829787234042553,neutral
2018-04-19,251,251,107,72,72,7,0.0653784860557769,0.4262948207171315,0.2868525896414343,0.2868525896414343,positive
2018-04-20,193,193,70,86,37,6,-0.028134715025906733,0.3626943005181347,0.44559585492227977,0.19170984455958548,neutral
2018-04-23,232,232,72,83,77,8,-0.0007327586206896549,0.3103448275862069,0.3577586206896552,0.33189655172413796,neutral
2018-04-24,258,258,110,88,60,8,0.017984496124031007,0.4263565891472868,0.34108527131782945,0.23255813953488372,neutral
2018-04-25,228,228,93,60,75,9,0.058245614035087726,0.40789473684210525,0.2631578947368421,0.32894736842105265,positive
2018-04-26,318,318,158,76,84,9,0.1070754716981132,0.4968553459119497,0.2389937106918239,0.2641509433962264,positive
2018-04-27,284,284,104,105,75,8,-0.02630281690140845,0.36619718309859156,0.36971830985915494,0.2640845070422535,neutral
2018-04-30,259,259,115,65,79,7,0.05513513513513514,0.444015444015444,0.25096525096525096,0.305019305019305,positive
2018-05-01,160,160,50,77,33,7,-0.06675,0.3125,0.48125,0.20625,negative
2018-05-02,309,309,113,105,91,11,0.0017475728155339806,0.3656957928802589,0.33980582524271846,0.29449838187702265,neutral
2018-05-03,312,312,107,100,105,6,-0.001025641025641022,0.34294871794871795,0.32051282051282054,0.33653846153846156,neutral
2018-05-04,250,250,121,83,46,6,0.06924,0.484,0.332,0.184,positive
2018-05-07,190,190,87,57,46,8,0.06610526315789475,0.45789473684210524,0.3,0.24210526315789474,positive
2018-05-08,234,234,74,99,61,6,-0.05209401709401709,0.3162393162393162,0.4230769230769231,0.2606837606837607,negative
2018-05-09,245,245,92,106,47,8,-0.0463265306122449,0.37551020408163266,0.4326530612244898,0.19183673469387755,neutral
2018-05-10,331,331,98,121,112,8,-0.05839879154078549,0.29607250755287007,0.36555891238670696,0.338368580060423,negative
2018-05-11,158,158,55,63,40,5,-0.030759493670886078,0.34810126582278483,0.3987341772151899,0.25316455696202533,neutral
2018-05-14,213,213,74,85,54,7,-0.035211267605633804,0.3474178403755869,0.39906103286384975,0.2535211267605634,neutral
2018-05-15,283,283,112,121,50,7,-0.038869257950530034,0.3957597173144876,0.4275618374558304,0.17667844522968199,neutral
2018-05-16,233,233,71,104,58,6,-0.07798283261802574,0.30472103004291845,0.44635193133047213,0.24892703862660945,negative
2018-05-17,228,228,95,68,65,9,0.051973684210526325,0.4166666666666667,0.2982456140350877,0.2850877192982456,positive
2018-05-18,170,170,49,94,27,6,-0.09970588235294117,0.28823529411764703,0.5529411764705883,0.1588235294117647,negative
2018-05-21,219,219,92,83,44,7,0.015525114155251143,0.4200913242009132,0.3789954337899543,0.2009132420091324,neutral
2018-05-22,145,145,72,38,35,7,0.09213793103448277,0.496551724137931,0.2620689655172414,0.2413793103448276,positive
2018-05-23,324,324,107,83,134,8,0.016944444444444446,0.33024691358024694,0.25617283950617287,0.41358024691358025,neutral
2018-05-24,259,259,90,99,70,10,-0.027760617760617758,0.3474903474903475,0.38223938223938225,0.2702702702702703,neutral
2018-05-25,163,163,51,80,32,7,-0.07969325153374233,0.3128834355828221,0.49079754601226994,0.19631901840490798,negative
2018-05-29,280,280,99,115,66,8,-0.02692857142857143,0.3535714285714286,0.4107142857142857,0.2357142857142857,neutral
2018-05-30,261,261,106,91,64,8,0.03203065134099617,0.4061302681992337,0.3486590038314176,0.24521072796934865,neutral
2018-05-31,274,274,137,89,48,9,0.09762773722627738,0.5,0.3248175182481752,0.17518248175182483,positive
2018-06-01,184,184,81,61,42,8,0.07168478260869565,0.44021739130434784,0.33152173913043476,0.22826086956521738,positive
2018-06-04,217,217,71,92,54,7,-0.0563594470046083,0.3271889400921659,0.423963133640553,0.2488479262672811,negative
2018-06-05,212,212,81,85,46,8,-0.007688679245283018,0.38207547169811323,0.4009433962264151,0.2169811320754717,neutral
2018-06-06,275,275,110,87,78,8,0.02454545454545455,0.4,0.31636363636363635,0.28363636363636363,neutral
2018-06-07,163,163,68,64,31,8,-0.008773006134969326,0.4171779141104294,0.39263803680981596,0.1901840490797546,neutral
2018-06-08,165,165,55,71,39,5,-0.03139393939393939,0.3333333333333333,0.4303030303030303,0.23636363636363636,neutral
2018-06-11,203,203,76,99,28,6,-0.10719211822660098,0.37438423645320196,0.4876847290640394,0.13793103448275862,negative
2018-06-12,190,190,72,66,52,6,0.03305263157894737,0.37894736842105264,0.3473684210526316,0.2736842105263158,neutral
2018-06-13,342,342,82,153,107,7,-0.13874269005847953,0.23976608187134502,0.4473684210526316,0.3128654970760234,negative
2018-06-14,305,305,99,144,62,7,-0.10370491803278688,0.32459016393442625,0.4721311475409836,0.20327868852459016,negative
2018-06-15,181,181,72,76,33,7,-0.011988950276243094,0.39779005524861877,0.4198895027624309,0.18232044198895028,neutral
2018-06-18,205,205,87,75,43,7,0.04107317073170732,0.424390243902439,0.36585365853658536,0.2097560975609756,neutral
2018-06-19,160,160,72,61,27,9,0.033499999999999995,0.45,0.38125,0.16875,neutral
2018-06-20,217,217,85,90,42,8,-0.018156682027649772,0.391705069124424,0.4147465437788018,0.1935483870967742,neutral
2018-06-21,242,242,77,88,77,9,-0.04475206611570248,0.3181818181818182,0.36363636363636365,0.3181818181818182,neutral
2018-06-22,178,178,80,51,47,5,0.04904494382022471,0.449438202247191,0.28651685393258425,0.2640449438202247,neutral
2018-06-25,179,179,77,63,39,6,0.04743016759776535,0.4301675977653631,0.35195530726256985,0.21787709497206703,neutral
2018-06-26,181,181,76,72,33,10,0.01591160220994475,0.4198895027624309,0.39779005524861877,0.18232044198895028,neutral
2018-06-27,195,195,99,55,41,7,0.08938461538461538,0.5076923076923077,0.28205128205128205,0.21025641025641026,positive
2018-06-28,235,235,82,81,72,7,-0.006468085106382975,0.34893617021276596,0.3446808510638298,0.30638297872340425,neutral
2018-06-29,259,259,93,96,70,7,0.005057915057915056,0.3590733590733591,0.37065637065637064,0.2702702702702703,neutral
2018-07-02,235,235,87,92,56,8,0.0017446808510638342,0.3702127659574468,0.39148936170212767,0.23829787234042554,neutral
2018-07-03,230,230,96,71,63,8,0.05121739130434783,0.41739130434782606,0.30869565217391304,0.27391304347826084,positive
2018-07-05,380,380,123,125,132,10,0.005552631578947367,0.3236842105263158,0.32894736842105265,0.3473684210526316,neutral
2018-07-06,193,193,90,55,48,7,0.11740932642487047,0.46632124352331605,0.2849740932642487,0.24870466321243523,positive
2018-07-09,202,202,88,73,41,6,0.028613861386138615,0.43564356435643564,0.3613861386138614,0.20297029702970298,neutral
2018-07-10,201,201,95,74,32,7,0.04099502487562189,0.472636815920398,0.3681592039800995,0.15920398009950248,neutral
2018-07-11,232,232,80,112,40,9,-0.058577586206896556,0.3448275862068966,0.4827586206896552,0.1724137931034483,negative
2018-07-12,240,240,81,73,86,10,0.010458333333333339,0.3375,0.30416666666666664,0.35833333333333334,neutral
2018-07-13,225,225,89,88,48,6,-0.0028888888888888883,0.39555555555555555,0.39111111111111113,0.21333333333333335,neutral
2018-07-16,231,231,79,103,49,7,-0.05909090909090908,0.341991341991342,0.4458874458874459,0.21212121212121213,negative
2018-07-17,168,168,84,57,27,7,0.05952380952380952,0.5,0.3392857142857143,0.16071428571428573,positive
2018-07-18,215,215,73,72,70,7,0.0007906976744186036,0.3395348837209302,0.33488372093023255,0.32558139534883723,neutral
2018-07-19,254,254,91,98,65,8,-0.022913385826771656,0.35826771653543305,0.3858267716535433,0.2559055118110236,neutral
2018-07-20,200,200,59,112,29,6,-0.14535,0.295,0.56,0.145,negative
2018-07-23,189,189,56,87,46,9,-0.06248677248677248,0.2962962962962963,0.4603174603174603,0.24338624338624337,negative
2018-07-24,218,218,82,72,64,8,0.008623853211009174,0.3761467889908257,0.3302752293577982,0.29357798165137616,neutral
2018-07-25,215,215,91,97,27,9,-0.049209302325581385,0.4232558139534884,0.4511627906976744,0.12558139534883722,neutral
2018-07-26,271,271,78,126,67,7,-0.11509225092250923,0.2878228782287823,0.46494464944649444,0.24723247232472326,negative
2018-07-27,204,204,80,69,55,7,0.019803921568627453,0.39215686274509803,0.3382352941176471,0.2696078431372549,neutral
2018-07-30,193,193,75,70,48,8,-0.004145077720207254,0.38860103626943004,0.3626943005181347,0.24870466321243523,neutral
2018-07-31,312,312,125,118,69,9,0.009166666666666667,0.40064102564102566,0.3782051282051282,0.22115384615384615,neutral
2018-08-01,302,302,83,137,82,7,-0.08973509933774836,0.27483443708609273,0.45364238410596025,0.271523178807947,negative
2018-08-02,259,259,82,122,55,8,-0.09127413127413128,0.3166023166023166,0.47104247104247104,0.21235521235521235,negative
2018-08-03,273,273,87,83,103,8,0.0016849816849816845,0.31868131868131866,0.304029304029304,0.3772893772893773,neutral
2018-08-06,235,235,99,106,30,6,0.0008085106382978816,0.42127659574468085,0.451063829787234,0.1276595744680851,neutral
2018-08-07,180,180,52,87,41,9,-0.10977777777777778,0.28888888888888886,0.48333333333333334,0.22777777777777777,negative
2018-08-08,244,244,94,108,42,8,-0.054959016393442625,0.38524590163934425,0.4426229508196721,0.1721311475409836,negative
2018-08-09,212,212,65,96,51,8,-0.07419811320754717,0.30660377358490565,0.4528301886792453,0.24056603773584906,negative
2018-08-10,269,269,96,107,66,4,-0.01472118959107807,0.35687732342007433,0.39776951672862454,0.24535315985130113,neutral
2018-08-13,218,218,77,106,35,8,-0.05972477064220182,0.3532110091743119,0.48623853211009177,0.16055045871559634,negative
2018-08-14,238,238,113,86,39,6,0.05298319327731092,0.47478991596638653,0.36134453781512604,0.1638655462184874,positive
2018-08-15,217,217,68,104,45,7,-0.08115207373271889,0.31336405529953915,0.4792626728110599,0.2073732718894009,negative
2018-08-16,190,190,78,69,43,8,0.015526315789473685,0.4105263157894737,0.3631578947368421,0.22631578947368422,neutral
2018-08-17,171,171,53,83,35,5,-0.0850877192982456,0.30994152046783624,0.4853801169590643,0.2046783625730994,negative
2018-08-20,194,194,69,87,38,7,-0.07628865979381444,0.3556701030927835,0.4484536082474227,0.1958762886597938,negative
2018-08-21,140,140,57,57,26,9,-0.03957142857142857,0.40714285714285714,0.40714285714285714,0.18571428571428572,neutral
2018-08-22,250,250,70,87,93,7,-0.046639999999999994,0.28,0.348,0.372,neutral
2018-08-23,227,227,69,71,87,8,-0.0113215859030837,0.3039647577092511,0.31277533039647576,0.3832599118942731,neutral
2018-08-24,175,175,58,90,27,6,-0.08577142857142857,0.3314285714285714,0.5142857142857142,0.15428571428571428,negative
2018-08-27,168,168,63,73,32,6,-0.0011309523809523779,0.375,0.43452380952380953,0.19047619047619047,neutral
2018-08-28,181,181,101,52,28,6,0.13839779005524863,0.5580110497237569,0.287292817679558,0.15469613259668508,positive
2018-08-29,171,171,82,67,22,6,0.04152046783625732,0.47953216374269003,0.391812865497076,0.1286549707602339,neutral
2018-08-30,231,231,82,79,70,9,-0.020649350649350647,0.354978354978355,0.341991341991342,0.30303030303030304,neutral
2018-08-31,197,197,81,79,37,7,0.021573604060913704,0.41116751269035534,0.4010152284263959,0.18781725888324874,neutral
2018-09-04,376,376,121,146,109,10,-0.029414893617021272,0.32180851063829785,0.3882978723404255,0.2898936170212766,neutral
2018-09-05,271,271,70,89,112,7,-0.038265682656826575,0.25830258302583026,0.3284132841328413,0.4132841328413284,neutral
2018-09-06,257,257,72,119,66,10,-0.09019455252918288,0.2801556420233463,0.46303501945525294,0.25680933852140075,negative
2018-09-07,220,220,92,85,43,6,0.03381818181818181,0.41818181818181815,0.38636363636363635,0.19545454545454546,neutral
2018-09-10,263,263,108,122,33,6,-0.025817490494296574,0.41064638783269963,0.46387832699619774,0.12547528517110265,neutral
2018-09-11,171,171,86,55,30,9,0.0856140350877193,0.5029239766081871,0.3216374269005848,0.17543859649122806,positive
2018-09-12,273,273,121,97,55,8,0.01564102564102564,0.4432234432234432,0.3553113553113553,0.20146520146520147,neutral
2018-09-13,306,306,123,98,85,9,0.03477124183006536,0.4019607843137255,0.3202614379084967,0.2777777777777778,neutral
2018-09-14,232,232,110,74,48,8,0.05745689655172414,0.47413793103448276,0.31896551724137934,0.20689655172413793,positive
2018-09-17,250,250,86,113,51,11,-0.05652,0.344,0.452,0.204,negative
2018-09-18,153,153,61,60,32,9,-0.009803921568627453,0.39869281045751637,0.39215686274509803,0.20915032679738563,neutral
2018-09-19,233,233,96,85,52,6,0.01914163090128756,0.41201716738197425,0.3648068669527897,0.22317596566523606,neutral
2018-09-20,243,243,96,85,62,8,0.02316872427983539,0.3950617283950617,0.3497942386831276,0.2551440329218107,neutral
2018-09-21,195,195,84,53,58,7,0.045743589743589746,0.4307692307692308,0.2717948717948718,0.29743589743589743,neutral
2018-09-24,201,201,101,58,42,10,0.09905472636815921,0.5024875621890548,0.2885572139303483,0.208955223880597,positive
2018-09-25,175,175,86,65,24,9,0.027428571428571434,0.49142857142857144,0.37142857142857144,0.13714285714285715,neutral
2018-09-26,303,303,95,140,68,8,-0.10897689768976898,0.31353135313531355,0.46204620462046203,0.22442244224422442,negative
2018-09-27,318,318,115,127,76,10,-0.04091194968553459,0.36163522012578614,0.39937106918238996,0.2389937106918239,neutral
2018-09-28,309,309,120,125,64,7,-0.029158576051779933,0.3883495145631068,0.4045307443365696,0.20711974110032363,neutral
2018-10-01,264,264,115,94,55,7,0.01602272727272729,0.4356060606060606,0.3560606060606061,0.20833333333333334,neutral
2018-10-02,198,198,87,75,36,8,5.0505050505055594e-05,0.4393939393939394,0.3787878787878788,0.18181818181818182,neutral
2018-10-03,224,224,101,60,63,9,0.08428571428571428,0.45089285714285715,0.26785714285714285,0.28125,positive
2018-10-04,181,181,71,72,38,7,-0.01149171270718232,0.39226519337016574,0.39779005524861877,0.20994475138121546,neutral
2018-10-05,281,281,86,78,117,9,0.019537366548042702,0.30604982206405695,0.2775800711743772,0.41637010676156583,neutral
2018-10-08,173,173,63,71,39,8,-0.030520231213872828,0.36416184971098264,0.41040462427745666,0.2254335260115607,neutral
2018-10-09,186,186,91,66,29,8,0.04833333333333333,0.489247311827957,0.3548387096774194,0.15591397849462366,neutral
2018-10-10,196,196,65,86,45,5,-0.05959183673469388,0.33163265306122447,0.4387755102040816,0.22959183673469388,negative
2018-10-11,226,226,76,105,45,8,-0.09207964601769912,0.336283185840708,0.4646017699115044,0.19911504424778761,negative
2018-10-12,175,175,76,70,29,5,0.013828571428571428,0.4342857142857143,0.4,0.1657142857142857,neutral
2018-10-15,206,206,85,81,40,7,-0.004563106796116504,0.41262135922330095,0.3932038834951456,0.1941747572815534,neutral
2018-10-16,152,152,78,53,21,8,0.06361842105263157,0.5131578947368421,0.34868421052631576,0.13815789473684212,positive
2018-10-17,221,221,59,87,75,6,-0.06791855203619909,0.2669683257918552,0.3936651583710407,0.3393665158371041,negative
2018-10-18,201,201,61,81,59,7,-0.021442786069651738,0.3034825870646766,0.40298507462686567,0.2935323383084577,neutral
2018-10-19,203,203,87,83,33,8,-0.017487684729064038,0.42857142857142855,0.4088669950738916,0.1625615763546798,neutral
2018-10-22,197,197,69,81,47,9,-0.045025380710659896,0.350253807106599,0.41116751269035534,0.23857868020304568,neutral
2018-10-23,179,179,60,80,39,7,-0.054413407821229054,0.33519553072625696,0.44692737430167595,0.21787709497206703,negative
2018-10-24,270,270,104,94,72,8,0.015629629629629632,0.3851851851851852,0.34814814814814815,0.26666666666666666,neutral
2018-10-25,232,232,108,72,52,7,0.05387931034482758,0.46551724137931033,0.3103448275862069,0.22413793103448276,positive
2018-10-26,225,225,82,88,55,7,-0.023777777777777773,0.36444444444444446,0.39111111111111113,0.24444444444444444,neutral
2018-10-29,240,240,80,104,56,6,-0.07475,0.3333333333333333,0.43333333333333335,0.23333333333333334,negative
2018-10-30,234,234,102,86,46,6,0.04358974358974359,0.4358974358974359,0.36752136752136755,0.19658119658119658,neutral
2018-10-31,257,257,84,108,65,7,-0.05202334630350195,0.32684824902723736,0.42023346303501946,0.2529182879377432,negative
2018-11-01,260,260,75,108,77,7,-0.06676923076923076,0.28846153846153844,0.4153846153846154,0.29615384615384616,negative
2018-11-02,257,257,77,80,100,10,0.011828793774319066,0.29961089494163423,0.311284046692607,0.38910505836575876,neutral
2018-11-05,206,206,79,97,30,11,-0.035,0.38349514563106796,0.470873786407767,0.14563106796116504,neutral
2018-11-06,205,205,74,66,65,6,0.014048780487804882,0.36097560975609755,0.32195121951219513,0.3170731707317073,neutral
2018-11-07,199,199,86,61,52,7,0.04934673366834171,0.4321608040201005,0.3065326633165829,0.2613065326633166,neutral
2018-11-08,274,274,77,121,76,9,-0.07886861313868614,0.28102189781021897,0.4416058394160584,0.2773722627737226,negative
2018-11-09,223,223,66,114,43,9,-0.10502242152466366,0.29596412556053814,0.5112107623318386,0.19282511210762332,negative
2018-11-12,221,221,77,110,34,7,-0.05149321266968326,0.34841628959276016,0.497737556561086,0.15384615384615385,negative
2018-11-13,214,214,78,94,42,9,-0.050747663551401874,0.3644859813084112,0.4392523364485981,0.19626168224299065,negative
2018-11-14,239,239,77,79,83,9,-0.004895397489539747,0.32217573221757323,0.3305439330543933,0.3472803347280335,neutral
2018-11-15,287,287,100,135,52,6,-0.08724738675958188,0.34843205574912894,0.47038327526132406,0.18118466898954705,negative
2018-11-16,158,158,54,78,26,6,-0.08727848101265823,0.34177215189873417,0.4936708860759494,0.16455696202531644,negative
2018-11-19,216,216,67,103,46,7,-0.09370370370370369,0.3101851851851852,0.47685185185185186,0.21296296296296297,negative
2018-11-20,187,187,69,85,33,6,-0.05262032085561498,0.3689839572192513,0.45454545454545453,0.17647058823529413,negative
2018-11-21,233,233,67,101,65,7,-0.08806866952789699,0.2875536480686695,0.4334763948497854,0.27896995708154504,negative
2018-11-23,271,271,66,123,82,6,-0.10084870848708487,0.24354243542435425,0.45387453874538747,0.3025830258302583,negative
2018-11-26,152,152,59,61,32,8,-0.011184210526315788,0.3881578947368421,0.40131578947368424,0.21052631578947367,neutral
2018-11-27,186,186,65,87,34,7,-0.06838709677419355,0.34946236559139787,0.46774193548387094,0.1827956989247312,negative
2018-11-28,207,207,72,85,50,7,-0.035024154589371984,0.34782608695652173,0.4106280193236715,0.24154589371980675,neutral
2018-11-29,250,250,87,92,71,8,-0.02912,0.348,0.368,0.284,neutral
2018-11-30,245,245,85,100,60,7,-0.03804081632653061,0.3469387755102041,0.40816326530612246,0.24489795918367346,neutral
2018-12-03,314,314,104,101,109,8,-0.024617834394904455,0.33121019108280253,0.321656050955414,0.3471337579617834,neutral
2018-12-04,181,181,94,60,27,8,0.04740331491712707,0.5193370165745856,0.3314917127071823,0.14917127071823205,neutral
2018-12-06,580,580,187,244,149,10,-0.05174137931034483,0.32241379310344825,0.4206896551724138,0.25689655172413794,negative
2018-12-07,282,282,135,86,61,7,0.0801418439716312,0.4787234042553192,0.3049645390070922,0.21631205673758866,positive
2018-12-10,336,336,98,182,56,10,-0.15964285714285714,0.2916666666666667,0.5416666666666666,0.16666666666666666,negative
2018-12-11,182,182,62,75,45,7,-0.03263736263736264,0.34065934065934067,0.41208791208791207,0.24725274725274726,neutral
2018-12-12,267,267,108,91,68,10,0.0351685393258427,0.4044943820224719,0.3408239700374532,0.2546816479400749,neutral
2018-12-13,263,263,101,83,79,9,0.033193916349809886,0.3840304182509506,0.3155893536121673,0.30038022813688214,neutral
2018-12-14,279,279,92,126,61,9,-0.0610752688172043,0.32974910394265233,0.45161290322580644,0.21863799283154123,negative
2018-12-17,251,251,105,85,61,7,0.025537848605577684,0.41832669322709165,0.3386454183266932,0.24302788844621515,neutral
2018-12-18,163,163,51,86,26,7,-0.11496932515337423,0.3128834355828221,0.5276073619631901,0.15950920245398773,negative
2018-12-19,348,348,126,128,94,9,-0.045775862068965514,0.3620689655172414,0.367816091954023,0.27011494252873564,neutral
2018-12-20,333,333,111,116,106,9,-0.029519519519519526,0.3333333333333333,0.3483483483483483,0.3183183183183183,neutral
2018-12-21,242,242,90,105,47,7,-0.035537190082644624,0.371900826446281,0.43388429752066116,0.19421487603305784,neutral
2018-12-24,145,145,49,71,25,6,-0.10144827586206898,0.33793103448275863,0.4896551724137931,0.1724137931034483,negative
2018-12-26,82,82,45,16,21,4,0.16317073170731708,0.5487804878048781,0.1951219512195122,0.25609756097560976,positive
2018-12-27,113,113,35,51,27,6,-0.08672566371681417,0.30973451327433627,0.45132743362831856,0.23893805309734514,negative
2018-12-28,160,160,54,68,38,6,-0.04743749999999999,0.3375,0.425,0.2375,neutral
2018-12-31,102,102,35,51,16,4,-0.09990196078431372,0.3431372549019608,0.5,0.1568627450980392,negative
2019-01-02,167,167,83,43,41,5,0.10964071856287425,0.49700598802395207,0.25748502994011974,0.24550898203592814,positive
2019-01-03,154,154,55,61,38,4,-0.03525974025974026,0.35714285714285715,0.3961038961038961,0.24675324675324675,neutral
2019-01-04,259,259,101,68,90,6,0.06675675675675675,0.38996138996138996,0.2625482625482625,0.3474903474903475,positive
2019-01-07,144,144,67,50,27,8,0.028888888888888884,0.4652777777777778,0.3472222222222222,0.1875,neutral
2019-01-08,215,215,72,90,53,10,-0.060046511627906966,0.33488372093023255,0.4186046511627907,0.24651162790697675,negative
2019-01-09,270,270,78,78,114,7,-0.013666666666666666,0.28888888888888886,0.28888888888888886,0.4222222222222222,neutral
2019-01-10,204,204,66,83,55,8,-0.05294117647058823,0.3235294117647059,0.4068627450980392,0.2696078431372549,negative
2019-01-11,166,166,67,69,30,8,-0.010542168674698793,0.4036144578313253,0.41566265060240964,0.18072289156626506,neutral
2019-01-14,243,243,94,120,29,6,-0.08181069958847735,0.3868312757201646,0.49382716049382713,0.11934156378600823,negative
2019-01-15,216,216,96,76,44,8,0.03564814814814815,0.4444444444444444,0.35185185185185186,0.2037037037037037,neutral
2019-01-16,203,203,94,72,37,8,0.029359605911330043,0.4630541871921182,0.35467980295566504,0.18226600985221675,neutral
2019-01-17,190,190,68,63,59,9,-0.003894736842105263,0.35789473684210527,0.33157894736842103,0.3105263157894737,neutral
2019-01-18,169,169,79,57,33,6,0.05041420118343195,0.46745562130177515,0.33727810650887574,0.1952662721893491,positive
2019-01-22,351,351,109,138,104,9,-0.059230769230769226,0.31054131054131057,0.39316239316239315,0.2962962962962963,negative
2019-01-23,203,203,61,84,58,10,-0.047339901477832506,0.30049261083743845,0.41379310344827586,0.2857142857142857,neutral
2019-01-24,286,286,72,88,126,6,-0.0451048951048951,0.2517482517482518,0.3076923076923077,0.4405594405594406,neutral
2019-01-25,189,189,79,70,40,7,-0.0035449735449735423,0.41798941798941797,0.37037037037037035,0.21164021164021163,neutral
2019-01-28,202,202,74,74,54,9,-0.011980198019801975,0.36633663366336633,0.36633663366336633,0.26732673267326734,neutral
2019-01-29,173,173,53,82,38,8,-0.08364161849710983,0.3063583815028902,0.47398843930635837,0.21965317919075145,negative
2019-01-30,271,271,87,100,84,7,-0.04523985239852398,0.3210332103321033,0.36900369003690037,0.30996309963099633,neutral
2019-01-31,253,253,107,87,59,6,0.0158102766798419,0.42292490118577075,0.3438735177865613,0.233201581027668,neutral
2019-02-01,256,256,116,82,58,9,0.0358203125,0.453125,0.3203125,0.2265625,neutral
2019-02-04,173,173,56,69,48,9,-0.03289017341040463,0.3236994219653179,0.3988439306358382,0.2774566473988439,neutral
2019-02-05,219,219,75,72,72,6,0.01237442922374429,0.3424657534246575,0.3287671232876712,0.3287671232876712,neutral
2019-02-06,267,267,90,78,99,8,0.016816479400749068,0.33707865168539325,0.29213483146067415,0.3707865168539326,neutral
2019-02-07,285,285,111,89,85,6,0.028526315789473688,0.3894736842105263,0.312280701754386,0.2982456140350877,neutral
2019-02-08,185,185,67,83,35,5,-0.04664864864864865,0.3621621621621622,0.4486486486486487,0.1891891891891892,neutral
2019-02-11,226,226,67,95,64,6,-0.06097345132743363,0.29646017699115046,0.42035398230088494,0.2831858407079646,negative
2019-02-12,158,158,65,58,35,7,0.012721518987341777,0.41139240506329117,0.3670886075949367,0.22151898734177214,neutral
2019-02-13,306,306,140,89,77,10,0.06633986928104575,0.45751633986928103,0.2908496732026144,0.25163398692810457,positive
2019-02-14,242,242,94,86,62,8,0.008595041322314048,0.3884297520661157,0.35537190082644626,0.256198347107438,neutral
2019-02-15,275,275,105,127,43,8,-0.06494545454545454,0.38181818181818183,0.4618181818181818,0.15636363636363637,negative
2019-02-19,324,324,117,101,106,10,0.01564814814814815,0.3611111111111111,0.3117283950617284,0.3271604938271605,neutral
2019-02-20,242,242,77,53,112,9,0.04528925619834711,0.3181818181818182,0.2190082644628099,0.4628099173553719,neutral
2019-02-21,317,317,105,100,112,7,-0.006056782334384857,0.3312302839116719,0.31545741324921134,0.35331230283911674,neutral
2019-02-22,187,187,78,57,52,6,0.02828877005347594,0.41711229946524064,0.3048128342245989,0.27807486631016043,neutral
2019-02-25,227,227,92,74,61,9,0.026079295154185028,0.4052863436123348,0.32599118942731276,0.2687224669603524,neutral
2019-02-26,271,271,118,89,64,9,0.04789667896678967,0.4354243542435424,0.3284132841328413,0.23616236162361623,neutral
2019-02-27,302,302,150,96,56,9,0.07288079470198676,0.4966887417218543,0.31788079470198677,0.18543046357615894,positive
2019-02-28,247,247,83,95,69,9,0.007368421052631582,0.3360323886639676,0.38461538461538464,0.2793522267206478,neutral
2019-03-01,264,264,87,108,69,9,-0.03613636363636363,0.32954545454545453,0.4090909090909091,0.26136363636363635,neutral
2019-03-04,215,215,89,81,45,8,0.013209302325581403,0.413953488372093,0.3767441860465116,0.20930232558139536,neutral
2019-03-05,309,309,112,90,107,9,0.030485436893203884,0.36245954692556637,0.2912621359223301,0.34627831715210355,neutral
2019-03-06,278,278,79,101,98,7,-0.027913669064748202,0.2841726618705036,0.36330935251798563,0.35251798561151076,neutral
2019-03-07,245,245,87,102,56,8,-0.026081632653061227,0.3551020408163265,0.4163265306122449,0.22857142857142856,neutral
2019-03-08,257,257,120,101,36,9,0.03455252918287938,0.4669260700389105,0.39299610894941633,0.14007782101167315,neutral
2019-03-11,253,253,85,100,68,9,-0.03905138339920948,0.3359683794466403,0.3952569169960474,0.26877470355731226,neutral
2019-03-12,251,251,101,85,65,7,0.029442231075697208,0.40239043824701193,0.3386454183266932,0.2589641434262948,neutral
2019-03-13,216,216,110,74,32,8,0.06537037037037037,0.5092592592592593,0.3425925925925926,0.14814814814814814,positive
2019-03-14,215,215,72,85,58,8,-0.026465116279069764,0.33488372093023255,0.3953488372093023,0.26976744186046514,neutral
2019-03-15,266,266,85,129,52,7,-0.07203007518796993,0.31954887218045114,0.4849624060150376,0.19548872180451127,negative
2019-03-18,246,246,107,114,25,6,0.01739837398373984,0.4349593495934959,0.4634146341463415,0.1016260162601626,neutral
2019-03-19,198,198,104,56,38,9,0.10813131313131313,0.5252525252525253,0.2828282828282828,0.1919191919191919,positive
2019-03-20,263,263,118,88,57,9,0.05346007604562738,0.44866920152091255,0.33460076045627374,0.21673003802281368,positive
2019-03-21,235,235,90,79,66,9,0.01578723404255319,0.3829787234042553,0.33617021276595743,0.28085106382978725,neutral
2019-03-22,222,222,69,91,62,9,-0.03256756756756757,0.3108108108108108,0.4099099099099099,0.27927927927927926,neutral
2019-03-25,265,265,131,83,51,8,0.06139622641509434,0.49433962264150944,0.3132075471698113,0.19245283018867926,positive
2019-03-26,199,199,95,65,39,10,0.061507537688442214,0.47738693467336685,0.32663316582914576,0.19597989949748743,positive
2019-03-27,295,295,105,96,94,9,0.024338983050847463,0.3559322033898305,0.3254237288135593,0.31864406779661014,neutral
2019-03-28,218,218,57,93,68,7,-0.07288990825688073,0.26146788990825687,0.42660550458715596,0.3119266055045872,negative
2019-03-29,248,248,97,94,57,7,0.005282258064516135,0.3911290322580645,0.3790322580645161,0.22983870967741934,neutral
2019-04-01,265,265,121,79,65,9,0.0639245283018868,0.45660377358490567,0.2981132075471698,0.24528301886792453,positive
2019-04-02,168,168,74,56,38,8,0.03904761904761905,0.44047619047619047,0.3333333333333333,0.2261904761904762,neutral
2019-04-03,254,254,113,78,63,8,0.06622047244094488,0.4448818897637795,0.30708661417322836,0.24803149606299213,positive
2019-04-04,175,175,68,50,57,7,0.04937142857142857,0.38857142857142857,0.2857142857142857,0.32571428571428573,neutral
2019-04-05,162,162,97,31,34,6,0.21944444444444441,0.5987654320987654,0.19135802469135801,0.20987654320987653,positive
2019-04-08,198,198,84,80,34,10,0.0011616161616161593,0.42424242424242425,0.40404040404040403,0.1717171717171717,neutral
2019-04-09,192,192,64,55,73,8,0.022135416666666668,0.3333333333333333,0.2864583333333333,0.3802083333333333,neutral
2019-04-10,266,266,97,80,89,6,0.0318796992481203,0.36466165413533835,0.3007518796992481,0.33458646616541354,neutral
2019-04-11,237,237,94,88,55,9,0.010801687763713081,0.39662447257383965,0.37130801687763715,0.2320675105485232,neutral
2019-04-12,193,193,94,65,34,9,0.06264248704663213,0.48704663212435234,0.33678756476683935,0.17616580310880828,positive
2019-04-15,198,198,79,77,42,8,-0.006010101010101007,0.398989898989899,0.3888888888888889,0.21212121212121213,neutral
2019-04-16,162,162,66,46,50,9,0.0724074074074074,0.4074074074074074,0.2839506172839506,0.30864197530864196,positive
2019-04-17,306,306,125,91,90,9,0.060849673202614384,0.4084967320261438,0.2973856209150327,0.29411764705882354,positive
2019-04-18,276,276,106,80,90,7,0.027210144927536234,0.38405797101449274,0.2898550724637681,0.32608695652173914,neutral
2019-04-22,235,235,114,78,43,7,0.05085106382978722,0.4851063829787234,0.33191489361702126,0.1829787234042553,positive
2019-04-23,176,176,91,59,26,7,0.06477272727272727,0.5170454545454546,0.3352272727272727,0.14772727272727273,positive
2019-04-24,205,205,76,71,58,9,0.006048780487804879,0.37073170731707317,0.3463414634146341,0.28292682926829266,neutral
2019-04-25,275,275,90,121,64,9,-0.09181818181818181,0.32727272727272727,0.44,0.23272727272727273,negative
2019-04-26,193,193,63,74,56,9,-0.04243523316062176,0.32642487046632124,0.38341968911917096,0.29015544041450775,neutral
2019-04-29,233,233,83,92,58,8,-0.0072961373390557985,0.3562231759656652,0.3948497854077253,0.24892703862660945,neutral
2019-04-30,304,304,122,122,60,5,0.016414473684210527,0.40131578947368424,0.40131578947368424,0.19736842105263158,neutral
2019-05-01,286,286,87,135,64,8,-0.07451048951048952,0.3041958041958042,0.47202797202797203,0.22377622377622378,negative
2019-05-02,262,262,77,106,79,10,-0.03606870229007633,0.29389312977099236,0.40458015267175573,0.3015267175572519,neutral
2019-05-03,223,223,101,71,51,7,0.10605381165919282,0.452914798206278,0.3183856502242152,0.22869955156950672,positive
2019-05-06,182,182,67,68,47,8,0.015329670329670335,0.36813186813186816,0.37362637362637363,0.25824175824175827,neutral
2019-05-07,222,222,87,70,65,6,0.030360360360360363,0.3918918918918919,0.3153153153153153,0.2927927927927928,neutral
2019-05-08,211,211,92,75,44,7,0.03900473933649289,0.43601895734597157,0.35545023696682465,0.20853080568720378,neutral
2019-05-09,259,259,76,99,84,7,-0.021814671814671813,0.29343629343629346,0.38223938223938225,0.32432432432432434,neutral
2019-05-10,233,233,95,88,50,6,0.008755364806866955,0.40772532188841204,0.3776824034334764,0.2145922746781116,neutral
2019-05-13,185,185,71,69,45,6,0.01232432432432432,0.3837837837837838,0.372972972972973,0.24324324324324326,neutral
2019-05-14,193,193,68,80,45,7,-0.05647668393782384,0.35233160621761656,0.41450777202072536,0.23316062176165803,negative
2019-05-15,249,249,109,90,50,10,0.03742971887550201,0.43775100401606426,0.3614457831325301,0.20080321285140562,neutral
2019-05-16,194,194,81,55,58,7,0.0554639175257732,0.4175257731958763,0.28350515463917525,0.29896907216494845,positive
2019-05-17,153,153,73,64,16,8,0.04281045751633988,0.477124183006536,0.41830065359477125,0.10457516339869281,neutral
2019-05-20,173,173,97,46,30,7,0.10421965317919075,0.5606936416184971,0.2658959537572254,0.17341040462427745,positive
2019-05-21,186,186,68,66,52,9,0.022365591397849462,0.3655913978494624,0.3548387096774194,0.27956989247311825,neutral
2019-05-22,229,229,71,76,82,7,0.0006113537117903955,0.31004366812227074,0.3318777292576419,0.35807860262008734,neutral
2019-05-23,269,269,106,79,84,7,0.04070631970260223,0.3940520446096654,0.2936802973977695,0.31226765799256506,neutral
2019-05-24,183,183,95,64,24,6,0.09251366120218579,0.5191256830601093,0.34972677595628415,0.13114754098360656,positive
2019-05-28,348,348,133,118,97,10,0.02908045977011494,0.382183908045977,0.3390804597701149,0.27873563218390807,neutral
2019-05-29,199,199,75,70,54,9,0.013115577889447233,0.3768844221105528,0.35175879396984927,0.271356783919598,neutral
2019-05-30,208,208,62,96,50,7,-0.07615384615384616,0.2980769230769231,0.46153846153846156,0.2403846153846154,negative
2019-05-31,226,226,86,81,59,7,0.024911504424778762,0.3805309734513274,0.3584070796460177,0.2610619469026549,neutral
2019-06-03,218,218,86,69,63,10,0.037706422018348625,0.3944954128440367,0.3165137614678899,0.2889908256880734,neutral
2019-06-04,207,207,94,80,33,10,0.017922705314009663,0.45410628019323673,0.3864734299516908,0.15942028985507245,neutral
2019-06-05,261,261,95,98,68,11,-0.010574712643678165,0.36398467432950193,0.37547892720306514,0.26053639846743293,neutral
2019-06-06,269,269,115,48,106,6,0.11687732342007436,0.4275092936802974,0.17843866171003717,0.3940520446096654,positive
2019-06-07,179,179,81,51,47,6,0.09402234636871508,0.45251396648044695,0.2849162011173184,0.26256983240223464,positive
2019-06-10,216,216,107,72,37,8,0.08837962962962963,0.49537037037037035,0.3333333333333333,0.1712962962962963,positive
2019-06-11,155,155,62,51,42,8,0.03180645161290323,0.4,0.32903225806451614,0.2709677419354839,neutral
2019-06-12,227,227,82,85,60,9,0.011629955947136563,0.36123348017621143,0.3744493392070485,0.2643171806167401,neutral
2019-06-13,238,238,126,66,46,9,0.1095798319327731,0.5294117647058824,0.2773109243697479,0.19327731092436976,positive
2019-06-14,175,175,70,68,37,7,-0.0020000000000000005,0.4,0.38857142857142857,0.21142857142857144,neutral
2019-06-17,188,188,96,46,46,9,0.1328723404255319,0.5106382978723404,0.24468085106382978,0.24468085106382978,positive
2019-06-18,188,188,97,46,45,8,0.12776595744680852,0.5159574468085106,0.24468085106382978,0.2393617021276596,positive
2019-06-19,221,221,82,54,85,8,0.04647058823529412,0.37104072398190047,0.24434389140271492,0.38461538461538464,neutral
2019-06-20,306,306,127,69,110,8,0.08604575163398694,0.4150326797385621,0.22549019607843138,0.35947712418300654,positive
2019-06-21,159,159,74,35,50,7,0.11641509433962265,0.46540880503144655,0.22012578616352202,0.31446540880503143,positive
2019-06-24,202,202,86,88,28,10,-0.0298019801980198,0.42574257425742573,0.43564356435643564,0.13861386138613863,neutral
2019-06-25,193,193,76,75,42,7,0.011917098445595858,0.39378238341968913,0.38860103626943004,0.21761658031088082,neutral
2019-06-26,228,228,92,62,74,9,0.05486842105263158,0.40350877192982454,0.2719298245614035,0.32456140350877194,positive
2019-06-27,233,233,80,78,75,9,0.004935622317596569,0.34334763948497854,0.33476394849785407,0.3218884120171674,neutral
2019-06-28,206,206,75,93,38,6,-0.03815533980582524,0.3640776699029126,0.45145631067961167,0.18446601941747573,neutral
2019-07-01,221,221,81,90,50,8,-0.011493212669683258,0.3665158371040724,0.4072398190045249,0.22624434389140272,neutral
2019-07-02,205,205,84,81,40,9,0.011073170731707315,0.4097560975609756,0.3951219512195122,0.1951219512195122,neutral
2019-07-03,292,292,144,79,69,9,0.09335616438356165,0.4931506849315068,0.2705479452054795,0.2363013698630137,positive
2019-07-05,277,277,106,94,77,8,0.032996389891696745,0.38267148014440433,0.33935018050541516,0.2779783393501805,neutral
2019-07-08,167,167,89,49,29,6,0.1229940119760479,0.5329341317365269,0.2934131736526946,0.17365269461077845,positive
2019-07-09,207,207,87,70,50,8,0.03806763285024155,0.42028985507246375,0.33816425120772947,0.24154589371980675,neutral
2019-07-10,292,292,153,75,64,7,0.11695205479452055,0.523972602739726,0.2568493150684932,0.2191780821917808,positive
2019-07-11,264,264,118,77,69,10,0.10178030303030304,0.44696969696969696,0.2916666666666667,0.26136363636363635,positive
2019-07-12,228,228,115,78,35,5,0.09609649122807018,0.5043859649122807,0.34210526315789475,0.15350877192982457,positive
2019-07-15,212,212,88,80,44,6,0.01339622641509434,0.41509433962264153,0.37735849056603776,0.20754716981132076,neutral
2019-07-16,157,157,76,40,41,7,0.10420382165605095,0.4840764331210191,0.25477707006369427,0.2611464968152866,positive
2019-07-17,230,230,71,98,61,10,-0.05956521739130435,0.30869565217391304,0.4260869565217391,0.26521739130434785,negative
2019-07-18,240,240,90,97,53,7,-0.03308333333333333,0.375,0.4041666666666667,0.22083333333333333,neutral
2019-07-19,141,141,66,44,31,9,0.07390070921985815,0.46808510638297873,0.3120567375886525,0.2198581560283688,positive
2019-07-22,211,211,98,79,34,7,0.03364928909952607,0.46445497630331756,0.3744075829383886,0.16113744075829384,neutral
2019-07-23,145,145,55,54,36,8,-0.00993103448275862,0.3793103448275862,0.3724137931034483,0.2482758620689655,neutral
2019-07-24,240,240,101,68,71,7,0.05495833333333334,0.42083333333333334,0.2833333333333333,0.29583333333333334,positive
2019-07-25,252,252,123,48,81,8,0.14452380952380953,0.4880952380952381,0.19047619047619047,0.32142857142857145,positive
2019-07-26,191,191,95,56,40,8,0.07916230366492147,0.4973821989528796,0.2931937172774869,0.2094240837696335,positive
2019-07-29,208,208,75,91,42,8,-0.04432692307692307,0.3605769230769231,0.4375,0.20192307692307693,neutral
2019-07-30,223,223,94,69,60,9,0.06901345291479821,0.42152466367713004,0.3094170403587444,0.26905829596412556,positive
2019-07-31,333,333,151,100,82,8,0.07867867867867867,0.45345345345345345,0.3003003003003003,0.24624624624624625,positive
2019-08-01,349,349,112,134,103,9,-0.04083094555873926,0.3209169054441261,0.3839541547277937,0.29512893982808025,neutral
2019-08-02,251,251,89,96,66,4,-0.026334661354581672,0.3545816733067729,0.38247011952191234,0.26294820717131473,neutral
2019-08-05,224,224,62,107,55,7,-0.07517857142857143,0.2767857142857143,0.47767857142857145,0.24553571428571427,negative
2019-08-06,209,209,78,78,53,7,0.0008133971291865972,0.37320574162679426,0.37320574162679426,0.2535885167464115,neutral
2019-08-07,201,201,79,77,45,8,0.009402985074626865,0.39303482587064675,0.38308457711442784,0.22388059701492538,neutral
2019-08-08,172,172,87,43,42,9,0.1219186046511628,0.5058139534883721,0.25,0.2441860465116279,positive
2019-08-09,230,230,79,112,39,5,-0.09321739130434782,0.34347826086956523,0.48695652173913045,0.16956521739130434,negative
2019-08-12,163,163,49,92,22,9,-0.13392638036809815,0.3006134969325153,0.5644171779141104,0.13496932515337423,negative
2019-08-13,208,208,58,110,40,7,-0.13874999999999998,0.27884615384615385,0.5288461538461539,0.19230769230769232,negative
2019-08-14,245,245,89,105,51,9,-0.013469387755102043,0.363265306122449,0.42857142857142855,0.20816326530612245,neutral
2019-08-15,225,225,105,83,37,8,0.06897777777777778,0.4666666666666667,0.3688888888888889,0.16444444444444445,positive
2019-08-16,138,138,59,45,34,5,0.026086956521739136,0.427536231884058,0.32608695652173914,0.2463768115942029,neutral
2019-08-19,182,182,86,65,31,7,0.0061538461538461495,0.4725274725274725,0.35714285714285715,0.17032967032967034,neutral
2019-08-20,177,177,70,57,50,9,0.026158192090395483,0.3954802259887006,0.3220338983050847,0.2824858757062147,neutral
2019-08-21,243,243,78,74,91,6,0.016625514403292185,0.32098765432098764,0.3045267489711934,0.37448559670781895,neutral
2019-08-22,202,202,64,53,85,8,0.022376237623762375,0.31683168316831684,0.2623762376237624,0.4207920792079208,neutral
2019-08-23,196,196,69,98,29,8,-0.08479591836734694,0.3520408163265306,0.5,0.14795918367346939,negative
2019-08-26,211,211,77,98,36,7,-0.06535545023696683,0.36492890995260663,0.46445497630331756,0.17061611374407584,negative
2019-08-27,133,133,53,44,36,7,0.03293233082706767,0.39849624060150374,0.3308270676691729,0.2706766917293233,neutral
2019-08-28,222,222,96,77,49,6,0.023693693693693698,0.43243243243243246,0.34684684684684686,0.22072072072072071,neutral
2019-08-29,218,218,78,79,61,7,-0.012477064220183487,0.3577981651376147,0.3623853211009174,0.2798165137614679,neutral
2019-08-30,271,271,98,127,46,8,-0.06099630996309963,0.36162361623616235,0.46863468634686345,0.16974169741697417,negative
2019-09-03,424,424,134,193,97,11,-0.08117924528301887,0.3160377358490566,0.455188679245283,0.22877358490566038,negative
2019-09-04,306,306,110,76,120,7,0.039281045751633985,0.35947712418300654,0.24836601307189543,0.39215686274509803,neutral
2019-09-05,277,277,110,82,85,11,0.02898916967509025,0.3971119133574007,0.296028880866426,0.30685920577617326,neutral
2019-09-06,239,239,97,83,59,10,0.054644351464435144,0.40585774058577406,0.3472803347280335,0.24686192468619247,positive
2019-09-09,243,243,112,71,60,9,0.060987654320987655,0.4609053497942387,0.29218106995884774,0.24691358024691357,positive
2019-09-10,183,183,79,63,41,10,0.05693989071038252,0.43169398907103823,0.3442622950819672,0.22404371584699453,positive
2019-09-11,207,207,78,85,44,8,-0.016714975845410627,0.37681159420289856,0.4106280193236715,0.21256038647342995,neutral
2019-09-12,296,296,133,86,77,7,0.0895945945945946,0.44932432432432434,0.2905405405405405,0.26013513513513514,positive
2019-09-13,123,123,63,31,29,7,0.12975609756097561,0.5121951219512195,0.25203252032520324,0.23577235772357724,positive
2019-09-16,335,335,202,78,55,11,0.1971044776119403,0.6029850746268657,0.23283582089552238,0.16417910447761194,positive
2019-09-17,243,243,113,69,61,10,0.06818930041152263,0.46502057613168724,0.2839506172839506,0.25102880658436216,positive
2019-09-18,295,295,130,82,83,8,0.09538983050847458,0.4406779661016949,0.27796610169491526,0.28135593220338984,positive
2019-09-19,336,336,149,106,81,9,0.0675297619047619,0.44345238095238093,0.31547619047619047,0.24107142857142858,positive
2019-09-20,199,199,93,59,47,7,0.06798994974874371,0.46733668341708545,0.2964824120603015,0.23618090452261306,positive
2019-09-23,218,218,87,70,61,9,0.028669724770642203,0.39908256880733944,0.3211009174311927,0.2798165137614679,neutral
2019-09-24,189,189,85,62,42,9,0.05566137566137566,0.4497354497354497,0.328042328042328,0.2222222222222222,positive
2019-09-25,210,210,91,64,55,8,0.054571428571428576,0.43333333333333335,0.3047619047619048,0.2619047619047619,positive
2019-09-26,227,227,111,77,39,8,0.06766519823788547,0.4889867841409692,0.3392070484581498,0.17180616740088106,positive
2019-09-27,293,293,127,101,65,9,0.04235494880546075,0.4334470989761092,0.3447098976109215,0.22184300341296928,neutral
2019-09-30,279,279,126,103,50,10,0.04738351254480288,0.45161290322580644,0.36917562724014336,0.17921146953405018,neutral
2019-10-01,269,269,106,75,88,8,0.03338289962825279,0.3940520446096654,0.2788104089219331,0.3271375464684015,neutral
2019-10-02,186,186,76,51,59,7,0.06456989247311828,0.40860215053763443,0.27419354838709675,0.3172043010752688,positive
2019-10-03,205,205,67,65,73,6,-0.012682926829268292,0.32682926829268294,0.3170731707317073,0.35609756097560974,neutral
2019-10-04,273,273,90,96,87,10,-0.0023443223443223465,0.32967032967032966,0.3516483516483517,0.31868131868131866,neutral
2019-10-07,177,177,63,69,45,7,-0.00457627118644068,0.3559322033898305,0.3898305084745763,0.2542372881355932,neutral
2019-10-08,219,219,96,82,41,10,0.03589041095890411,0.4383561643835616,0.3744292237442922,0.1872146118721461,neutral
2019-10-09,198,198,84,62,52,8,0.05868686868686869,0.42424242424242425,0.31313131313131315,0.26262626262626265,positive
2019-10-10,258,258,91,98,69,8,-0.028565891472868216,0.35271317829457366,0.3798449612403101,0.26744186046511625,neutral
2019-10-11,245,245,127,95,23,5,0.03326530612244899,0.5183673469387755,0.3877551020408163,0.09387755102040816,neutral
2019-10-14,232,232,106,102,24,8,0.0055603448275862105,0.45689655172413796,0.4396551724137931,0.10344827586206896,neutral
2019-10-15,213,213,78,103,32,8,-0.040516431924882634,0.36619718309859156,0.4835680751173709,0.15023474178403756,neutral
2019-10-16,225,225,81,96,48,6,-0.028444444444444446,0.36,0.4266666666666667,0.21333333333333335,neutral
2019-10-17,314,314,131,144,39,8,-0.01668789808917197,0.4171974522292994,0.4585987261146497,0.12420382165605096,neutral
2019-10-18,163,163,69,55,39,8,0.041656441717791405,0.4233128834355828,0.3374233128834356,0.2392638036809816,neutral
2019-10-21,187,187,70,75,42,8,-0.02106951871657754,0.37433155080213903,0.40106951871657753,0.22459893048128343,neutral
2019-10-22,162,162,82,52,28,8,0.08537037037037037,0.5061728395061729,0.32098765432098764,0.1728395061728395,positive
2019-10-23,210,210,85,79,46,7,-0.0020952380952380897,0.40476190476190477,0.3761904761904762,0.21904761904761905,neutral
2019-10-24,352,352,121,100,131,8,0.029431818181818184,0.34375,0.2840909090909091,0.3721590909090909,neutral
2019-10-25,194,194,70,63,61,6,-0.012577319587628866,0.36082474226804123,0.3247422680412371,0.31443298969072164,neutral
2019-10-28,243,243,111,79,53,7,0.03526748971193416,0.4567901234567901,0.32510288065843623,0.21810699588477367,neutral
2019-10-29,171,171,50,61,60,8,-0.011812865497076023,0.29239766081871343,0.3567251461988304,0.3508771929824561,neutral
2019-10-30,311,311,141,79,91,6,0.11562700964630225,0.4533762057877814,0.2540192926045016,0.29260450160771706,positive
2019-10-31,244,244,115,82,47,6,0.06475409836065574,0.4713114754098361,0.3360655737704918,0.19262295081967212,positive
2019-11-01,211,211,103,62,46,6,0.09966824644549761,0.4881516587677725,0.2938388625592417,0.21800947867298578,positive
2019-11-04,218,218,62,95,61,6,-0.08357798165137614,0.28440366972477066,0.43577981651376146,0.2798165137614679,negative
2019-11-05,275,275,104,65,106,7,0.06134545454545455,0.3781818181818182,0.23636363636363636,0.38545454545454544,positive
2019-11-06,238,238,109,72,57,8,0.0722689075630252,0.4579831932773109,0.3025210084033613,0.23949579831932774,positive
2019-11-07,265,265,95,72,98,8,0.032301886792452834,0.3584905660377358,0.27169811320754716,0.36981132075471695,neutral
2019-11-08,239,239,93,95,51,9,-0.01656903765690376,0.3891213389121339,0.39748953974895396,0.21338912133891214,neutral
2019-11-11,241,241,72,109,60,7,-0.07265560165975103,0.2987551867219917,0.45228215767634855,0.24896265560165975,negative
2019-11-12,157,157,73,41,43,7,0.1035031847133758,0.46496815286624205,0.2611464968152866,0.27388535031847133,positive
2019-11-13,264,264,88,101,75,8,-0.016022727272727272,0.3333333333333333,0.38257575757575757,0.2840909090909091,neutral
2019-11-14,310,310,127,117,66,8,0.020290322580645163,0.4096774193548387,0.3774193548387097,0.2129032258064516,neutral
2019-11-15,275,275,123,107,45,9,0.03381818181818183,0.44727272727272727,0.3890909090909091,0.16363636363636364,neutral
2019-11-18,162,162,74,54,34,9,0.05246913580246913,0.4567901234567901,0.3333333333333333,0.20987654320987653,positive
2019-11-19,155,155,56,53,46,8,0.009870967741935485,0.36129032258064514,0.3419354838709677,0.2967741935483871,neutral
2019-11-20,266,266,105,78,83,7,0.034398496240601505,0.39473684210526316,0.2932330827067669,0.31203007518796994,neutral
2019-11-21,203,203,81,53,69,8,0.06004926108374384,0.39901477832512317,0.26108374384236455,0.3399014778325123,positive
2019-11-22,192,192,61,55,76,7,0.010625,0.3177083333333333,0.2864583333333333,0.3958333333333333,neutral
2019-11-25,222,222,92,81,49,9,0.019594594594594603,0.4144144144144144,0.36486486486486486,0.22072072072072071,neutral
2019-11-26,210,210,89,81,40,8,0.008380952380952385,0.4238095238095238,0.38571428571428573,0.19047619047619047,neutral
2019-11-27,233,233,97,74,62,6,0.061759656652360516,0.41630901287553645,0.31759656652360513,0.26609442060085836,positive
2019-11-29,322,322,133,109,80,10,0.058136645962732915,0.41304347826086957,0.3385093167701863,0.2484472049689441,positive
2019-12-02,240,240,96,77,67,9,0.043791666666666666,0.4,0.32083333333333336,0.2791666666666667,neutral
2019-12-03,197,197,100,55,42,8,0.10934010152284264,0.5076142131979695,0.27918781725888325,0.2131979695431472,positive
2019-12-04,280,280,124,85,71,9,0.0697857142857143,0.44285714285714284,0.30357142857142855,0.25357142857142856,positive
2019-12-05,292,292,115,73,104,7,0.07873287671232877,0.3938356164383562,0.25,0.3561643835616438,positive
2019-12-06,260,260,105,85,70,10,0.06503846153846153,0.40384615384615385,0.3269230769230769,0.2692307692307692,positive
2019-12-09,234,234,105,85,44,8,0.037008547008547006,0.44871794871794873,0.36324786324786323,0.18803418803418803,neutral
2019-12-10,242,242,108,63,71,8,0.11454545454545455,0.4462809917355372,0.2603305785123967,0.29338842975206614,positive
2019-12-11,293,293,104,101,88,10,0.006416382252559731,0.35494880546075086,0.3447098976109215,0.3003412969283277,neutral
2019-12-12,248,248,111,60,77,9,0.08625000000000001,0.4475806451612903,0.24193548387096775,0.31048387096774194,positive
2019-12-13,195,195,112,54,29,5,0.16153846153846155,0.5743589743589743,0.27692307692307694,0.14871794871794872,positive
2019-12-16,293,293,139,77,77,8,0.09252559726962459,0.47440273037542663,0.2627986348122867,0.2627986348122867,positive
2019-12-17,230,230,106,78,46,9,0.04839130434782609,0.4608695652173913,0.3391304347826087,0.2,neutral
2019-12-18,261,261,105,91,65,8,0.01360153256704981,0.40229885057471265,0.3486590038314176,0.24904214559386972,neutral
2019-12-19,352,352,102,113,137,9,-0.020625,0.2897727272727273,0.3210227272727273,0.38920454545454547,neutral
2019-12-20,265,265,93,79,93,8,0.046264150943396226,0.35094339622641507,0.2981132075471698,0.35094339622641507,neutral
2019-12-23,209,209,93,69,47,8,0.05162679425837321,0.4449760765550239,0.33014354066985646,0.22488038277511962,positive
2019-12-24,97,97,31,36,30,4,-0.046391752577319575,0.31958762886597936,0.3711340206185567,0.30927835051546393,neutral
2019-12-26,96,96,47,27,22,4,0.11020833333333334,0.4895833333333333,0.28125,0.22916666666666666,positive
2019-12-27,131,131,59,49,23,3,0.04473282442748092,0.45038167938931295,0.37404580152671757,0.17557251908396945,neutral
2019-12-30,150,150,79,60,11,8,0.050199999999999995,0.5266666666666666,0.4,0.07333333333333333,positive
2019-12-31,106,106,47,42,17,6,0.046509433962264146,0.44339622641509435,0.39622641509433965,0.16037735849056603,neutral
2020-01-02,192,192,68,72,52,5,-0.00520833333333333,0.3541666666666667,0.375,0.2708333333333333,neutral
2020-01-03,264,264,111,99,54,4,0.008219696969696974,0.42045454545454547,0.375,0.20454545454545456,neutral
2020-01-06,250,250,101,79,70,7,0.025040000000000007,0.404,0.316,0.28,neutral
2020-01-07,296,296,100,117,79,9,-0.01881756756756757,0.33783783783783783,0.3952702702702703,0.2668918918918919,neutral
2020-01-08,328,328,102,186,40,9,-0.17146341463414635,0.31097560975609756,0.5670731707317073,0.12195121951219512,negative
2020-01-09,257,257,105,82,70,8,0.03731517509727627,0.4085603112840467,0.31906614785992216,0.2723735408560311,neutral
2020-01-10,215,215,97,72,46,6,0.049395348837209294,0.4511627906976744,0.33488372093023255,0.21395348837209302,neutral
2020-01-13,271,271,107,96,68,10,0.021143911439114392,0.3948339483394834,0.35424354243542433,0.25092250922509224,neutral
2020-01-14,229,229,104,85,40,7,0.03462882096069869,0.45414847161572053,0.37117903930131,0.17467248908296942,neutral
2020-01-15,318,318,145,99,74,7,0.0779874213836478,0.4559748427672956,0.3113207547169811,0.23270440251572327,positive
2020-01-16,250,250,143,65,42,7,0.1696,0.572,0.26,0.168,positive
2020-01-17,263,263,110,93,60,6,0.027832699619771865,0.41825095057034223,0.35361216730038025,0.22813688212927757,neutral
2020-01-21,389,389,161,126,102,12,0.037737789203084834,0.4138817480719794,0.32390745501285345,0.2622107969151671,neutral
2020-01-22,222,222,67,89,66,6,-0.039414414414414414,0.30180180180180183,0.4009009009009009,0.2972972972972973,neutral
2020-01-23,296,296,96,93,107,8,-0.00020270270270270288,0.32432432432432434,0.3141891891891892,0.3614864864864865,neutral
2020-01-24,193,193,44,73,76,6,-0.047098445595854924,0.22797927461139897,0.37823834196891193,0.39378238341968913,neutral
2020-01-27,203,203,66,91,46,9,-0.06866995073891626,0.3251231527093596,0.4482758620689655,0.22660098522167488,negative
2020-01-28,203,203,73,82,48,7,-0.022857142857142857,0.35960591133004927,0.4039408866995074,0.23645320197044334,neutral
2020-01-29,272,272,98,113,61,8,-0.02349264705882353,0.3602941176470588,0.41544117647058826,0.22426470588235295,neutral
2020-01-30,300,300,101,95,104,9,-0.0012333333333333343,0.33666666666666667,0.31666666666666665,0.3466666666666667,neutral
2020-01-31,330,330,131,146,53,9,-0.025818181818181817,0.396969696969697,0.44242424242424244,0.1606060606060606,neutral
2020-02-03,279,279,57,140,82,6,-0.15060931899641575,0.20430107526881722,0.5017921146953405,0.2939068100358423,negative
2020-02-04,235,235,103,74,58,8,0.05170212765957447,0.43829787234042555,0.3148936170212766,0.24680851063829787,positive
2020-02-05,344,344,146,94,104,8,0.060087209302325584,0.42441860465116277,0.27325581395348836,0.3023255813953488,positive
2020-02-06,224,224,95,77,52,7,0.0409375,0.42410714285714285,0.34375,0.23214285714285715,neutral
2020-02-07,270,270,103,103,64,6,-0.004222222222222224,0.3814814814814815,0.3814814814814815,0.23703703703703705,neutral
2020-02-10,241,241,72,109,60,8,-0.06402489626556017,0.2987551867219917,0.45228215767634855,0.24896265560165975,negative
2020-02-11,221,221,78,75,68,9,0.0006334841628959304,0.35294117647058826,0.3393665158371041,0.3076923076923077,neutral
2020-02-12,283,283,110,89,84,7,0.030318021201413428,0.38869257950530034,0.31448763250883394,0.2968197879858657,neutral
2020-02-13,261,261,79,93,89,7,-0.03888888888888889,0.30268199233716475,0.3563218390804598,0.34099616858237547,neutral
2020-02-14,170,170,63,72,35,6,-0.02976470588235294,0.37058823529411766,0.4235294117647059,0.20588235294117646,neutral
2020-02-18,362,362,148,128,86,10,0.01292817679558011,0.4088397790055249,0.35359116022099446,0.23756906077348067,neutral
2020-02-19,260,260,105,87,68,8,0.030576923076923078,0.40384615384615385,0.3346153846153846,0.26153846153846155,neutral
2020-02-20,302,302,118,106,78,8,0.013807947019867555,0.39072847682119205,0.3509933774834437,0.2582781456953642,neutral
2020-02-21,239,239,80,77,82,6,0.013096234309623435,0.33472803347280333,0.32217573221757323,0.34309623430962344,neutral
2020-02-24,263,263,102,105,56,7,-0.008022813688212924,0.38783269961977185,0.39923954372623577,0.21292775665399238,neutral
2020-02-25,216,216,78,76,62,9,0.0030555555555555566,0.3611111111111111,0.35185185185185186,0.28703703703703703,neutral
2020-02-26,264,264,77,126,61,8,-0.08916666666666666,0.2916666666666667,0.4772727272727273,0.23106060606060605,negative
2020-02-27,267,267,88,112,67,9,-0.034419475655430715,0.3295880149812734,0.41947565543071164,0.250936329588015,neutral
2020-02-28,339,339,125,146,68,8,-0.032448377581120944,0.3687315634218289,0.4306784660766962,0.20058997050147492,neutral
2020-03-02,384,384,151,162,71,7,-0.0070312499999999984,0.3932291666666667,0.421875,0.18489583333333334,neutral
2020-03-03,334,334,204,84,46,7,0.22290419161676647,0.6107784431137725,0.25149700598802394,0.1377245508982036,positive
2020-03-04,352,352,179,103,70,8,0.13019886363636363,0.5085227272727273,0.29261363636363635,0.19886363636363635,positive
2020-03-05,265,265,90,126,49,9,-0.06418867924528303,0.33962264150943394,0.47547169811320755,0.18490566037735848,negative
2020-03-06,294,294,97,129,68,7,-0.07068027210884355,0.3299319727891156,0.4387755102040816,0.23129251700680273,negative
2020-03-09,387,387,77,267,43,10,-0.2798966408268734,0.19896640826873385,0.689922480620155,0.1111111111111111,negative
2020-03-10,236,236,110,94,32,6,0.025720338983050848,0.4661016949152542,0.3983050847457627,0.13559322033898305,neutral
2020-03-11,278,278,102,103,73,6,-0.005467625899280575,0.3669064748201439,0.37050359712230213,0.26258992805755393,neutral
2020-03-12,275,275,101,129,45,7,-0.08665454545454544,0.36727272727272725,0.4690909090909091,0.16363636363636364,negative
2020-03-13,210,210,78,92,40,7,-0.04723809523809524,0.37142857142857144,0.4380952380952381,0.19047619047619047,neutral
2020-03-16,356,356,119,187,50,11,-0.1047191011235955,0.3342696629213483,0.5252808988764045,0.1404494382022472,negative
2020-03-17,270,270,97,137,36,8,-0.08466666666666667,0.3592592592592593,0.5074074074074074,0.13333333333333333,negative
2020-03-18,306,306,92,166,48,8,-0.12323529411764707,0.3006535947712418,0.5424836601307189,0.1568627450980392,negative
2020-03-19,310,310,148,95,67,7,0.0843225806451613,0.4774193548387097,0.3064516129032258,0.2161290322580645,positive
2020-03-20,241,241,84,135,22,8,-0.13078838174273857,0.34854771784232363,0.5601659751037344,0.0912863070539419,negative
2020-03-23,260,260,84,142,34,9,-0.12784615384615386,0.3230769230769231,0.5461538461538461,0.13076923076923078,negative
2020-03-24,253,253,76,99,78,8,-0.07541501976284584,0.30039525691699603,0.391304347826087,0.308300395256917,negative
2020-03-25,250,250,103,112,35,7,-0.05844,0.412,0.448,0.14,negative
2020-03-26,271,271,56,123,92,8,-0.15848708487084873,0.2066420664206642,0.45387453874538747,0.33948339483394835,negative
2020-03-27,290,290,83,148,59,9,-0.13893103448275862,0.28620689655172415,0.5103448275862069,0.20344827586206896,negative
2020-03-30,304,304,70,157,77,11,-0.16388157894736843,0.23026315789473684,0.5164473684210527,0.2532894736842105,negative
2020-03-31,282,282,106,105,71,9,-0.012978723404255316,0.375886524822695,0.3723404255319149,0.25177304964539005,neutral
2020-04-01,247,247,79,124,44,7,-0.09720647773279352,0.31983805668016196,0.5020242914979757,0.17813765182186234,negative
2020-04-02,291,291,105,104,82,8,-0.02580756013745704,0.36082474226804123,0.35738831615120276,0.281786941580756,neutral
2020-04-03,315,315,106,129,80,5,-0.06853968253968254,0.33650793650793653,0.4095238095238095,0.25396825396825395,negative
2020-04-06,289,289,72,143,74,7,-0.15705882352941178,0.2491349480968858,0.49480968858131485,0.2560553633217993,negative
2020-04-07,268,268,93,103,72,7,-0.033805970149253725,0.34701492537313433,0.3843283582089552,0.26865671641791045,neutral
2020-04-08,240,240,70,106,64,6,-0.08966666666666666,0.2916666666666667,0.44166666666666665,0.26666666666666666,negative
2020-04-09,272,272,118,85,69,8,0.025477941176470592,0.4338235294117647,0.3125,0.2536764705882353,neutral
2020-04-13,294,294,97,135,62,7,-0.12476190476190478,0.3299319727891156,0.45918367346938777,0.2108843537414966,negative
2020-04-14,218,218,57,98,63,8,-0.1329816513761468,0.26146788990825687,0.44954128440366975,0.2889908256880734,negative
2020-04-15,261,261,87,100,74,8,-0.026206896551724142,0.3333333333333333,0.3831417624521073,0.2835249042145594,neutral
2020-04-16,278,278,88,129,61,8,-0.11097122302158273,0.31654676258992803,0.46402877697841727,0.21942446043165467,negative
2020-04-17,222,222,41,124,57,7,-0.22252252252252253,0.18468468468468469,0.5585585585585585,0.25675675675675674,negative
2020-04-20,290,290,72,173,45,9,-0.2159655172413793,0.2482758620689655,0.596551724137931,0.15517241379310345,negative
2020-04-21,301,301,92,141,68,10,-0.10245847176079734,0.30564784053156147,0.4684385382059801,0.22591362126245848,negative
2020-04-22,264,264,111,84,69,8,0.024053030303030302,0.42045454545454547,0.3181818181818182,0.26136363636363635,neutral
2020-04-23,337,337,111,104,122,7,-0.027210682492581597,0.3293768545994065,0.3086053412462908,0.3620178041543027,neutral
2020-04-24,244,244,57,137,50,6,-0.21,0.2336065573770492,0.5614754098360656,0.20491803278688525,negative
2020-04-27,299,299,93,110,96,8,-0.04705685618729097,0.3110367892976589,0.36789297658862874,0.3210702341137124,neutral
2020-04-28,251,251,61,118,72,6,-0.13876494023904382,0.24302788844621515,0.4701195219123506,0.2868525896414343,negative
2020-04-29,321,321,108,114,99,8,-0.023146417445482858,0.3364485981308411,0.35514018691588783,0.308411214953271,neutral
2020-04-30,362,362,114,168,80,7,-0.11988950276243093,0.3149171270718232,0.46408839779005523,0.22099447513812154,negative
2020-05-01,152,152,52,52,48,8,-0.02625,0.34210526315789475,0.34210526315789475,0.3157894736842105,neutral
2020-05-04,271,271,77,103,91,8,-0.07413284132841327,0.28413284132841327,0.3800738007380074,0.33579335793357934,negative
2020-05-05,300,300,104,111,85,8,-0.020766666666666662,0.3466666666666667,0.37,0.2833333333333333,neutral
2020-05-06,286,286,60,122,104,10,-0.1381118881118881,0.2097902097902098,0.42657342657342656,0.36363636363636365,negative
2020-05-07,318,318,102,141,75,8,-0.0919496855345912,0.32075471698113206,0.44339622641509435,0.2358490566037736,negative
2020-05-08,205,205,69,76,60,8,-0.06521951219512195,0.33658536585365856,0.37073170731707317,0.2926829268292683,negative
2020-05-11,214,214,56,99,59,8,-0.1300934579439252,0.2616822429906542,0.46261682242990654,0.2757009345794392,negative
2020-05-12,258,258,97,99,62,8,-0.045658914728682165,0.375968992248062,0.38372093023255816,0.24031007751937986,neutral
2020-05-13,319,319,114,134,71,8,-0.05335423197492163,0.3573667711598746,0.4200626959247649,0.2225705329153605,negative
2020-05-14,275,275,103,82,90,8,0.007600000000000001,0.37454545454545457,0.29818181818181816,0.32727272727272727,neutral
2020-05-15,285,285,106,118,61,7,-0.06273684210526316,0.3719298245614035,0.41403508771929826,0.21403508771929824,negative
2020-05-18,227,227,96,70,61,8,0.021674008810572694,0.42290748898678415,0.30837004405286345,0.2687224669603524,neutral
2020-05-19,175,175,87,44,44,10,0.08257142857142857,0.49714285714285716,0.25142857142857145,0.25142857142857145,positive
2020-05-20,282,282,109,94,79,9,0.0015957446808510653,0.38652482269503546,0.3333333333333333,0.2801418439716312,neutral
2020-05-21,232,232,95,73,64,7,0.022543103448275863,0.40948275862068967,0.3146551724137931,0.27586206896551724,neutral
2020-05-22,204,204,74,89,41,7,-0.05392156862745098,0.3627450980392157,0.4362745098039216,0.20098039215686275,negative
2020-05-26,322,322,153,87,82,10,0.08428571428571428,0.4751552795031056,0.2701863354037267,0.2546583850931677,positive
2020-05-27,172,172,66,61,45,7,-0.009476744186046515,0.38372093023255816,0.3546511627906977,0.2616279069767442,neutral
2020-05-28,274,274,115,111,48,7,-0.03357664233576642,0.4197080291970803,0.4051094890510949,0.17518248175182483,neutral
2020-05-29,228,228,103,68,57,7,0.043333333333333335,0.4517543859649123,0.2982456140350877,0.25,neutral
2020-06-01,217,217,99,62,56,9,0.08889400921658985,0.45622119815668205,0.2857142857142857,0.25806451612903225,positive
2020-06-02,156,156,69,56,31,8,0.03641025641025641,0.4423076923076923,0.358974358974359,0.1987179487179487,neutral
2020-06-03,277,277,93,134,50,11,-0.10534296028880866,0.33574007220216606,0.48375451263537905,0.18050541516245489,negative
2020-06-04,288,288,104,89,95,7,0.01434027777777778,0.3611111111111111,0.3090277777777778,0.3298611111111111,neutral
2020-06-05,204,204,94,61,49,7,0.0703921568627451,0.46078431372549017,0.29901960784313725,0.24019607843137256,positive
2020-06-08,224,224,72,87,65,9,-0.04540178571428571,0.32142857142857145,0.38839285714285715,0.29017857142857145,neutral
2020-06-09,186,186,62,64,60,10,-0.02462365591397849,0.3333333333333333,0.34408602150537637,0.3225806451612903,neutral
2020-06-10,286,286,112,99,75,7,-0.018636363636363635,0.3916083916083916,0.34615384615384615,0.26223776223776224,neutral
2020-06-11,226,226,79,99,48,10,-0.09424778761061947,0.3495575221238938,0.43805309734513276,0.21238938053097345,negative
2020-06-12,148,148,49,54,45,6,-0.05101351351351351,0.3310810810810811,0.36486486486486486,0.30405405405405406,negative
2020-06-15,240,240,82,102,56,9,-0.07429166666666666,0.3416666666666667,0.425,0.23333333333333334,negative
2020-06-16,234,234,111,62,61,9,0.1002136752136752,0.47435897435897434,0.26495726495726496,0.2606837606837607,positive
2020-06-17,235,235,89,88,58,7,0.0037021276595744705,0.37872340425531914,0.37446808510638296,0.24680851063829787,neutral
2020-06-18,280,280,109,71,100,8,0.05960714285714286,0.3892857142857143,0.25357142857142856,0.35714285714285715,positive
2020-06-19,196,196,109,55,32,9,0.12020408163265307,0.5561224489795918,0.28061224489795916,0.16326530612244897,positive
2020-06-22,206,206,91,79,36,9,0.005388349514563108,0.441747572815534,0.38349514563106796,0.17475728155339806,neutral
2020-06-23,220,220,96,58,66,8,0.07036363636363636,0.43636363636363634,0.2636363636363636,0.3,positive
2020-06-24,236,236,90,97,49,8,-0.018177966101694917,0.3813559322033898,0.4110169491525424,0.2076271186440678,neutral
2020-06-25,273,273,104,88,81,8,0.02021978021978022,0.38095238095238093,0.32234432234432236,0.2967032967032967,neutral
2020-06-26,231,231,85,91,55,9,-0.024415584415584418,0.36796536796536794,0.3939393939393939,0.23809523809523808,neutral
2020-06-29,244,244,91,97,56,7,0.005122950819672135,0.3729508196721312,0.3975409836065574,0.22950819672131148,neutral
2020-06-30,233,233,84,93,56,10,-0.022703862660944204,0.3605150214592275,0.39914163090128757,0.24034334763948498,neutral
2020-07-01,270,270,87,90,93,8,-0.001740740740740737,0.32222222222222224,0.3333333333333333,0.34444444444444444,neutral
2020-07-02,268,268,119,78,71,7,0.06559701492537313,0.44402985074626866,0.291044776119403,0.26492537313432835,positive
2020-07-06,290,290,101,110,79,10,-0.04324137931034482,0.3482758620689655,0.3793103448275862,0.27241379310344827,neutral
2020-07-07,200,200,78,63,59,7,0.0393,0.39,0.315,0.295,neutral
2020-07-08,192,192,107,55,30,7,0.12671875,0.5572916666666666,0.2864583333333333,0.15625,positive
2020-07-09,241,241,102,73,66,9,0.07070539419087138,0.42323651452282157,0.3029045643153527,0.27385892116182575,positive
2020-07-10,161,161,70,57,34,5,0.059316770186335396,0.43478260869565216,0.35403726708074534,0.2111801242236025,positive
2020-07-13,173,173,48,85,40,8,-0.1276300578034682,0.2774566473988439,0.4913294797687861,0.23121387283236994,negative
2020-07-14,242,242,86,93,63,7,-0.003181818181818183,0.35537190082644626,0.384297520661157,0.2603305785123967,neutral
2020-07-15,285,285,106,81,98,7,0.02887719298245614,0.3719298245614035,0.28421052631578947,0.34385964912280703,neutral
2020-07-16,293,293,143,69,81,9,0.13668941979522187,0.4880546075085324,0.2354948805460751,0.2764505119453925,positive
2020-07-17,133,133,48,51,34,7,-0.018195488721804508,0.3609022556390977,0.38345864661654133,0.2556390977443609,neutral
2020-07-20,182,182,75,63,44,7,0.0008791208791208799,0.41208791208791207,0.34615384615384615,0.24175824175824176,neutral
2020-07-21,189,189,80,60,49,8,0.023333333333333338,0.42328042328042326,0.31746031746031744,0.25925925925925924,neutral
2020-07-22,255,255,111,93,51,9,0.051490196078431374,0.43529411764705883,0.36470588235294116,0.2,positive
2020-07-23,242,242,91,96,55,8,-0.025082644628099168,0.3760330578512397,0.39669421487603307,0.22727272727272727,neutral
2020-07-24,210,210,88,67,55,7,0.04438095238095238,0.41904761904761906,0.319047619047619,0.2619047619047619,neutral
2020-07-27,208,208,82,81,45,9,-0.013990384615384615,0.3942307692307692,0.3894230769230769,0.21634615384615385,neutral
2020-07-28,214,214,85,72,57,10,0.004906542056074765,0.397196261682243,0.3364485981308411,0.26635514018691586,neutral
2020-07-29,221,221,96,71,54,9,0.029864253393665163,0.4343891402714932,0.3212669683257919,0.24434389140271492,neutral
2020-07-30,299,299,96,133,70,10,-0.1340133779264214,0.3210702341137124,0.44481605351170567,0.23411371237458195,negative
2020-07-31,287,287,119,108,60,8,-0.015017421602787451,0.4146341463414634,0.37630662020905925,0.20905923344947736,neutral
2020-08-03,223,223,97,78,48,5,0.0440358744394619,0.4349775784753363,0.34977578475336324,0.21524663677130046,neutral
2020-08-04,233,233,94,90,49,8,-0.011158798283261802,0.4034334763948498,0.38626609442060084,0.21030042918454936,neutral
2020-08-05,310,310,120,80,110,9,0.06225806451612904,0.3870967741935484,0.25806451612903225,0.3548387096774194,positive
2020-08-06,248,248,101,77,70,6,0.05189516129032259,0.40725806451612906,0.31048387096774194,0.28225806451612906,positive
2020-08-07,229,229,112,62,55,8,0.1334934497816594,0.4890829694323144,0.27074235807860264,0.24017467248908297,positive
2020-08-10,177,177,43,84,50,8,-0.13271186440677968,0.24293785310734464,0.4745762711864407,0.2824858757062147,negative
2020-08-11,214,214,84,87,43,8,-0.014345794392523366,0.3925233644859813,0.40654205607476634,0.20093457943925233,neutral
2020-08-12,303,303,130,123,50,10,-0.0015841584158415819,0.429042904290429,0.40594059405940597,0.16501650165016502,neutral
2020-08-13,202,202,87,71,44,7,0.04004950495049505,0.4306930693069307,0.35148514851485146,0.21782178217821782,neutral
2020-08-14,231,231,104,84,43,6,0.0001731601731601762,0.45021645021645024,0.36363636363636365,0.18614718614718614,neutral
2020-08-17,228,228,77,104,47,8,-0.12785087719298244,0.33771929824561403,0.45614035087719296,0.20614035087719298,negative
2020-08-18,151,151,60,46,45,8,0.04536423841059603,0.3973509933774834,0.304635761589404,0.2980132450331126,neutral
2020-08-19,245,245,81,103,61,10,-0.04212244897959183,0.3306122448979592,0.4204081632653061,0.24897959183673468,neutral
2020-08-20,235,235,51,101,83,7,-0.09872340425531914,0.2170212765957447,0.4297872340425532,0.35319148936170214,negative
2020-08-21,226,226,92,75,59,7,0.03650442477876106,0.40707964601769914,0.33185840707964603,0.2610619469026549,neutral
2020-08-24,222,222,85,96,41,7,-0.030045045045045037,0.38288288288288286,0.43243243243243246,0.18468468468468469,neutral
2020-08-25,249,249,102,75,72,8,0.04738955823293173,0.40963855421686746,0.30120481927710846,0.2891566265060241,neutral
2020-08-26,205,205,94,81,30,9,0.038390243902439024,0.4585365853658537,0.3951219512195122,0.14634146341463414,neutral
2020-08-27,248,248,112,66,70,6,0.10556451612903225,0.45161290322580644,0.2661290322580645,0.28225806451612906,positive
2020-08-28,196,196,77,89,30,7,-0.04775510204081632,0.39285714285714285,0.45408163265306123,0.15306122448979592,neutral
2020-08-31,227,227,92,82,53,8,-0.021453744493392067,0.4052863436123348,0.36123348017621143,0.23348017621145375,neutral
2020-09-01,275,275,129,70,76,9,0.0904,0.4690909090909091,0.2545454545454545,0.27636363636363637,positive
2020-09-02,194,194,84,77,33,8,0.02948453608247423,0.4329896907216495,0.39690721649484534,0.17010309278350516,neutral
2020-09-03,311,311,96,81,134,7,0.027652733118971064,0.3086816720257235,0.2604501607717042,0.43086816720257237,neutral
2020-09-04,194,194,94,63,37,5,0.07298969072164947,0.4845360824742268,0.3247422680412371,0.19072164948453607,positive
2020-09-08,380,380,139,166,75,8,-0.05863157894736842,0.36578947368421055,0.4368421052631579,0.19736842105263158,negative
2020-09-09,229,229,95,84,50,7,0.013799126637554586,0.4148471615720524,0.36681222707423583,0.2183406113537118,neutral
2020-09-10,329,329,127,114,88,9,0.015106382978723406,0.3860182370820669,0.3465045592705167,0.2674772036474164,neutral
2020-09-11,196,196,69,92,35,8,-0.0401530612244898,0.3520408163265306,0.46938775510204084,0.17857142857142858,neutral
2020-09-14,279,279,138,89,52,10,0.060501792114695335,0.4946236559139785,0.31899641577060933,0.1863799283154122,positive
2020-09-15,264,264,126,75,63,8,0.08761363636363637,0.4772727272727273,0.2840909090909091,0.23863636363636365,positive
2020-09-16,315,315,119,81,115,6,0.030952380952380957,0.37777777777777777,0.2571428571428571,0.36507936507936506,neutral
2020-09-17,324,324,135,90,99,10,0.05475308641975309,0.4166666666666667,0.2777777777777778,0.3055555555555556,positive
2020-09-18,207,207,97,52,58,9,0.09541062801932366,0.46859903381642515,0.25120772946859904,0.28019323671497587,positive
2020-09-21,242,242,91,109,42,8,-0.05475206611570248,0.3760330578512397,0.45041322314049587,0.17355371900826447,negative
2020-09-22,245,245,117,61,67,7,0.1086530612244898,0.4775510204081633,0.24897959183673468,0.27346938775510204,positive
2020-09-23,285,285,110,83,92,8,0.018666666666666668,0.38596491228070173,0.2912280701754386,0.32280701754385965,neutral
2020-09-24,230,230,90,77,63,8,0.025521739130434783,0.391304347826087,0.3347826086956522,0.27391304347826084,neutral
2020-09-25,192,192,82,75,35,8,-0.004843749999999998,0.4270833333333333,0.390625,0.18229166666666666,neutral
2020-09-28,204,204,86,71,47,8,0.018284313725490203,0.4215686274509804,0.3480392156862745,0.23039215686274508,neutral
2020-09-29,233,233,88,83,62,7,0.02579399141630901,0.3776824034334764,0.3562231759656652,0.26609442060085836,neutral
2020-09-30,263,263,122,84,57,9,0.05106463878326996,0.46387832699619774,0.3193916349809886,0.21673003802281368,positive
2020-10-01,303,303,121,86,96,9,0.034290429042904295,0.39933993399339934,0.2838283828382838,0.31683168316831684,neutral
2020-10-02,206,206,75,82,49,7,-0.02354368932038835,0.3640776699029126,0.39805825242718446,0.23786407766990292,neutral
2020-10-05,249,249,135,47,67,10,0.14329317269076305,0.5421686746987951,0.18875502008032127,0.26907630522088355,positive
2020-10-06,268,268,100,80,88,8,0.030000000000000002,0.373134328358209,0.29850746268656714,0.3283582089552239,neutral
2020-10-07,215,215,89,90,36,10,-0.014837209302325577,0.413953488372093,0.4186046511627907,0.16744186046511628,neutral
2020-10-08,252,252,128,69,55,8,0.09642857142857143,0.5079365079365079,0.27380952380952384,0.21825396825396826,positive
2020-10-09,206,206,93,79,34,7,0.0312621359223301,0.45145631067961167,0.38349514563106796,0.1650485436893204,neutral
2020-10-12,218,218,119,55,44,10,0.1511467889908257,0.5458715596330275,0.25229357798165136,0.2018348623853211,positive
2020-10-13,276,276,117,97,62,10,0.02166666666666667,0.42391304347826086,0.35144927536231885,0.2246376811594203,neutral
2020-10-14,229,229,101,81,47,8,0.03882096069868996,0.4410480349344978,0.3537117903930131,0.2052401746724891,neutral
2020-10-15,277,277,97,122,58,7,-0.05794223826714802,0.35018050541516244,0.4404332129963899,0.20938628158844766,negative
2020-10-16,212,212,94,88,30,7,-0.029481132075471695,0.44339622641509435,0.41509433962264153,0.14150943396226415,neutral
2020-10-19,224,224,96,82,46,7,0.01178571428571428,0.42857142857142855,0.36607142857142855,0.20535714285714285,neutral
2020-10-20,196,196,99,46,51,9,0.12142857142857143,0.5051020408163265,0.23469387755102042,0.2602040816326531,positive
2020-10-21,261,261,101,111,49,8,-0.02279693486590038,0.38697318007662834,0.42528735632183906,0.18773946360153257,neutral
2020-10-22,255,255,104,89,62,8,0.025686274509803923,0.40784313725490196,0.34901960784313724,0.24313725490196078,neutral
2020-10-23,234,234,65,87,82,8,-0.06047008547008547,0.2777777777777778,0.3717948717948718,0.3504273504273504,negative
2020-10-26,252,252,99,110,43,11,-0.027936507936507933,0.39285714285714285,0.4365079365079365,0.17063492063492064,neutral
2020-10-27,237,237,117,68,52,7,0.09569620253164557,0.4936708860759494,0.2869198312236287,0.21940928270042195,positive
2020-10-28,249,249,87,99,63,4,-0.022771084337349402,0.3493975903614458,0.39759036144578314,0.25301204819277107,neutral
2020-10-29,348,348,116,109,123,6,0.010775862068965516,0.3333333333333333,0.3132183908045977,0.35344827586206895,neutral
2020-10-30,247,247,124,82,41,7,0.09218623481781377,0.5020242914979757,0.3319838056680162,0.1659919028340081,positive
2020-11-02,321,321,186,84,51,10,0.15118380062305295,0.5794392523364486,0.2616822429906542,0.1588785046728972,positive
2020-11-03,242,242,130,65,47,7,0.11979338842975207,0.5371900826446281,0.26859504132231404,0.19421487603305784,positive
2020-11-04,391,391,194,89,108,7,0.13721227621483376,0.4961636828644501,0.22762148337595908,0.27621483375959077,positive
2020-11-05,337,337,143,105,89,11,0.05910979228486647,0.42433234421364985,0.3115727002967359,0.26409495548961426,positive
2020-11-06,268,268,124,82,62,9,0.08503731343283581,0.4626865671641791,0.30597014925373134,0.23134328358208955,positive
2020-11-09,351,351,197,100,54,12,0.15005698005698007,0.5612535612535613,0.2849002849002849,0.15384615384615385,positive
2020-11-10,271,271,120,97,54,11,0.025682656826568267,0.44280442804428044,0.35793357933579334,0.1992619926199262,neutral
2020-11-11,214,214,99,80,35,7,0.029813084112149536,0.46261682242990654,0.37383177570093457,0.16355140186915887,neutral
2020-11-12,267,267,107,90,70,9,0.03696629213483146,0.40074906367041196,0.33707865168539325,0.26217228464419473,neutral
2020-11-13,203,203,63,106,34,7,-0.11270935960591133,0.3103448275862069,0.5221674876847291,0.16748768472906403,negative
2020-11-16,276,276,149,62,65,8,0.14028985507246378,0.5398550724637681,0.2246376811594203,0.23550724637681159,positive
2020-11-17,220,220,101,67,52,8,0.05154545454545455,0.4590909090909091,0.30454545454545456,0.23636363636363636,positive
2020-11-18,256,256,104,83,69,8,0.048281250000000005,0.40625,0.32421875,0.26953125,neutral
2020-11-19,261,261,114,94,53,8,0.012375478927203063,0.4367816091954023,0.36015325670498083,0.20306513409961685,neutral
2020-11-20,165,165,89,41,35,7,0.12818181818181817,0.5393939393939394,0.24848484848484848,0.21212121212121213,positive
2020-11-23,292,292,115,87,90,9,0.041164383561643834,0.3938356164383562,0.2979452054794521,0.3082191780821918,neutral
2020-11-24,237,237,117,68,52,7,0.09274261603375528,0.4936708860759494,0.2869198312236287,0.21940928270042195,positive
2020-11-25,278,278,99,108,71,9,-0.04255395683453237,0.35611510791366907,0.38848920863309355,0.25539568345323743,neutral
2020-11-27,338,338,120,131,87,10,-0.024437869822485213,0.35502958579881655,0.3875739644970414,0.257396449704142,neutral
2020-11-30,250,250,98,95,57,10,0.011119999999999998,0.392,0.38,0.228,neutral
2020-12-01,303,303,131,72,100,11,0.11811881188118811,0.43234323432343236,0.2376237623762376,0.33003300330033003,positive
2020-12-02,272,272,115,83,74,9,0.031580882352941174,0.4227941176470588,0.30514705882352944,0.27205882352941174,neutral
2020-12-03,289,289,133,81,75,9,0.09200692041522492,0.4602076124567474,0.28027681660899656,0.25951557093425603,positive
2020-12-04,285,285,108,86,91,9,0.01628070175438597,0.37894736842105264,0.3017543859649123,0.3192982456140351,neutral
2020-12-07,308,308,130,91,87,10,0.06165584415584415,0.42207792207792205,0.29545454545454547,0.2824675324675325,positive
2020-12-08,215,215,88,70,57,7,0.0481860465116279,0.40930232558139534,0.32558139534883723,0.2651162790697674,neutral
2020-12-09,305,305,132,83,90,9,0.07639344262295082,0.43278688524590164,0.2721311475409836,0.29508196721311475,positive
2020-12-10,325,325,141,85,99,9,0.08181538461538461,0.4338461538461538,0.26153846153846155,0.3046153846153846,positive
2020-12-11,215,215,85,79,51,9,0.0049302325581395395,0.3953488372093023,0.3674418604651163,0.2372093023255814,neutral
2020-12-14,269,269,115,92,62,10,-0.007769516728624535,0.4275092936802974,0.3420074349442379,0.23048327137546468,neutral
2020-12-15,321,321,125,97,99,9,0.027133956386292832,0.3894080996884735,0.30218068535825543,0.308411214953271,neutral
2020-12-16,369,369,146,117,106,8,0.0521680216802168,0.3956639566395664,0.3170731707317073,0.2872628726287263,positive
2020-12-17,403,403,162,99,142,9,0.07344913151364765,0.40198511166253104,0.2456575682382134,0.3523573200992556,positive
2020-12-18,216,216,96,58,62,8,0.06518518518518518,0.4444444444444444,0.26851851851851855,0.28703703703703703,positive
2020-12-21,249,249,74,131,44,9,-0.12999999999999998,0.2971887550200803,0.5261044176706827,0.17670682730923695,negative
2020-12-22,236,236,91,108,37,11,-0.04148305084745763,0.3855932203389831,0.4576271186440678,0.15677966101694915,neutral
2020-12-23,276,276,135,103,38,10,0.04807971014492754,0.4891304347826087,0.37318840579710144,0.13768115942028986,neutral
2020-12-24,155,155,71,42,42,4,0.08929032258064518,0.45806451612903226,0.2709677419354839,0.2709677419354839,positive
2020-12-28,133,133,41,64,28,8,-0.12360902255639096,0.3082706766917293,0.48120300751879697,0.21052631578947367,negative
2020-12-29,142,142,88,28,26,7,0.20619718309859156,0.6197183098591549,0.19718309859154928,0.18309859154929578,positive
2020-12-30,181,181,87,72,22,8,0.01011049723756906,0.48066298342541436,0.39779005524861877,0.12154696132596685,neutral
2020-12-31,125,125,47,45,33,4,0.017440000000000008,0.376,0.36,0.264,neutral
2021-01-04,212,212,92,71,49,7,0.04363207547169811,0.4339622641509434,0.33490566037735847,0.23113207547169812,neutral
2021-01-05,252,252,118,67,67,8,0.08567460317460317,0.46825396825396826,0.26587301587301587,0.26587301587301587,positive
2021-01-06,325,325,144,89,92,9,0.08129230769230769,0.4430769230769231,0.27384615384615385,0.28307692307692306,positive
2021-01-07,315,315,114,98,103,7,0.022190476190476194,0.3619047619047619,0.3111111111111111,0.326984126984127,neutral
2021-01-08,226,226,87,86,53,9,-0.004778761061946899,0.38495575221238937,0.3805309734513274,0.2345132743362832,neutral
2021-01-11,218,218,78,103,37,9,-0.05041284403669725,0.3577981651376147,0.4724770642201835,0.16972477064220184,negative
2021-01-12,255,255,95,87,73,8,-0.0069019607843137255,0.37254901960784315,0.3411764705882353,0.28627450980392155,neutral
2021-01-13,273,273,121,116,36,9,-0.010329670329670327,0.4432234432234432,0.4249084249084249,0.13186813186813187,neutral
2021-01-14,254,254,90,112,52,9,-0.06826771653543307,0.3543307086614173,0.4409448818897638,0.2047244094488189,negative
2021-01-15,277,277,91,118,68,9,-0.026425992779783393,0.3285198555956679,0.4259927797833935,0.24548736462093862,neutral
2021-01-19,390,390,173,134,83,9,0.022538461538461535,0.44358974358974357,0.3435897435897436,0.2128205128205128,neutral
2021-01-20,234,234,85,74,75,7,0.022435897435897433,0.36324786324786323,0.3162393162393162,0.32051282051282054,neutral
2021-01-21,270,270,96,76,98,7,0.03440740740740741,0.35555555555555557,0.2814814814814815,0.362962962962963,neutral
2021-01-22,290,290,77,131,82,5,-0.08737931034482758,0.2655172413793103,0.4517241379310345,0.2827586206896552,negative
2021-01-25,255,255,106,87,62,8,0.016980392156862745,0.41568627450980394,0.3411764705882353,0.24313725490196078,neutral
2021-01-26,261,261,116,90,55,10,0.010191570881226054,0.4444444444444444,0.3448275862068966,0.210727969348659,neutral
2021-01-27,251,251,93,106,52,8,-0.05075697211155378,0.3705179282868526,0.42231075697211157,0.20717131474103587,negative
2021-01-28,309,309,116,120,73,10,0.01459546925566343,0.37540453074433655,0.3883495145631068,0.23624595469255663,neutral
2021-01-29,288,288,138,80,70,7,0.08590277777777777,0.4791666666666667,0.2777777777777778,0.24305555555555555,positive
2021-02-01,257,257,120,70,67,10,0.0672762645914397,0.4669260700389105,0.2723735408560311,0.2607003891050584,positive
2021-02-02,233,233,97,77,59,10,0.03575107296137339,0.41630901287553645,0.33047210300429186,0.2532188841201717,neutral
2021-02-03,327,327,108,129,90,8,-0.03709480122324159,0.3302752293577982,0.3944954128440367,0.27522935779816515,neutral
2021-02-04,296,296,127,101,68,10,0.03868243243243243,0.42905405405405406,0.34121621621621623,0.22972972972972974,neutral
2021-02-05,290,290,123,63,104,8,0.10724137931034483,0.4241379310344828,0.21724137931034482,0.3586206896551724,positive
2021-02-08,193,193,101,58,34,8,0.11015544041450778,0.5233160621761658,0.3005181347150259,0.17616580310880828,positive
2021-02-09,262,262,121,93,48,8,0.05274809160305344,0.4618320610687023,0.3549618320610687,0.183206106870229,positive
2021-02-10,339,339,112,100,127,11,0.015427728613569322,0.3303834808259587,0.2949852507374631,0.3746312684365782,neutral
2021-02-11,214,214,79,85,50,8,-0.017990654205607474,0.3691588785046729,0.397196261682243,0.2336448598130841,neutral
2021-02-12,230,230,100,79,51,8,0.02282608695652174,0.43478260869565216,0.34347826086956523,0.2217391304347826,neutral
2021-02-16,443,443,208,146,89,10,0.044966139954853275,0.46952595936794583,0.3295711060948081,0.20090293453724606,neutral
2021-02-17,349,349,153,138,58,8,0.04065902578796562,0.4383954154727794,0.3954154727793696,0.166189111747851,neutral
2021-02-18,278,278,129,91,58,10,0.058165467625899275,0.46402877697841727,0.3273381294964029,0.20863309352517986,positive
2021-02-19,230,230,80,73,77,6,0.03134782608695653,0.34782608695652173,0.3173913043478261,0.3347826086956522,neutral
2021-02-22,256,256,153,61,42,8,0.1798828125,0.59765625,0.23828125,0.1640625,positive
2021-02-23,271,271,137,85,49,8,0.0848339483394834,0.5055350553505535,0.31365313653136534,0.18081180811808117,positive
2021-02-24,282,282,110,101,71,8,0.011063829787234046,0.3900709219858156,0.35815602836879434,0.25177304964539005,neutral
2021-02-25,257,257,131,71,55,6,0.11182879377431906,0.5097276264591439,0.27626459143968873,0.2140077821011673,positive
2021-02-26,265,265,99,108,58,9,-0.014301886792452829,0.37358490566037733,0.4075471698113208,0.2188679245283019,neutral
2021-03-01,295,295,138,92,65,9,0.08633898305084746,0.46779661016949153,0.31186440677966104,0.22033898305084745,positive
2021-03-02,290,290,97,110,83,9,-0.01810344827586207,0.33448275862068966,0.3793103448275862,0.28620689655172415,neutral
2021-03-03,265,265,101,86,78,9,0.009320754716981136,0.38113207547169814,0.32452830188679244,0.2943396226415094,neutral
2021-03-04,333,333,141,107,85,8,0.02738738738738739,0.42342342342342343,0.3213213213213213,0.2552552552552553,neutral
2021-03-05,322,322,148,83,91,7,0.10285714285714286,0.45962732919254656,0.2577639751552795,0.2826086956521739,positive
2021-03-08,249,249,108,89,52,7,0.033534136546184735,0.43373493975903615,0.357429718875502,0.20883534136546184,neutral
2021-03-09,269,269,130,85,54,9,0.08081784386617101,0.483271375464684,0.3159851301115242,0.20074349442379183,positive
2021-03-10,290,290,158,81,51,8,0.11955172413793104,0.5448275862068965,0.2793103448275862,0.17586206896551723,positive
2021-03-11,273,273,139,79,55,10,0.10783882783882784,0.5091575091575091,0.2893772893772894,0.20146520146520147,positive
2021-03-12,253,253,116,103,34,8,0.03418972332015811,0.45849802371541504,0.40711462450592883,0.13438735177865613,neutral
2021-03-15,224,224,111,66,47,8,0.10334821428571428,0.4955357142857143,0.29464285714285715,0.20982142857142858,positive
2021-03-16,208,208,78,82,48,10,0.006971153846153845,0.375,0.3942307692307692,0.23076923076923078,neutral
2021-03-17,294,294,118,125,51,8,-0.009013605442176869,0.4013605442176871,0.42517006802721086,0.17346938775510204,neutral
2021-03-18,348,348,108,139,101,9,-0.053132183908045985,0.3103448275862069,0.3994252873563218,0.29022988505747127,negative
2021-03-19,192,192,81,79,32,7,0.012812499999999998,0.421875,0.4114583333333333,0.16666666666666666,neutral
2021-03-22,241,241,96,91,54,10,-0.015269709543568467,0.3983402489626556,0.3775933609958506,0.22406639004149378,neutral
2021-03-23,283,283,97,136,50,8,-0.0692226148409894,0.34275618374558303,0.48056537102473496,0.17667844522968199,negative
2021-03-24,270,270,102,89,79,7,0.014407407407407407,0.37777777777777777,0.3296296296296296,0.29259259259259257,neutral
2021-03-25,265,265,117,96,52,7,0.040528301886792455,0.44150943396226416,0.3622641509433962,0.19622641509433963,neutral
2021-03-26,218,218,109,57,52,9,0.12463302752293579,0.5,0.26146788990825687,0.23853211009174313,positive
2021-03-29,213,213,99,70,44,9,0.05089201877934272,0.4647887323943662,0.3286384976525822,0.20657276995305165,positive
2021-03-30,272,272,103,80,89,7,0.07389705882352941,0.3786764705882353,0.29411764705882354,0.3272058823529412,positive
2021-03-31,266,266,131,79,56,10,0.10845864661654137,0.4924812030075188,0.29699248120300753,0.21052631578947367,positive
2021-04-01,258,258,125,65,68,8,0.10980620155038759,0.4844961240310077,0.25193798449612403,0.26356589147286824,positive
2021-04-05,234,234,90,95,49,8,0.002264957264957266,0.38461538461538464,0.405982905982906,0.2094017094017094,neutral
2021-04-06,223,223,126,60,37,9,0.13614349775784754,0.5650224215246636,0.26905829596412556,0.16591928251121077,positive
2021-04-07,292,292,121,63,108,8,0.10041095890410959,0.4143835616438356,0.21575342465753425,0.3698630136986301,positive
2021-04-08,222,222,101,70,51,8,0.08090090090090091,0.45495495495495497,0.3153153153153153,0.22972972972972974,positive
2021-04-09,181,181,60,90,31,8,-0.059558011049723754,0.3314917127071823,0.4972375690607735,0.1712707182320442,negative
2021-04-12,253,253,96,102,55,7,-0.009090909090909094,0.3794466403162055,0.4031620553359684,0.21739130434782608,neutral
2021-04-13,262,262,115,97,50,9,0.0317557251908397,0.4389312977099237,0.3702290076335878,0.19083969465648856,neutral
2021-04-14,227,227,124,59,44,8,0.12268722466960354,0.5462555066079295,0.2599118942731278,0.19383259911894274,positive
2021-04-15,278,278,143,69,66,11,0.12820143884892088,0.5143884892086331,0.24820143884892087,0.23741007194244604,positive
2021-04-16,182,182,84,58,40,7,0.07609890109890109,0.46153846153846156,0.31868131868131866,0.21978021978021978,positive
2021-04-19,205,205,95,64,46,6,0.0542439024390244,0.4634146341463415,0.3121951219512195,0.22439024390243903,positive
2021-04-20,231,231,125,67,39,8,0.1277056277056277,0.5411255411255411,0.29004329004329005,0.16883116883116883,positive
2021-04-21,302,302,131,83,88,9,0.09241721854304635,0.4337748344370861,0.27483443708609273,0.2913907284768212,positive
2021-04-22,259,259,100,74,85,8,0.052664092664092665,0.3861003861003861,0.2857142857142857,0.3281853281853282,positive
2021-04-23,230,230,94,48,88,9,0.11243478260869565,0.40869565217391307,0.20869565217391303,0.3826086956521739,positive
2021-04-26,252,252,127,76,49,11,0.0873015873015873,0.503968253968254,0.30158730158730157,0.19444444444444445,positive
2021-04-27,247,247,129,54,64,9,0.15299595141700403,0.5222672064777328,0.21862348178137653,0.2591093117408907,positive
2021-04-28,267,267,125,64,78,10,0.09842696629213483,0.4681647940074906,0.2397003745318352,0.29213483146067415,positive
2021-04-29,290,290,137,68,85,8,0.12886206896551725,0.4724137931034483,0.23448275862068965,0.29310344827586204,positive
2021-04-30,290,290,119,119,52,8,0.0029655172413793145,0.4103448275862069,0.4103448275862069,0.1793103448275862,neutral
2021-05-03,239,239,124,50,65,9,0.15518828451882843,0.5188284518828452,0.20920502092050208,0.2719665271966527,positive
2021-05-04,254,254,101,69,84,9,0.05043307086614173,0.39763779527559057,0.27165354330708663,0.33070866141732286,positive
2021-05-05,302,302,136,89,77,9,0.1019205298013245,0.4503311258278146,0.2947019867549669,0.25496688741721857,positive
2021-05-06,273,273,111,82,80,10,0.063992673992674,0.4065934065934066,0.30036630036630035,0.29304029304029305,positive
2021-05-07,224,224,126,52,46,5,0.1689285714285714,0.5625,0.23214285714285715,0.20535714285714285,positive
2021-05-10,260,260,101,77,82,9,0.04119230769230769,0.38846153846153847,0.29615384615384616,0.3153846153846154,neutral
2021-05-11,259,259,102,90,67,8,0.03196911196911197,0.3938223938223938,0.3474903474903475,0.25868725868725867,neutral
2021-05-12,329,329,127,125,77,9,0.007507598784194534,0.3860182370820669,0.3799392097264438,0.23404255319148937,neutral
2021-05-13,213,213,78,92,43,7,-0.018262910798122065,0.36619718309859156,0.431924882629108,0.20187793427230047,neutral
2021-05-14,189,189,70,81,38,7,-0.030846560846560848,0.37037037037037035,0.42857142857142855,0.20105820105820105,neutral
2021-05-17,248,248,109,84,55,8,0.030887096774193556,0.43951612903225806,0.3387096774193548,0.2217741935483871,neutral
2021-05-18,234,234,126,78,30,9,0.09572649572649573,0.5384615384615384,0.3333333333333333,0.1282051282051282,positive
2021-05-19,300,300,92,116,92,8,-0.018666666666666665,0.30666666666666664,0.38666666666666666,0.30666666666666664,neutral
2021-05-20,311,311,128,95,88,10,0.07196141479099678,0.4115755627009646,0.3054662379421222,0.2829581993569132,positive
2021-05-21,265,265,112,62,91,8,0.13388679245283017,0.4226415094339623,0.2339622641509434,0.3433962264150943,positive
2021-05-24,204,204,89,73,42,9,0.04622549019607842,0.4362745098039216,0.35784313725490197,0.20588235294117646,neutral
2021-05-25,263,263,103,66,94,10,0.07429657794676806,0.3916349809885932,0.2509505703422053,0.3574144486692015,positive
2021-05-26,184,184,86,55,43,11,0.0648913043478261,0.4673913043478261,0.29891304347826086,0.23369565217391305,positive
2021-05-27,219,219,105,70,44,9,0.1076255707762557,0.4794520547945205,0.319634703196347,0.2009132420091324,positive
2021-05-28,214,214,105,45,64,8,0.140607476635514,0.49065420560747663,0.2102803738317757,0.29906542056074764,positive
2021-06-01,364,364,176,103,85,12,0.10934065934065935,0.4835164835164835,0.28296703296703296,0.23351648351648352,positive
2021-06-02,257,257,113,75,69,9,0.08424124513618676,0.4396887159533074,0.2918287937743191,0.26848249027237353,positive
2021-06-03,254,254,109,65,80,8,0.08980314960629922,0.42913385826771655,0.2559055118110236,0.31496062992125984,positive
2021-06-04,258,258,97,84,77,7,0.03484496124031007,0.375968992248062,0.32558139534883723,0.29844961240310075,neutral
2021-06-07,217,217,90,75,52,10,0.036635944700460825,0.4147465437788018,0.3456221198156682,0.23963133640552994,neutral
2021-06-08,303,303,101,92,110,9,-0.007227722772277226,0.3333333333333333,0.30363036303630364,0.36303630363036304,neutral
2021-06-09,224,224,107,55,62,8,0.13263392857142858,0.47767857142857145,0.24553571428571427,0.2767857142857143,positive
2021-06-10,271,271,113,89,69,9,0.0574169741697417,0.41697416974169743,0.3284132841328413,0.25461254612546125,positive
2021-06-11,199,199,99,71,29,6,0.06371859296482411,0.49748743718592964,0.35678391959798994,0.1457286432160804,positive
2021-06-14,222,222,91,96,35,10,-0.015810810810810816,0.4099099099099099,0.43243243243243246,0.15765765765765766,neutral
2021-06-15,266,266,103,93,70,9,0.023458646616541356,0.38721804511278196,0.34962406015037595,0.2631578947368421,neutral
2021-06-16,289,289,115,110,64,11,-0.0071280276816609,0.39792387543252594,0.3806228373702422,0.22145328719723184,neutral
2021-06-17,362,362,129,146,87,10,-0.04149171270718233,0.356353591160221,0.40331491712707185,0.24033149171270718,neutral
2021-06-18,171,171,66,61,44,9,-0.009415204678362573,0.38596491228070173,0.3567251461988304,0.2573099415204678,neutral
2021-06-21,212,212,102,58,52,11,0.08226415094339623,0.4811320754716981,0.27358490566037735,0.24528301886792453,positive
2021-06-22,205,205,90,65,50,8,0.040926829268292685,0.43902439024390244,0.3170731707317073,0.24390243902439024,neutral
2021-06-23,260,260,113,65,82,8,0.07115384615384615,0.4346153846153846,0.25,0.3153846153846154,positive
2021-06-24,322,322,120,97,105,8,0.026180124223602483,0.37267080745341613,0.30124223602484473,0.32608695652173914,neutral
2021-06-25,226,226,119,64,43,10,0.1245575221238938,0.5265486725663717,0.2831858407079646,0.1902654867256637,positive
2021-06-28,228,228,90,98,40,10,-0.035701754385964915,0.39473684210526316,0.4298245614035088,0.17543859649122806,neutral
2021-06-29,288,288,147,68,73,11,0.13600694444444444,0.5104166666666666,0.2361111111111111,0.2534722222222222,positive
2021-06-30,284,284,162,80,42,11,0.1327112676056338,0.5704225352112676,0.28169014084507044,0.14788732394366197,positive
2021-07-01,310,310,138,68,104,9,0.10232258064516128,0.44516129032258067,0.21935483870967742,0.33548387096774196,positive
2021-07-02,232,232,93,78,61,5,0.01823275862068965,0.40086206896551724,0.33620689655172414,0.2629310344827586,neutral
2021-07-06,291,291,120,98,73,9,0.03230240549828179,0.41237113402061853,0.33676975945017185,0.2508591065292096,neutral
2021-07-07,223,223,72,93,58,8,-0.03269058295964126,0.32286995515695066,0.4170403587443946,0.2600896860986547,neutral
2021-07-08,299,299,103,115,81,10,-0.02749163879598662,0.34448160535117056,0.38461538461538464,0.2709030100334448,neutral
2021-07-09,172,172,87,64,21,6,0.07436046511627907,0.5058139534883721,0.37209302325581395,0.12209302325581395,positive
2021-07-12,206,206,101,67,38,10,0.08354368932038836,0.49029126213592233,0.32524271844660196,0.18446601941747573,positive
2021-07-13,247,247,120,74,53,9,0.07765182186234817,0.48582995951417,0.29959514170040485,0.2145748987854251,positive
2021-07-14,285,285,123,110,52,9,0.035403508771929826,0.43157894736842106,0.38596491228070173,0.1824561403508772,neutral
2021-07-15,319,319,127,121,71,8,0.0021316614420062705,0.3981191222570533,0.3793103448275862,0.2225705329153605,neutral
2021-07-16,164,164,66,70,28,7,0.0006097560975609768,0.4024390243902439,0.4268292682926829,0.17073170731707318,neutral
2021-07-19,244,244,77,123,44,9,-0.08192622950819672,0.3155737704918033,0.5040983606557377,0.18032786885245902,negative
2021-07-20,211,211,97,73,41,9,0.02388625592417062,0.4597156398104265,0.3459715639810427,0.1943127962085308,neutral
2021-07-21,248,248,108,72,68,11,0.0755241935483871,0.43548387096774194,0.2903225806451613,0.27419354838709675,positive
2021-07-22,292,292,136,97,59,9,0.0436986301369863,0.4657534246575342,0.3321917808219178,0.20205479452054795,neutral
2021-07-23,215,215,78,64,73,7,0.007627906976744188,0.3627906976744186,0.29767441860465116,0.3395348837209302,neutral
2021-07-26,191,191,89,65,37,9,0.05549738219895288,0.46596858638743455,0.3403141361256545,0.193717277486911,positive
2021-07-27,220,220,101,67,52,7,0.07513636363636364,0.4590909090909091,0.30454545454545456,0.23636363636363636,positive
2021-07-28,246,246,116,82,48,7,0.07548780487804878,0.4715447154471545,0.3333333333333333,0.1951219512195122,positive
2021-07-29,293,293,133,80,80,8,0.08331058020477816,0.4539249146757679,0.27303754266211605,0.27303754266211605,positive
2021-07-30,297,297,133,103,61,9,0.06111111111111111,0.4478114478114478,0.3468013468013468,0.2053872053872054,positive
2021-08-02,227,227,81,101,45,7,-0.046872246696035236,0.3568281938325991,0.44493392070484583,0.19823788546255505,neutral
2021-08-03,223,223,86,65,72,7,0.05726457399103139,0.38565022421524664,0.2914798206278027,0.32286995515695066,positive
2021-08-04,258,258,110,86,62,7,0.0434108527131783,0.4263565891472868,0.3333333333333333,0.24031007751937986,neutral
2021-08-05,301,301,100,80,121,10,0.03807308970099668,0.33222591362126247,0.26578073089701,0.4019933554817276,neutral
2021-08-06,238,238,88,67,83,7,0.05172268907563025,0.3697478991596639,0.2815126050420168,0.3487394957983193,positive
2021-08-09,246,246,92,120,34,7,-0.03792682926829268,0.37398373983739835,0.4878048780487805,0.13821138211382114,neutral
2021-08-10,193,193,90,50,53,7,0.09580310880829014,0.46632124352331605,0.25906735751295334,0.27461139896373055,positive
2021-08-11,262,262,125,87,50,8,0.0584732824427481,0.4770992366412214,0.3320610687022901,0.19083969465648856,positive
2021-08-12,308,308,117,107,84,8,0.028051948051948054,0.37987012987012986,0.3474025974025974,0.2727272727272727,neutral
2021-08-13,179,179,69,73,37,5,-0.002011173184357543,0.3854748603351955,0.40782122905027934,0.20670391061452514,neutral
2021-08-16,272,272,113,94,65,8,0.03503676470588236,0.41544117647058826,0.34558823529411764,0.23897058823529413,neutral
2021-08-17,222,222,89,89,44,8,0.011846846846846844,0.4009009009009009,0.4009009009009009,0.1981981981981982,neutral
2021-08-18,285,285,80,97,108,9,-0.03147368421052632,0.2807017543859649,0.34035087719298246,0.37894736842105264,neutral
2021-08-19,278,278,118,86,74,6,0.07780575539568345,0.4244604316546763,0.30935251798561153,0.26618705035971224,positive
2021-08-20,213,213,74,100,39,7,-0.06384976525821597,0.3474178403755869,0.4694835680751174,0.18309859154929578,negative
2021-08-23,257,257,121,74,62,8,0.07801556420233463,0.4708171206225681,0.28793774319066145,0.24124513618677043,positive
2021-08-24,206,206,113,48,45,10,0.15490291262135922,0.5485436893203883,0.23300970873786409,0.21844660194174756,positive
2021-08-25,229,229,115,66,48,8,0.09620087336244541,0.5021834061135371,0.28820960698689957,0.2096069868995633,positive
2021-08-26,212,212,52,99,61,7,-0.12495283018867924,0.24528301886792453,0.4669811320754717,0.28773584905660377,negative
2021-08-27,214,214,92,82,40,6,0.013551401869158881,0.42990654205607476,0.38317757009345793,0.18691588785046728,neutral
2021-08-30,246,246,92,104,50,8,-0.04349593495934959,0.37398373983739835,0.42276422764227645,0.2032520325203252,neutral
2021-08-31,250,250,94,110,46,8,-0.00532,0.376,0.44,0.184,neutral
2021-09-01,283,283,104,107,72,8,0.012014134275618376,0.3674911660777385,0.37809187279151946,0.254416961130742,neutral
2021-09-02,286,286,125,68,93,9,0.09863636363636363,0.4370629370629371,0.23776223776223776,0.32517482517482516,positive
2021-09-03,281,281,92,88,101,7,-0.008469750889679719,0.3274021352313167,0.31316725978647686,0.3594306049822064,neutral
2021-09-07,314,314,153,106,55,11,0.0725796178343949,0.4872611464968153,0.3375796178343949,0.1751592356687898,positive
2021-09-08,215,215,116,70,29,6,0.07786046511627906,0.5395348837209303,0.32558139534883723,0.13488372093023257,positive
2021-09-09,294,294,131,98,65,11,0.06557823129251701,0.445578231292517,0.3333333333333333,0.22108843537414966,positive
2021-09-10,240,240,106,90,44,9,0.0465,0.44166666666666665,0.375,0.18333333333333332,neutral
2021-09-13,226,226,115,58,53,10,0.11460176991150445,0.5088495575221239,0.25663716814159293,0.2345132743362832,positive
2021-09-14,285,285,138,60,87,9,0.1190877192982456,0.4842105263157895,0.21052631578947367,0.30526315789473685,positive
2021-09-15,241,241,135,61,45,9,0.1566804979253112,0.5601659751037344,0.25311203319502074,0.18672199170124482,positive
2021-09-16,266,266,120,80,66,10,0.07827067669172932,0.45112781954887216,0.3007518796992481,0.24812030075187969,positive
2021-09-17,164,164,84,48,32,9,0.13621951219512196,0.5121951219512195,0.2926829268292683,0.1951219512195122,positive
2021-09-20,259,259,83,111,65,9,-0.05528957528957529,0.3204633204633205,0.42857142857142855,0.25096525096525096,negative
2021-09-21,235,235,107,56,72,8,0.07693617021276597,0.4553191489361702,0.23829787234042554,0.30638297872340425,positive
2021-09-22,257,257,121,52,84,9,0.10715953307392996,0.4708171206225681,0.20233463035019456,0.32684824902723736,positive
2021-09-23,348,348,122,107,119,8,0.0058620689655172415,0.3505747126436782,0.3074712643678161,0.34195402298850575,neutral
2021-09-24,198,198,94,66,38,9,0.04388888888888889,0.47474747474747475,0.3333333333333333,0.1919191919191919,neutral
2021-09-27,266,266,159,69,38,10,0.14533834586466163,0.5977443609022557,0.2593984962406015,0.14285714285714285,positive
2021-09-28,280,280,117,104,59,9,0.0385,0.41785714285714287,0.37142857142857144,0.21071428571428572,neutral
2021-09-29,241,241,124,61,56,8,0.11448132780082987,0.5145228215767634,0.25311203319502074,0.23236514522821577,positive
2021-09-30,324,324,167,92,65,9,0.1070679012345679,0.5154320987654321,0.2839506172839506,0.2006172839506173,positive
2021-10-01,262,262,128,87,47,9,0.07297709923664122,0.48854961832061067,0.3320610687022901,0.17938931297709923,positive
2021-10-04,257,257,151,55,51,9,0.16649805447470817,0.5875486381322957,0.2140077821011673,0.19844357976653695,positive
2021-10-05,322,322,147,76,99,11,0.10919254658385094,0.45652173913043476,0.2360248447204969,0.30745341614906835,positive
2021-10-06,293,293,149,109,35,9,0.05907849829351535,0.5085324232081911,0.3720136518771331,0.11945392491467577,positive
2021-10-07,254,254,123,71,60,7,0.07350393700787403,0.484251968503937,0.2795275590551181,0.23622047244094488,positive
2021-10-08,242,242,119,54,69,7,0.1259504132231405,0.49173553719008267,0.2231404958677686,0.28512396694214875,positive
2021-10-11,200,200,97,71,32,10,0.06269999999999999,0.485,0.355,0.16,positive
2021-10-12,276,276,122,77,77,9,0.05246376811594203,0.4420289855072464,0.27898550724637683,0.27898550724637683,positive
2021-10-13,308,308,114,93,101,8,0.03724025974025974,0.37012987012987014,0.30194805194805197,0.32792207792207795,neutral
2021-10-14,323,323,156,92,75,9,0.09046439628482973,0.48297213622291024,0.2848297213622291,0.23219814241486067,positive
2021-10-15,289,289,160,84,45,8,0.07435986159169551,0.5536332179930796,0.2906574394463668,0.15570934256055363,positive
2021-10-18,314,314,142,110,62,9,0.033057324840764325,0.45222929936305734,0.3503184713375796,0.19745222929936307,neutral
2021-10-19,252,252,131,57,64,10,0.12523809523809523,0.5198412698412699,0.2261904761904762,0.25396825396825395,positive
2021-10-20,354,354,148,101,105,9,0.046327683615819217,0.4180790960451977,0.2853107344632768,0.2966101694915254,neutral
2021-10-21,255,255,113,88,54,8,0.06709803921568627,0.44313725490196076,0.34509803921568627,0.21176470588235294,positive
2021-10-22,244,244,86,70,88,7,0.03209016393442623,0.3524590163934426,0.28688524590163933,0.36065573770491804,neutral
2021-10-25,277,277,108,62,107,8,0.07025270758122744,0.3898916967509025,0.22382671480144403,0.3862815884476534,positive
2021-10-26,236,236,141,55,40,9,0.17461864406779662,0.597457627118644,0.2330508474576271,0.1694915254237288,positive
2021-10-27,300,300,128,90,82,8,0.0761,0.4266666666666667,0.3,0.2733333333333333,positive
2021-10-28,307,307,113,116,78,7,-0.005667752442996744,0.36807817589576547,0.3778501628664495,0.254071661237785,neutral
2021-10-29,326,326,158,85,83,8,0.13003067484662578,0.48466257668711654,0.2607361963190184,0.254601226993865,positive
2021-11-01,284,284,116,74,94,9,0.05588028169014085,0.4084507042253521,0.2605633802816901,0.33098591549295775,positive
2021-11-02,228,228,88,68,72,10,0.029035087719298247,0.38596491228070173,0.2982456140350877,0.3157894736842105,neutral
2021-11-03,313,313,122,115,76,10,0.008146964856230031,0.38977635782747605,0.36741214057507987,0.24281150159744408,neutral
2021-11-04,397,397,135,118,144,11,0.009848866498740555,0.34005037783375314,0.2972292191435768,0.36272040302267,neutral
2021-11-05,254,254,115,83,56,9,0.07070866141732282,0.452755905511811,0.32677165354330706,0.2204724409448819,positive
2021-11-08,256,256,144,79,33,7,0.09394531249999999,0.5625,0.30859375,0.12890625,positive
2021-11-09,250,250,132,64,54,10,0.13352,0.528,0.256,0.216,positive
2021-11-10,329,329,123,140,66,8,0.008024316109422494,0.3738601823708207,0.425531914893617,0.2006079027355623,neutral
2021-11-11,277,277,105,108,64,7,-0.01711191335740072,0.37906137184115524,0.3898916967509025,0.23104693140794225,neutral
2021-11-12,188,188,84,62,42,8,0.06776595744680851,0.44680851063829785,0.32978723404255317,0.22340425531914893,positive
2021-11-15,373,373,200,108,65,12,0.11233243967828418,0.5361930294906166,0.289544235924933,0.1742627345844504,positive
2021-11-16,299,299,173,69,57,10,0.15739130434782608,0.5785953177257525,0.23076923076923078,0.19063545150501673,positive
2021-11-17,329,329,140,110,79,9,0.06297872340425531,0.425531914893617,0.3343465045592705,0.24012158054711247,positive
2021-11-18,272,272,132,71,69,11,0.10062499999999999,0.4852941176470588,0.2610294117647059,0.2536764705882353,positive
2021-11-19,227,227,93,69,65,10,0.053964757709251104,0.40969162995594716,0.3039647577092511,0.28634361233480177,positive
2021-11-22,318,318,164,83,71,10,0.1031761006289308,0.5157232704402516,0.2610062893081761,0.22327044025157233,positive
2021-11-23,333,333,175,67,91,11,0.14183183183183182,0.5255255255255256,0.2012012012012012,0.2732732732732733,positive
2021-11-24,382,382,151,117,114,9,0.05277486910994764,0.39528795811518325,0.306282722513089,0.29842931937172773,positive
2021-11-26,379,379,143,141,95,10,-0.026912928759894462,0.37730870712401055,0.3720316622691293,0.25065963060686014,neutral
2021-11-29,255,255,137,75,43,9,0.10031372549019607,0.5372549019607843,0.29411764705882354,0.16862745098039217,positive
2021-11-30,341,341,131,129,81,10,0.014721407624633427,0.3841642228739003,0.3782991202346041,0.2375366568914956,neutral
2021-12-01,299,299,132,100,67,11,0.05384615384615385,0.4414715719063545,0.33444816053511706,0.22408026755852842,positive
2021-12-02,239,239,98,79,62,9,0.02631799163179916,0.4100418410041841,0.3305439330543933,0.2594142259414226,neutral
2021-12-03,278,278,122,67,89,7,0.10525179856115108,0.43884892086330934,0.24100719424460432,0.32014388489208634,positive
2021-12-06,297,297,140,77,80,10,0.09525252525252526,0.4713804713804714,0.25925925925925924,0.26936026936026936,positive
2021-12-07,325,325,140,99,86,10,0.06960000000000001,0.4307692307692308,0.3046153846153846,0.26461538461538464,positive
2021-12-08,252,252,102,78,72,11,0.027182539682539683,0.40476190476190477,0.30952380952380953,0.2857142857142857,neutral
2021-12-09,282,282,90,125,67,9,-0.05553191489361702,0.3191489361702128,0.4432624113475177,0.2375886524822695,negative
2021-12-10,272,272,93,110,69,9,-0.004889705882352942,0.34191176470588236,0.40441176470588236,0.2536764705882353,neutral
2021-12-13,293,293,133,79,81,11,0.10249146757679181,0.4539249146757679,0.2696245733788396,0.2764505119453925,positive
2021-12-14,271,271,119,89,63,8,0.06413284132841328,0.43911439114391143,0.3284132841328413,0.23247232472324722,positive
2021-12-15,395,395,155,141,99,8,-0.015721518987341775,0.3924050632911392,0.3569620253164557,0.25063291139240507,neutral
2021-12-16,433,433,166,128,139,8,0.023418013856812935,0.3833718244803695,0.2956120092378753,0.3210161662817552,neutral
2021-12-17,258,258,128,90,40,11,0.05244186046511628,0.49612403100775193,0.3488372093023256,0.15503875968992248,positive
2021-12-20,268,268,97,98,73,11,0.0023507462686567127,0.3619402985074627,0.3656716417910448,0.27238805970149255,neutral
2021-12-21,217,217,126,33,58,9,0.19341013824884792,0.5806451612903226,0.15207373271889402,0.2672811059907834,positive
2021-12-22,235,235,121,55,59,9,0.13463829787234044,0.5148936170212766,0.23404255319148937,0.251063829787234,positive
2021-12-23,215,215,117,52,46,6,0.14334883720930233,0.5441860465116279,0.24186046511627907,0.21395348837209302,positive
2021-12-27,167,167,82,52,33,7,0.08491017964071856,0.49101796407185627,0.31137724550898205,0.19760479041916168,positive
2021-12-28,141,141,70,37,34,8,0.11304964539007092,0.49645390070921985,0.2624113475177305,0.24113475177304963,positive
2021-12-29,138,138,56,56,26,5,-0.030652173913043475,0.4057971014492754,0.4057971014492754,0.18840579710144928,neutral
2021-12-30,121,121,64,43,14,4,0.09305785123966942,0.5289256198347108,0.35537190082644626,0.11570247933884298,positive
2021-12-31,85,85,48,24,13,4,0.16423529411764703,0.5647058823529412,0.2823529411764706,0.15294117647058825,positive
2022-01-03,149,149,67,43,39,8,0.055100671140939604,0.44966442953020136,0.28859060402684567,0.26174496644295303,positive
2022-01-04,205,205,95,58,52,8,0.09502439024390244,0.4634146341463415,0.28292682926829266,0.25365853658536586,positive
2022-01-05,324,324,129,80,115,9,0.06052469135802469,0.39814814814814814,0.24691358024691357,0.3549382716049383,positive
2022-01-06,344,344,125,109,110,8,0.017122093023255812,0.3633720930232558,0.3168604651162791,0.31976744186046513,neutral
2022-01-07,252,252,94,87,71,9,0.008174603174603171,0.373015873015873,0.34523809523809523,0.28174603174603174,neutral
2022-01-10,193,193,69,67,57,10,0.005077720207253886,0.35751295336787564,0.3471502590673575,0.29533678756476683,neutral
2022-01-11,204,204,98,69,37,9,0.05122549019607843,0.4803921568627451,0.3382352941176471,0.18137254901960784,positive
2022-01-12,310,310,170,99,41,9,0.10035483870967742,0.5483870967741935,0.3193548387096774,0.13225806451612904,positive
2022-01-13,190,190,81,67,42,8,0.029526315789473682,0.4263157894736842,0.3526315789473684,0.22105263157894736,neutral
2022-01-14,280,280,105,111,64,6,-0.01514285714285714,0.375,0.3964285714285714,0.22857142857142856,neutral
2022-01-18,420,420,213,99,108,10,0.12197619047619049,0.5071428571428571,0.2357142857142857,0.2571428571428571,positive
2022-01-19,246,246,95,80,71,9,0.03703252032520325,0.3861788617886179,0.3252032520325203,0.2886178861788618,neutral
2022-01-20,392,392,162,107,123,8,0.07295918367346939,0.413265306122449,0.2729591836734694,0.3137755102040816,positive
2022-01-21,196,196,65,91,40,8,-0.08515306122448979,0.33163265306122447,0.4642857142857143,0.20408163265306123,negative
2022-01-24,350,350,106,139,105,10,-0.03597142857142858,0.3028571428571429,0.39714285714285713,0.3,neutral
2022-01-25,240,240,108,64,68,8,0.08995833333333333,0.45,0.26666666666666666,0.2833333333333333,positive
2022-01-26,309,309,125,109,75,8,0.0156957928802589,0.4045307443365696,0.35275080906148865,0.24271844660194175,neutral
2022-01-27,322,322,132,120,70,9,0.020621118012422356,0.40993788819875776,0.37267080745341613,0.21739130434782608,neutral
2022-01-28,270,270,133,87,50,6,0.06440740740740741,0.4925925925925926,0.32222222222222224,0.18518518518518517,positive
2022-01-31,349,349,157,105,87,10,0.06541547277936963,0.4498567335243553,0.3008595988538682,0.2492836676217765,positive
2022-02-01,300,300,132,95,73,10,0.053399999999999996,0.44,0.31666666666666665,0.24333333333333335,positive
2022-02-02,274,274,126,99,49,7,0.03105839416058394,0.45985401459854014,0.3613138686131387,0.17883211678832117,neutral
2022-02-03,336,336,119,115,102,11,-0.006726190476190473,0.3541666666666667,0.34226190476190477,0.30357142857142855,neutral
2022-02-04,300,300,143,77,80,5,0.10546666666666667,0.4766666666666667,0.25666666666666665,0.26666666666666666,positive
2022-02-07,318,318,169,95,54,6,0.11984276729559748,0.5314465408805031,0.29874213836477986,0.16981132075471697,positive
2022-02-08,259,259,104,87,68,7,0.032818532818532815,0.4015444015444015,0.3359073359073359,0.2625482625482625,neutral
2022-02-09,221,221,125,50,46,7,0.1528054298642534,0.5656108597285068,0.22624434389140272,0.2081447963800905,positive
2022-02-10,285,285,93,95,97,7,0.0007017543859649135,0.3263157894736842,0.3333333333333333,0.34035087719298246,neutral
2022-02-11,214,214,83,64,67,8,0.00771028037383178,0.3878504672897196,0.29906542056074764,0.3130841121495327,neutral
2022-02-14,251,251,106,85,60,8,0.013944223107569721,0.42231075697211157,0.3386454183266932,0.23904382470119523,neutral
2022-02-15,287,287,125,98,64,8,0.04313588850174216,0.4355400696864111,0.34146341463414637,0.2229965156794425,neutral
2022-02-16,346,346,190,98,58,10,0.12511560693641618,0.5491329479768786,0.2832369942196532,0.1676300578034682,positive
2022-02-17,325,325,134,101,90,9,0.060276923076923075,0.4123076923076923,0.31076923076923074,0.27692307692307694,positive
2022-02-18,214,214,99,68,47,6,0.07060747663551402,0.46261682242990654,0.3177570093457944,0.21962616822429906,positive
2022-02-22,451,451,197,140,114,9,0.045720620842572064,0.43680709534368073,0.31042128603104213,0.25277161862527714,neutral
2022-02-23,252,252,100,99,53,7,-0.01055555555555555,0.3968253968253968,0.39285714285714285,0.21031746031746032,neutral
2022-02-24,427,427,193,164,70,11,0.016580796252927407,0.4519906323185012,0.3840749414519906,0.16393442622950818,neutral
2022-02-25,285,285,115,117,53,7,-0.03231578947368421,0.40350877192982454,0.4105263157894737,0.18596491228070175,neutral
2022-02-28,436,436,213,153,70,9,0.055573394495412855,0.48853211009174313,0.35091743119266056,0.16055045871559634,positive
2022-03-01,377,377,180,105,92,10,0.10270557029177718,0.47745358090185674,0.27851458885941643,0.2440318302387268,positive
2022-03-02,350,350,171,103,76,10,0.0916857142857143,0.48857142857142855,0.29428571428571426,0.21714285714285714,positive
2022-03-03,316,316,128,98,90,9,0.037658227848101265,0.4050632911392405,0.310126582278481,0.2848101265822785,neutral
2022-03-04,341,341,157,136,48,8,0.017067448680351906,0.4604105571847507,0.39882697947214074,0.14076246334310852,neutral
2022-03-07,322,322,147,134,41,10,0.004751552795031054,0.45652173913043476,0.4161490683229814,0.12732919254658384,neutral
2022-03-08,397,397,179,140,78,10,0.032871536523929476,0.4508816120906801,0.3526448362720403,0.1964735516372796,neutral
2022-03-09,337,337,142,139,56,10,-0.014035608308605337,0.42136498516320475,0.4124629080118694,0.1661721068249258,neutral
2022-03-10,343,343,138,136,69,9,-0.00571428571428571,0.40233236151603496,0.3965014577259475,0.20116618075801748,neutral
2022-03-11,264,264,93,127,44,7,-0.07526515151515152,0.3522727272727273,0.4810606060606061,0.16666666666666666,negative
2022-03-14,263,263,80,141,42,10,-0.1164638783269962,0.3041825095057034,0.5361216730038023,0.1596958174904943,negative
2022-03-15,322,322,126,145,51,10,-0.04683229813664596,0.391304347826087,0.4503105590062112,0.15838509316770186,neutral
2022-03-16,352,352,129,163,60,9,-0.07127840909090909,0.3664772727272727,0.4630681818181818,0.17045454545454544,negative
2022-03-17,373,373,152,162,59,8,-0.04978552278820375,0.4075067024128686,0.4343163538873995,0.1581769436997319,neutral
2022-03-18,222,222,96,78,48,8,0.0030180180180180175,0.43243243243243246,0.35135135135135137,0.21621621621621623,neutral
2022-03-21,281,281,123,107,51,11,0.01715302491103203,0.4377224199288256,0.3807829181494662,0.18149466192170818,neutral
2022-03-22,262,262,107,106,49,8,-0.009618320610687021,0.4083969465648855,0.40458015267175573,0.18702290076335878,neutral
2022-03-23,276,276,152,88,36,9,0.11594202898550725,0.5507246376811594,0.3188405797101449,0.13043478260869565,positive
2022-03-24,349,349,132,105,112,10,0.03616045845272207,0.37822349570200575,0.3008595988538682,0.3209169054441261,neutral
2022-03-25,289,289,142,105,42,8,0.07152249134948098,0.4913494809688581,0.3633217993079585,0.1453287197231834,positive
2022-03-28,303,303,117,124,62,10,-0.015412541254125415,0.38613861386138615,0.40924092409240925,0.20462046204620463,neutral
2022-03-29,313,313,141,103,69,9,0.07038338658146966,0.4504792332268371,0.329073482428115,0.22044728434504793,positive
2022-03-30,288,288,140,98,50,8,0.07427083333333334,0.4861111111111111,0.3402777777777778,0.1736111111111111,positive
2022-03-31,308,308,152,90,66,9,0.09961038961038961,0.4935064935064935,0.2922077922077922,0.21428571428571427,positive
2022-04-01,283,283,123,96,64,7,0.06017667844522968,0.43462897526501765,0.3392226148409894,0.22614840989399293,positive
2022-04-04,301,301,147,80,74,11,0.11365448504983389,0.4883720930232558,0.26578073089701,0.24584717607973422,positive
2022-04-05,339,339,146,78,115,10,0.09858407079646019,0.4306784660766962,0.23008849557522124,0.3392330383480826,positive
2022-04-06,299,299,139,95,65,12,0.07150501672240803,0.46488294314381273,0.3177257525083612,0.21739130434782608,positive
2022-04-07,234,234,103,70,61,9,0.07136752136752136,0.44017094017094016,0.29914529914529914,0.2606837606837607,positive
2022-04-08,212,212,103,74,35,9,0.08334905660377358,0.4858490566037736,0.3490566037735849,0.1650943396226415,positive
2022-04-11,305,305,141,87,77,10,0.0840655737704918,0.46229508196721314,0.28524590163934427,0.25245901639344265,positive
2022-04-12,339,339,126,125,88,8,-0.0012979351032448364,0.37168141592920356,0.3687315634218289,0.25958702064896755,neutral
2022-04-13,330,330,135,148,47,7,-0.05303030303030303,0.4090909090909091,0.4484848484848485,0.14242424242424243,negative
2022-04-14,327,327,135,103,89,8,0.04211009174311927,0.41284403669724773,0.3149847094801223,0.27217125382262997,neutral
2022-04-18,269,269,141,85,43,7,0.08936802973977695,0.5241635687732342,0.3159851301115242,0.15985130111524162,positive
2022-04-19,210,210,72,86,52,11,-0.03552380952380953,0.34285714285714286,0.4095238095238095,0.24761904761904763,neutral
2022-04-20,271,271,109,96,66,8,0.03476014760147602,0.4022140221402214,0.35424354243542433,0.24354243542435425,neutral
2022-04-21,230,230,104,78,48,8,0.052304347826086964,0.45217391304347826,0.3391304347826087,0.20869565217391303,positive
2022-04-22,228,228,74,94,60,6,-0.039912280701754385,0.32456140350877194,0.41228070175438597,0.2631578947368421,neutral
2022-04-25,272,272,109,115,48,10,-0.017205882352941175,0.4007352941176471,0.4227941176470588,0.17647058823529413,neutral
2022-04-26,240,240,122,65,53,9,0.09104166666666667,0.5083333333333333,0.2708333333333333,0.22083333333333333,positive
2022-04-27,297,297,118,86,93,8,0.054646464646464644,0.39730639730639733,0.2895622895622896,0.31313131313131315,positive
2022-04-28,343,343,151,101,91,9,0.07924198250728863,0.4402332361516035,0.2944606413994169,0.2653061224489796,positive
2022-04-29,324,324,152,90,82,9,0.10734567901234568,0.4691358024691358,0.2777777777777778,0.25308641975308643,positive
2022-05-02,244,244,101,79,64,8,0.04282786885245901,0.4139344262295082,0.3237704918032787,0.26229508196721313,neutral
2022-05-03,228,228,83,86,59,7,-0.00868421052631579,0.36403508771929827,0.37719298245614036,0.25877192982456143,neutral
2022-05-04,375,375,161,115,99,7,0.030026666666666667,0.42933333333333334,0.30666666666666664,0.264,neutral
2022-05-05,340,340,146,138,56,8,-0.027176470588235295,0.4294117647058823,0.40588235294117647,0.16470588235294117,neutral
2022-05-06,209,209,87,83,39,7,0.007081339712918658,0.41626794258373206,0.39712918660287083,0.18660287081339713,neutral
2022-05-09,256,256,102,118,36,9,-0.0484375,0.3984375,0.4609375,0.140625,neutral
2022-05-10,208,208,80,82,46,9,-0.00903846153846154,0.38461538461538464,0.3942307692307692,0.22115384615384615,neutral
2022-05-11,309,309,186,80,43,8,0.16446601941747574,0.6019417475728155,0.2588996763754045,0.13915857605177995,positive
2022-05-12,312,312,129,133,50,8,-0.02554487179487179,0.41346153846153844,0.42628205128205127,0.16025641025641027,neutral
2022-05-13,169,169,80,65,24,6,0.03568047337278107,0.47337278106508873,0.38461538461538464,0.14201183431952663,neutral
2022-05-16,326,326,143,114,69,8,0.033006134969325154,0.4386503067484663,0.3496932515337423,0.2116564417177914,neutral
2022-05-17,256,256,154,58,44,10,0.1887890625,0.6015625,0.2265625,0.171875,positive
2022-05-18,292,292,118,116,58,7,0.03023972602739726,0.4041095890410959,0.3972602739726027,0.19863013698630136,neutral
2022-05-19,263,263,109,96,58,10,0.013041825095057033,0.4144486692015209,0.3650190114068441,0.22053231939163498,neutral
2022-05-20,260,260,139,63,58,9,0.14826923076923076,0.5346153846153846,0.2423076923076923,0.2230769230769231,positive
2022-05-23,231,231,129,66,36,9,0.14675324675324675,0.5584415584415584,0.2857142857142857,0.15584415584415584,positive
2022-05-24,278,278,113,88,77,11,0.0370863309352518,0.4064748201438849,0.31654676258992803,0.27697841726618705,neutral
2022-05-25,337,337,130,109,98,9,0.02798219584569733,0.3857566765578635,0.32344213649851633,0.29080118694362017,neutral
2022-05-26,250,250,101,69,80,11,0.048159999999999994,0.404,0.276,0.32,neutral
2022-05-27,197,197,102,49,46,9,0.12152284263959391,0.5177664974619289,0.24873096446700507,0.233502538071066,positive
2022-05-31,499,499,211,156,132,10,0.06312625250501001,0.4228456913827655,0.312625250501002,0.26452905811623245,positive
2022-06-01,223,223,107,60,56,10,0.0958744394618834,0.4798206278026906,0.26905829596412556,0.25112107623318386,positive
2022-06-02,288,288,138,81,69,7,0.07052083333333334,0.4791666666666667,0.28125,0.23958333333333334,positive
2022-06-03,211,211,96,56,59,9,0.11473933649289099,0.4549763033175355,0.26540284360189575,0.2796208530805687,positive
2022-06-06,209,209,100,60,49,9,0.11330143540669857,0.4784688995215311,0.28708133971291866,0.23444976076555024,positive
2022-06-07,317,317,139,90,88,9,0.07794952681388014,0.4384858044164038,0.28391167192429023,0.277602523659306,positive
2022-06-08,350,350,155,112,83,9,0.06414285714285714,0.44285714285714284,0.32,0.23714285714285716,positive
2022-06-09,268,268,100,106,62,9,-0.03264925373134328,0.373134328358209,0.39552238805970147,0.23134328358208955,neutral
2022-06-10,274,274,107,104,63,8,0.019562043795620432,0.3905109489051095,0.3795620437956204,0.22992700729927007,neutral
2022-06-13,307,307,114,138,55,10,-0.04446254071661238,0.3713355048859935,0.4495114006514658,0.1791530944625407,neutral
2022-06-14,241,241,93,92,56,8,-0.03427385892116183,0.38589211618257263,0.3817427385892116,0.23236514522821577,neutral
2022-06-15,382,382,140,168,74,9,-0.05434554973821989,0.36649214659685864,0.4397905759162304,0.193717277486911,negative
2022-06-16,328,328,122,152,54,8,-0.07695121951219512,0.3719512195121951,0.4634146341463415,0.16463414634146342,negative
2022-06-17,208,208,69,94,45,10,-0.0633173076923077,0.3317307692307692,0.4519230769230769,0.21634615384615385,negative
2022-06-21,371,371,145,121,105,8,0.01032345013477089,0.3908355795148248,0.3261455525606469,0.2830188679245283,neutral
2022-06-22,284,284,109,133,42,8,-0.05901408450704226,0.38380281690140844,0.46830985915492956,0.14788732394366197,negative
2022-06-23,310,310,76,135,99,11,-0.12912903225806452,0.24516129032258063,0.43548387096774194,0.3193548387096774,negative
2022-06-24,231,231,118,74,39,8,0.05761904761904761,0.5108225108225108,0.3203463203463203,0.16883116883116883,positive
2022-06-27,229,229,109,84,36,9,0.03820960698689956,0.4759825327510917,0.36681222707423583,0.1572052401746725,neutral
2022-06-28,208,208,102,68,38,9,0.06394230769230769,0.49038461538461536,0.3269230769230769,0.18269230769230768,positive
2022-06-29,292,292,141,102,49,8,0.05126712328767123,0.4828767123287671,0.3493150684931507,0.1678082191780822,positive
2022-06-30,305,305,140,102,63,11,0.07836065573770491,0.45901639344262296,0.3344262295081967,0.20655737704918034,positive
2022-07-01,216,216,72,95,49,8,-0.06152777777777777,0.3333333333333333,0.4398148148148148,0.22685185185185186,negative
2022-07-05,352,352,128,174,50,11,-0.0559375,0.36363636363636365,0.4943181818181818,0.14204545454545456,negative
2022-07-06,283,283,98,88,97,10,0.020600706713780916,0.3462897526501767,0.31095406360424027,0.34275618374558303,neutral
2022-07-07,288,288,121,99,68,8,0.0022222222222222227,0.4201388888888889,0.34375,0.2361111111111111,neutral
2022-07-08,213,213,95,74,44,10,0.029530516431924878,0.4460093896713615,0.3474178403755869,0.20657276995305165,neutral
2022-07-11,209,209,86,81,42,7,0.03339712918660287,0.41148325358851673,0.3875598086124402,0.20095693779904306,neutral
2022-07-12,265,265,75,137,53,10,-0.11633962264150945,0.2830188679245283,0.5169811320754717,0.2,negative
2022-07-13,361,361,139,161,61,10,-0.05044321329639889,0.3850415512465374,0.44598337950138506,0.16897506925207756,negative
2022-07-14,296,296,119,114,63,8,0.02233108108108108,0.40202702702702703,0.38513513513513514,0.21283783783783783,neutral
2022-07-15,240,240,106,90,44,7,0.020000000000000004,0.44166666666666665,0.375,0.18333333333333332,neutral
2022-07-18,221,221,108,77,36,8,0.05153846153846154,0.48868778280542985,0.34841628959276016,0.16289592760180996,positive
2022-07-19,254,254,120,78,56,10,0.06283464566929134,0.47244094488188976,0.30708661417322836,0.2204724409448819,positive
2022-07-20,303,303,104,131,68,9,-0.028184818481848183,0.3432343234323432,0.43234323432343236,0.22442244224422442,neutral
2022-07-21,337,337,118,171,48,10,-0.07130563798219584,0.35014836795252224,0.5074183976261127,0.142433234421365,negative
2022-07-22,288,288,117,93,78,9,0.023020833333333338,0.40625,0.3229166666666667,0.2708333333333333,neutral
2022-07-25,261,261,106,93,62,10,0.0021839080459770126,0.4061302681992337,0.3563218390804598,0.23754789272030652,neutral
2022-07-26,253,253,117,81,55,6,0.04454545454545454,0.4624505928853755,0.3201581027667984,0.21739130434782608,neutral
2022-07-27,311,311,121,121,69,7,-0.04270096463022508,0.3890675241157556,0.3890675241157556,0.22186495176848875,neutral
2022-07-28,297,297,119,110,68,10,0.017811447811447813,0.4006734006734007,0.37037037037037035,0.22895622895622897,neutral
2022-07-29,274,274,123,80,71,7,0.06773722627737226,0.4489051094890511,0.291970802919708,0.2591240875912409,positive
2022-08-01,276,276,87,135,54,9,-0.09731884057971016,0.31521739130434784,0.4891304347826087,0.1956521739130435,negative
2022-08-02,204,204,68,90,46,10,-0.06235294117647059,0.3333333333333333,0.4411764705882353,0.22549019607843138,negative
2022-08-03,294,294,115,96,83,8,0.026156462585034016,0.391156462585034,0.32653061224489793,0.282312925170068,neutral
2022-08-04,333,333,114,114,105,8,-0.023813813813813815,0.34234234234234234,0.34234234234234234,0.3153153153153153,neutral
2022-08-05,270,270,83,118,69,9,-0.0637037037037037,0.3074074074074074,0.43703703703703706,0.25555555555555554,negative
2022-08-08,223,223,105,97,21,6,-0.002735426008968607,0.47085201793721976,0.4349775784753363,0.09417040358744394,neutral
2022-08-09,240,240,103,76,61,11,0.0455,0.42916666666666664,0.31666666666666665,0.25416666666666665,neutral
2022-08-10,297,297,106,132,59,8,-0.06494949494949495,0.3569023569023569,0.4444444444444444,0.19865319865319866,negative
2022-08-11,246,246,110,86,50,8,0.031382113821138216,0.44715447154471544,0.34959349593495936,0.2032520325203252,neutral
2022-08-12,234,234,91,98,45,8,-0.016495726495726497,0.3888888888888889,0.4188034188034188,0.19230769230769232,neutral
2022-08-15,309,309,113,160,36,10,-0.08763754045307443,0.3656957928802589,0.517799352750809,0.11650485436893204,negative
2022-08-16,232,232,87,94,51,8,-0.029267241379310346,0.375,0.4051724137931034,0.21982758620689655,neutral
2022-08-17,302,302,107,102,93,7,0.015000000000000001,0.3543046357615894,0.33774834437086093,0.3079470198675497,neutral
2022-08-18,286,286,129,79,78,9,0.07555944055944055,0.45104895104895104,0.2762237762237762,0.2727272727272727,positive
2022-08-19,179,179,66,83,30,5,-0.0417877094972067,0.3687150837988827,0.46368715083798884,0.16759776536312848,neutral
2022-08-22,235,235,90,99,46,9,-0.004382978723404257,0.3829787234042553,0.42127659574468085,0.19574468085106383,neutral
2022-08-23,253,253,101,79,73,8,0.04687747035573122,0.39920948616600793,0.31225296442687744,0.2885375494071146,neutral
2022-08-24,211,211,103,78,30,8,0.0328436018957346,0.4881516587677725,0.3696682464454976,0.14218009478672985,neutral
2022-08-25,256,256,107,88,61,8,0.034296875,0.41796875,0.34375,0.23828125,neutral
2022-08-26,231,231,92,62,77,9,0.057229437229437234,0.39826839826839827,0.2683982683982684,0.3333333333333333,positive
2022-08-29,224,224,102,85,37,10,0.031249999999999997,0.45535714285714285,0.3794642857142857,0.16517857142857142,neutral
2022-08-30,214,214,88,75,51,8,0.03434579439252336,0.411214953271028,0.35046728971962615,0.2383177570093458,neutral
2022-08-31,273,273,127,99,47,7,0.04336996336996338,0.4652014652014652,0.3626373626373626,0.17216117216117216,neutral
2022-09-01,320,320,130,108,82,10,0.029343750000000002,0.40625,0.3375,0.25625,neutral
2022-09-02,228,228,110,82,36,11,0.0543859649122807,0.4824561403508772,0.35964912280701755,0.15789473684210525,positive
2022-09-06,400,400,154,153,93,11,0.014699999999999998,0.385,0.3825,0.2325,neutral
2022-09-07,399,399,170,126,103,9,0.053784461152882206,0.42606516290726815,0.3157894736842105,0.2581453634085213,positive
2022-09-08,357,357,139,166,52,9,-0.030000000000000002,0.38935574229691877,0.4649859943977591,0.14565826330532214,neutral
2022-09-09,192,192,79,79,34,7,-0.015468750000000003,0.4114583333333333,0.4114583333333333,0.17708333333333334,neutral
2022-09-12,316,316,152,96,68,9,0.06275316455696203,0.4810126582278481,0.3037974683544304,0.21518987341772153,positive
2022-09-13,308,308,120,108,80,9,0.01418831168831169,0.38961038961038963,0.35064935064935066,0.2597402597402597,neutral
2022-09-14,348,348,133,126,89,10,1.2761184191093753e-18,0.382183908045977,0.3620689655172414,0.2557471264367816,neutral
2022-09-15,323,323,137,114,72,7,0.025634674922600624,0.4241486068111455,0.35294117647058826,0.22291021671826625,neutral
2022-09-16,214,214,91,94,29,8,-0.030841121495327105,0.4252336448598131,0.4392523364485981,0.13551401869158877,neutral
2022-09-19,244,244,111,77,56,9,0.04168032786885245,0.45491803278688525,0.3155737704918033,0.22950819672131148,neutral
2022-09-20,318,318,161,81,76,11,0.12408805031446542,0.5062893081761006,0.25471698113207547,0.2389937106918239,positive
2022-09-21,360,360,121,148,91,10,-0.064,0.33611111111111114,0.4111111111111111,0.25277777777777777,negative
2022-09-22,407,407,158,186,63,11,-0.062162162162162166,0.3882063882063882,0.457002457002457,0.1547911547911548,negative
2022-09-23,254,254,60,134,60,8,-0.15192913385826773,0.23622047244094488,0.5275590551181102,0.23622047244094488,negative
2022-09-26,299,299,99,160,40,9,-0.10662207357859532,0.3311036789297659,0.5351170568561873,0.13377926421404682,negative
2022-09-27,269,269,127,88,54,10,0.07397769516728624,0.4721189591078067,0.3271375464684015,0.20074349442379183,positive
2022-09-28,299,299,131,108,60,9,0.026120401337792643,0.43812709030100333,0.3612040133779264,0.20066889632107024,neutral
2022-09-29,298,298,100,138,60,9,-0.05161073825503356,0.33557046979865773,0.46308724832214765,0.20134228187919462,negative
2022-09-30,270,270,103,99,68,10,-0.006814814814814816,0.3814814814814815,0.36666666666666664,0.2518518518518518,neutral
2022-10-03,269,269,113,97,59,9,-0.01762081784386617,0.4200743494423792,0.36059479553903345,0.21933085501858737,neutral
2022-10-04,251,251,135,68,48,10,0.12027888446215139,0.5378486055776892,0.27091633466135456,0.19123505976095617,positive
2022-10-05,341,341,123,93,125,8,0.026070381231671557,0.36070381231671556,0.2727272727272727,0.36656891495601174,neutral
2022-10-06,285,285,135,92,58,11,0.04431578947368421,0.47368421052631576,0.32280701754385965,0.20350877192982456,neutral
2022-10-07,257,257,126,68,63,9,0.10591439688715953,0.490272373540856,0.26459143968871596,0.245136186770428,positive
2022-10-10,205,205,58,114,33,7,-0.12253658536585367,0.28292682926829266,0.5560975609756098,0.16097560975609757,negative
2022-10-11,234,234,110,82,42,11,0.05884615384615385,0.4700854700854701,0.3504273504273504,0.1794871794871795,positive
2022-10-12,332,332,108,97,127,10,0.01575301204819277,0.3253012048192771,0.2921686746987952,0.3825301204819277,neutral
2022-10-13,309,309,121,90,98,10,0.04766990291262136,0.39158576051779936,0.2912621359223301,0.31715210355987056,neutral
2022-10-14,244,244,100,97,47,9,-0.0006967213114754127,0.4098360655737705,0.3975409836065574,0.19262295081967212,neutral
2022-10-17,267,267,123,96,48,9,0.05539325842696628,0.4606741573033708,0.3595505617977528,0.1797752808988764,positive
2022-10-18,217,217,90,71,56,10,0.03585253456221198,0.4147465437788018,0.3271889400921659,0.25806451612903225,neutral
2022-10-19,296,296,141,95,60,10,0.07594594594594595,0.47635135135135137,0.32094594594594594,0.20270270270270271,positive
2022-10-20,327,327,125,132,70,8,-0.030275229357798167,0.382262996941896,0.4036697247706422,0.21406727828746178,neutral
2022-10-21,205,205,84,90,31,9,-0.02814634146341463,0.4097560975609756,0.43902439024390244,0.15121951219512195,neutral
2022-10-24,358,358,158,115,85,8,0.06787709497206704,0.441340782122905,0.32122905027932963,0.23743016759776536,positive
2022-10-25,258,258,138,74,46,11,0.1236046511627907,0.5348837209302325,0.2868217054263566,0.17829457364341086,positive
2022-10-26,304,304,147,112,45,10,0.044276315789473684,0.48355263157894735,0.3684210526315789,0.14802631578947367,neutral
2022-10-27,346,346,155,123,68,10,0.027312138728323696,0.4479768786127168,0.3554913294797688,0.19653179190751446,neutral
2022-10-28,272,272,105,108,59,8,0.001985294117647058,0.3860294117647059,0.39705882352941174,0.21691176470588236,neutral
2022-10-31,321,321,102,163,56,7,-0.08623052959501558,0.3177570093457944,0.5077881619937694,0.17445482866043613,negative
2022-11-01,246,246,122,79,45,7,0.07394308943089431,0.4959349593495935,0.32113821138211385,0.18292682926829268,positive
2022-11-02,313,313,136,103,74,7,0.04166134185303514,0.43450479233226835,0.329073482428115,0.2364217252396166,neutral
2022-11-03,366,366,110,163,93,10,-0.06765027322404372,0.3005464480874317,0.4453551912568306,0.2540983606557377,negative
2022-11-04,291,291,143,71,77,7,0.11979381443298968,0.49140893470790376,0.24398625429553264,0.2646048109965636,positive
2022-11-07,223,223,99,86,38,10,0.060313901345291486,0.4439461883408072,0.38565022421524664,0.17040358744394618,positive
2022-11-08,228,228,110,81,37,6,0.06425438596491229,0.4824561403508772,0.35526315789473684,0.16228070175438597,positive
2022-11-09,265,265,114,99,52,9,0.021471698113207552,0.43018867924528303,0.37358490566037733,0.19622641509433963,neutral
2022-11-10,293,293,122,105,66,9,0.01610921501706485,0.41638225255972694,0.3583617747440273,0.22525597269624573,neutral
2022-11-11,248,248,76,116,56,6,-0.11326612903225806,0.3064516129032258,0.46774193548387094,0.22580645161290322,negative
2022-11-14,247,247,124,78,45,9,0.07550607287449392,0.5020242914979757,0.3157894736842105,0.18218623481781376,positive
2022-11-15,315,315,119,114,82,10,-0.01438095238095238,0.37777777777777777,0.3619047619047619,0.26031746031746034,neutral
2022-11-16,350,350,112,144,94,10,-0.04277142857142857,0.32,0.4114285714285714,0.26857142857142857,neutral
2022-11-17,295,295,114,124,57,11,-0.013830508474576274,0.3864406779661017,0.42033898305084744,0.19322033898305085,neutral
2022-11-18,228,228,85,93,50,10,-0.024385964912280705,0.37280701754385964,0.40789473684210525,0.21929824561403508,neutral
2022-11-21,313,313,148,117,48,12,0.06338658146964857,0.4728434504792332,0.3738019169329074,0.15335463258785942,positive
2022-11-22,257,257,117,87,53,11,0.060544747081712064,0.45525291828793774,0.33852140077821014,0.20622568093385213,positive
2022-11-23,383,383,104,137,142,10,-0.04571801566579635,0.27154046997389036,0.3577023498694517,0.370757180156658,neutral
2022-11-25,337,337,136,116,85,11,0.025281899109792283,0.4035608308605341,0.34421364985163205,0.2522255192878338,neutral
2022-11-28,204,204,88,88,28,10,-0.020490196078431375,0.43137254901960786,0.43137254901960786,0.13725490196078433,neutral
2022-11-29,278,278,150,64,64,10,0.12985611510791367,0.539568345323741,0.2302158273381295,0.2302158273381295,positive
2022-11-30,345,345,161,126,58,8,0.027159420289855074,0.4666666666666667,0.3652173913043478,0.1681159420289855,neutral
2022-12-01,327,327,147,87,93,6,0.07510703363914374,0.44954128440366975,0.26605504587155965,0.28440366972477066,positive
2022-12-02,256,256,130,67,59,10,0.09804687499999999,0.5078125,0.26171875,0.23046875,positive
2022-12-05,291,291,126,103,62,11,0.025807560137457042,0.4329896907216495,0.3539518900343643,0.21305841924398625,neutral
2022-12-06,269,269,90,84,95,8,0.00799256505576208,0.3345724907063197,0.31226765799256506,0.35315985130111527,neutral
2022-12-07,362,362,133,125,104,8,-0.006491712707182321,0.3674033149171271,0.3453038674033149,0.287292817679558,neutral
2022-12-08,251,251,109,80,62,11,0.035737051792828683,0.4342629482071713,0.3187250996015936,0.24701195219123506,neutral
2022-12-09,218,218,99,61,58,10,0.07834862385321101,0.4541284403669725,0.2798165137614679,0.26605504587155965,positive
2022-12-12,442,442,262,113,67,11,0.2190950226244344,0.5927601809954751,0.25565610859728505,0.1515837104072398,positive
2022-12-13,369,369,155,128,86,10,0.008346883468834687,0.42005420054200543,0.34688346883468835,0.23306233062330622,neutral
2022-12-14,335,335,136,134,65,9,-0.0064179104477611925,0.4059701492537313,0.4,0.19402985074626866,neutral
2022-12-15,400,400,145,176,79,9,-0.030650000000000004,0.3625,0.44,0.1975,neutral
2022-12-16,259,259,111,70,78,9,0.06814671814671815,0.42857142857142855,0.2702702702702703,0.30115830115830117,positive
2022-12-19,247,247,109,65,73,12,0.06939271255060728,0.44129554655870445,0.2631578947368421,0.29554655870445345,positive
2022-12-20,229,229,91,70,68,9,0.03087336244541485,0.39737991266375544,0.3056768558951965,0.29694323144104806,neutral
2022-12-21,316,316,151,104,61,10,0.052594936708860764,0.4778481012658228,0.3291139240506329,0.1930379746835443,positive
2022-12-22,231,231,84,85,62,9,-0.011601731601731604,0.36363636363636365,0.36796536796536794,0.2683982683982684,neutral
2022-12-23,197,197,92,62,43,7,0.08766497461928933,0.467005076142132,0.3147208121827411,0.2182741116751269,positive
2022-12-27,172,172,82,65,25,8,0.05872093023255815,0.47674418604651164,0.37790697674418605,0.14534883720930233,positive
2022-12-28,162,162,66,57,39,6,0.018703703703703698,0.4074074074074074,0.35185185185185186,0.24074074074074073,neutral
2022-12-29,158,158,61,74,23,7,-0.04430379746835443,0.3860759493670886,0.46835443037974683,0.14556962025316456,neutral
2022-12-30,90,90,49,28,13,4,0.16733333333333333,0.5444444444444444,0.3111111111111111,0.14444444444444443,positive
2023-01-03,277,277,102,106,69,8,-0.036245487364620944,0.36823104693140796,0.38267148014440433,0.2490974729241877,neutral
2023-01-04,226,226,92,69,65,9,0.06991150442477875,0.40707964601769914,0.3053097345132743,0.28761061946902655,positive
2023-01-05,332,332,132,89,111,10,0.06786144578313254,0.39759036144578314,0.2680722891566265,0.33433734939759036,positive
2023-01-06,296,296,118,91,87,9,0.04202702702702703,0.39864864864864863,0.30743243243243246,0.2939189189189189,neutral
2023-01-09,268,268,144,73,51,9,0.12186567164179103,0.5373134328358209,0.27238805970149255,0.19029850746268656,positive
2023-01-10,238,238,110,65,63,9,0.08546218487394958,0.46218487394957986,0.27310924369747897,0.2647058823529412,positive
2023-01-11,271,271,134,78,59,9,0.09228782287822877,0.4944649446494465,0.2878228782287823,0.2177121771217712,positive
2023-01-12,309,309,146,84,79,10,0.07731391585760518,0.47249190938511326,0.27184466019417475,0.255663430420712,positive
2023-01-13,217,217,111,60,46,6,0.12336405529953917,0.511520737327189,0.2764976958525346,0.2119815668202765,positive
2023-01-17,472,472,211,167,94,9,0.022500000000000003,0.4470338983050847,0.3538135593220339,0.19915254237288135,neutral
2023-01-18,341,341,144,137,60,11,-0.003431085043988267,0.4222873900293255,0.40175953079178883,0.17595307917888564,neutral
2023-01-19,307,307,116,114,77,9,-0.0017915309446254065,0.3778501628664495,0.3713355048859935,0.250814332247557,neutral
2023-01-20,223,223,85,89,49,9,8.968609865471109e-05,0.3811659192825112,0.3991031390134529,0.21973094170403587,neutral
2023-01-23,210,210,91,68,51,8,0.05042857142857143,0.43333333333333335,0.3238095238095238,0.24285714285714285,positive
2023-01-24,241,241,63,90,88,8,-0.05186721991701245,0.26141078838174275,0.37344398340248963,0.3651452282157676,negative
2023-01-25,235,235,97,93,45,7,-0.004851063829787234,0.4127659574468085,0.39574468085106385,0.19148936170212766,neutral
2023-01-26,303,303,147,92,64,10,0.07508250825082509,0.48514851485148514,0.30363036303630364,0.21122112211221122,positive
2023-01-27,208,208,92,74,42,7,0.038125000000000006,0.4423076923076923,0.3557692307692308,0.20192307692307693,neutral
2023-01-30,282,282,111,119,52,11,-0.014893617021276593,0.39361702127659576,0.4219858156028369,0.18439716312056736,neutral
2023-01-31,293,293,129,104,60,9,0.03409556313993174,0.4402730375426621,0.35494880546075086,0.20477815699658702,neutral
2023-02-01,372,372,135,130,107,10,-0.0005107526881720431,0.3629032258064516,0.34946236559139787,0.28763440860215056,neutral
2023-02-02,334,334,119,142,73,6,-0.03949101796407186,0.3562874251497006,0.4251497005988024,0.218562874251497,neutral
2023-02-03,302,302,116,97,89,9,0.0397682119205298,0.3841059602649007,0.3211920529801324,0.2947019867549669,neutral
2023-02-06,319,319,147,123,49,9,0.00012539184952978347,0.4608150470219436,0.38557993730407525,0.1536050156739812,neutral
2023-02-07,310,310,116,113,81,8,-0.008741935483870967,0.3741935483870968,0.36451612903225805,0.26129032258064516,neutral
2023-02-08,252,252,106,95,51,7,-0.0010317460317460297,0.42063492063492064,0.376984126984127,0.20238095238095238,neutral
2023-02-09,237,237,82,93,62,8,-0.018902953586497892,0.3459915611814346,0.3924050632911392,0.2616033755274262,neutral
2023-02-10,276,276,129,83,64,12,0.06807971014492753,0.4673913043478261,0.3007246376811594,0.2318840579710145,positive
2023-02-13,278,278,115,102,61,8,0.0061870503597122265,0.4136690647482014,0.3669064748201439,0.21942446043165467,neutral
2023-02-14,330,330,103,130,97,8,-0.03675757575757576,0.31212121212121213,0.3939393939393939,0.29393939393939394,neutral
2023-02-15,342,342,130,104,108,12,0.043011695906432744,0.38011695906432746,0.30409356725146197,0.3157894736842105,neutral
2023-02-16,249,249,119,76,54,9,0.08088353413654618,0.4779116465863454,0.30522088353413657,0.21686746987951808,positive
2023-02-17,235,235,102,99,34,7,-0.02285106382978723,0.4340425531914894,0.42127659574468085,0.14468085106382977,neutral
2023-02-21,516,516,217,150,149,9,0.05397286821705426,0.42054263565891475,0.29069767441860467,0.28875968992248063,positive
2023-02-22,336,336,125,115,96,9,0.04083333333333333,0.37202380952380953,0.34226190476190477,0.2857142857142857,neutral
2023-02-23,283,283,127,84,72,10,0.07204946996466431,0.44876325088339225,0.2968197879858657,0.254416961130742,positive
2023-02-24,268,268,114,106,48,10,0.006940298507462685,0.4253731343283582,0.39552238805970147,0.1791044776119403,neutral
2023-02-27,253,253,106,97,50,8,0.018893280632411073,0.4189723320158103,0.383399209486166,0.1976284584980237,neutral
2023-02-28,288,288,140,81,67,11,0.09743055555555555,0.4861111111111111,0.28125,0.2326388888888889,positive
2023-03-01,390,390,168,127,95,8,0.05069230769230769,0.4307692307692308,0.32564102564102565,0.24358974358974358,positive
2023-03-02,251,251,116,76,59,10,0.0699203187250996,0.46215139442231074,0.30278884462151395,0.2350597609561753,positive
2023-03-03,234,234,98,76,60,11,0.03662393162393163,0.4188034188034188,0.3247863247863248,0.2564102564102564,neutral
2023-03-06,264,264,117,86,61,9,0.06943181818181818,0.4431818181818182,0.32575757575757575,0.23106060606060605,positive
2023-03-07,265,265,102,116,47,8,-0.017132075471698115,0.3849056603773585,0.4377358490566038,0.17735849056603772,neutral
2023-03-08,335,335,130,109,96,8,0.02373134328358209,0.3880597014925373,0.3253731343283582,0.2865671641791045,neutral
2023-03-09,272,272,101,103,68,7,-0.029889705882352936,0.3713235294117647,0.3786764705882353,0.25,neutral
2023-03-10,316,316,104,112,100,10,-0.0060126582278481056,0.3291139240506329,0.35443037974683544,0.31645569620253167,neutral
2023-03-13,261,261,108,112,41,11,-0.029272030651341,0.41379310344827586,0.42911877394636017,0.15708812260536398,neutral
2023-03-14,301,301,132,93,76,13,0.05096345514950166,0.43853820598006643,0.3089700996677741,0.25249169435215946,positive
2023-03-15,375,375,133,143,99,10,-0.014559999999999998,0.3546666666666667,0.38133333333333336,0.264,neutral
2023-03-16,319,319,116,139,64,9,-0.04564263322884013,0.36363636363636365,0.43573667711598746,0.2006269592476489,neutral
2023-03-17,207,207,95,71,41,7,0.05531400966183574,0.45893719806763283,0.34299516908212563,0.19806763285024154,positive
2023-03-20,282,282,140,91,51,9,0.08563829787234042,0.49645390070921985,0.32269503546099293,0.18085106382978725,positive
2023-03-21,237,237,113,67,57,7,0.08860759493670886,0.4767932489451477,0.28270042194092826,0.24050632911392406,positive
2023-03-22,344,344,121,142,81,10,-0.045668604651162785,0.35174418604651164,0.4127906976744186,0.23546511627906977,neutral
2023-03-23,372,372,135,160,77,9,-0.04465053763440861,0.3629032258064516,0.43010752688172044,0.20698924731182797,neutral
2023-03-24,262,262,131,64,67,7,0.11156488549618321,0.5,0.24427480916030533,0.25572519083969464,positive
2023-03-27,266,266,140,82,44,10,0.09966165413533834,0.5263157894736842,0.3082706766917293,0.16541353383458646,positive
2023-03-28,248,248,119,78,51,10,0.0810483870967742,0.4798387096774194,0.31451612903225806,0.2056451612903226,positive
2023-03-29,292,292,138,102,52,9,0.046095890410958906,0.4726027397260274,0.3493150684931507,0.1780821917808219,neutral
2023-03-30,270,270,110,109,51,8,-0.005666666666666668,0.4074074074074074,0.40370370370370373,0.18888888888888888,neutral
2023-03-31,290,290,145,90,55,8,0.072,0.5,0.3103448275862069,0.1896551724137931,positive
2023-04-03,343,343,158,134,51,10,0.02530612244897959,0.4606413994169096,0.39067055393586003,0.14868804664723032,neutral
2023-04-04,290,290,128,92,70,9,0.0506551724137931,0.4413793103448276,0.31724137931034485,0.2413793103448276,positive
2023-04-05,355,355,159,107,89,10,0.06380281690140845,0.447887323943662,0.30140845070422534,0.2507042253521127,positive
2023-04-06,248,248,110,80,58,7,0.050806451612903224,0.4435483870967742,0.3225806451612903,0.23387096774193547,positive
2023-04-10,303,303,142,110,51,9,0.058745874587458745,0.46864686468646866,0.36303630363036304,0.16831683168316833,positive
2023-04-11,256,256,125,60,71,10,0.1229296875,0.48828125,0.234375,0.27734375,positive
2023-04-12,300,300,126,73,101,7,0.07120000000000001,0.42,0.24333333333333335,0.33666666666666667,positive
2023-04-13,317,317,116,113,88,9,-0.0062460567823343855,0.3659305993690852,0.35646687697160884,0.277602523659306,neutral
2023-04-14,227,227,107,74,46,7,0.05511013215859031,0.4713656387665198,0.32599118942731276,0.2026431718061674,positive
2023-04-17,275,275,118,84,73,12,0.06450909090909092,0.4290909090909091,0.3054545454545455,0.26545454545454544,positive
2023-04-18,312,312,152,74,86,12,0.11624999999999999,0.48717948717948717,0.23717948717948717,0.27564102564102566,positive
2023-04-19,317,317,120,116,81,11,-0.003659305993690852,0.3785488958990536,0.3659305993690852,0.2555205047318612,neutral
2023-04-20,246,246,107,83,56,11,0.05097560975609756,0.4349593495934959,0.33739837398373984,0.22764227642276422,positive
2023-04-21,222,222,85,65,72,7,0.06981981981981981,0.38288288288288286,0.2927927927927928,0.32432432432432434,positive
2023-04-24,234,234,125,65,44,9,0.122008547008547,0.5341880341880342,0.2777777777777778,0.18803418803418803,positive
2023-04-25,243,243,127,71,45,9,0.11185185185185186,0.522633744855967,0.29218106995884774,0.18518518518518517,positive
2023-04-26,319,319,131,91,97,11,0.061598746081504695,0.4106583072100313,0.2852664576802508,0.30407523510971785,positive
2023-04-27,287,287,131,78,78,11,0.09682926829268293,0.4564459930313589,0.27177700348432055,0.27177700348432055,positive
2023-04-28,301,301,136,109,56,10,0.04475083056478405,0.45182724252491696,0.36212624584717606,0.18604651162790697,neutral
2023-05-01,228,228,88,80,60,7,0.018289473684210526,0.38596491228070173,0.3508771929824561,0.2631578947368421,neutral
2023-05-02,270,270,89,122,59,8,-0.07377777777777779,0.3296296296296296,0.45185185185185184,0.21851851851851853,negative
2023-05-03,297,297,95,140,62,8,-0.10531986531986533,0.31986531986531985,0.4713804713804714,0.20875420875420875,negative
2023-05-04,386,386,129,149,108,11,-0.02950777202072539,0.33419689119170987,0.3860103626943005,0.27979274611398963,neutral
2023-05-05,227,227,92,88,47,7,0.018502202643171803,0.4052863436123348,0.3876651982378855,0.20704845814977973,neutral
2023-05-08,231,231,113,83,35,9,0.03870129870129871,0.48917748917748916,0.3593073593073593,0.15151515151515152,neutral
2023-05-09,264,264,155,58,51,10,0.15507575757575756,0.5871212121212122,0.2196969696969697,0.19318181818181818,positive
2023-05-10,333,333,145,112,76,9,0.03981981981981982,0.43543543543543545,0.33633633633633636,0.22822822822822822,neutral
2023-05-11,311,311,104,133,74,11,-0.045530546623794216,0.33440514469453375,0.42765273311897106,0.2379421221864952,neutral
2023-05-12,220,220,100,78,42,8,0.046954545454545464,0.45454545454545453,0.35454545454545455,0.19090909090909092,neutral
2023-05-15,297,297,155,59,83,11,0.15175084175084175,0.5218855218855218,0.19865319865319866,0.27946127946127947,positive
2023-05-16,316,316,154,105,57,9,0.09253164556962025,0.4873417721518987,0.3322784810126582,0.18037974683544303,positive
2023-05-17,230,230,106,63,61,9,0.09460869565217392,0.4608695652173913,0.27391304347826084,0.26521739130434785,positive
2023-05-18,261,261,106,78,77,7,0.05547892720306514,0.4061302681992337,0.2988505747126437,0.2950191570881226,positive
2023-05-19,154,154,48,61,45,9,-0.055389610389610384,0.3116883116883117,0.3961038961038961,0.2922077922077922,negative
2023-05-22,220,220,100,71,49,11,0.05577272727272728,0.45454545454545453,0.32272727272727275,0.22272727272727272,positive
2023-05-23,248,248,110,70,68,8,0.08790322580645162,0.4435483870967742,0.28225806451612906,0.27419354838709675,positive
2023-05-24,298,298,132,78,88,8,0.06580536912751678,0.4429530201342282,0.26174496644295303,0.2953020134228188,positive
2023-05-25,279,279,107,94,78,9,0.020788530465949823,0.3835125448028674,0.33691756272401435,0.27956989247311825,neutral
2023-05-26,231,231,114,65,52,9,0.07155844155844156,0.4935064935064935,0.2813852813852814,0.22510822510822512,positive
2023-05-30,370,370,155,142,73,13,0.018945945945945942,0.4189189189189189,0.3837837837837838,0.1972972972972973,neutral
2023-05-31,325,325,158,110,57,9,0.07969230769230769,0.48615384615384616,0.3384615384615385,0.1753846153846154,positive
2023-06-01,312,312,149,88,75,10,0.10099358974358974,0.4775641025641026,0.28205128205128205,0.2403846153846154,positive
2023-06-02,202,202,100,58,44,7,0.0896039603960396,0.49504950495049505,0.2871287128712871,0.21782178217821782,positive
2023-06-05,329,329,153,112,64,10,0.06823708206686929,0.46504559270516715,0.3404255319148936,0.1945288753799392,positive
2023-06-06,273,273,102,101,70,9,0.00025641025641025625,0.37362637362637363,0.36996336996337,0.2564102564102564,neutral
2023-06-07,361,361,156,107,98,10,0.03742382271468144,0.43213296398891965,0.296398891966759,0.27146814404432135,neutral
2023-06-08,282,282,95,115,72,8,-0.04528368794326241,0.33687943262411346,0.4078014184397163,0.2553191489361702,neutral
2023-06-09,223,223,91,76,56,8,0.018923766816143498,0.4080717488789238,0.34080717488789236,0.25112107623318386,neutral
2023-06-12,227,227,77,97,53,9,-0.0426431718061674,0.3392070484581498,0.42731277533039647,0.23348017621145375,neutral
2023-06-13,273,273,120,76,77,9,0.06794871794871796,0.43956043956043955,0.2783882783882784,0.28205128205128205,positive
2023-06-14,339,339,125,129,85,8,-0.006165191740412979,0.3687315634218289,0.3805309734513274,0.25073746312684364,neutral
2023-06-15,320,320,119,116,85,10,-0.013374999999999998,0.371875,0.3625,0.265625,neutral
2023-06-16,227,227,95,87,45,9,-0.0017621145374449281,0.4185022026431718,0.3832599118942731,0.19823788546255505,neutral
2023-06-20,421,421,214,139,68,13,0.08021377672209026,0.5083135391923991,0.33016627078384797,0.16152019002375298,positive
2023-06-21,308,308,143,89,76,10,0.06321428571428571,0.4642857142857143,0.288961038961039,0.24675324675324675,positive
2023-06-22,414,414,145,178,91,8,-0.06060386473429952,0.3502415458937198,0.42995169082125606,0.21980676328502416,negative
2023-06-23,242,242,101,87,54,7,0.0008677685950413238,0.41735537190082644,0.359504132231405,0.2231404958677686,neutral
2023-06-26,241,241,120,71,50,9,0.06639004149377593,0.4979253112033195,0.2946058091286307,0.2074688796680498,positive
2023-06-27,256,256,134,57,65,11,0.1457421875,0.5234375,0.22265625,0.25390625,positive
2023-06-28,245,245,133,74,38,9,0.10518367346938776,0.5428571428571428,0.3020408163265306,0.15510204081632653,positive
2023-06-29,268,268,131,63,74,10,0.11828358208955224,0.48880597014925375,0.23507462686567165,0.27611940298507465,positive
2023-06-30,236,236,116,79,41,9,0.06584745762711865,0.4915254237288136,0.3347457627118644,0.17372881355932204,positive
2023-07-03,241,241,87,101,53,10,-0.024066390041493774,0.36099585062240663,0.4190871369294606,0.21991701244813278,neutral
2023-07-05,345,345,138,84,123,10,0.06924637681159419,0.4,0.24347826086956523,0.3565217391304348,positive
2023-07-06,267,267,110,72,85,6,0.05662921348314607,0.41198501872659177,0.2696629213483146,0.31835205992509363,positive
2023-07-07,237,237,100,75,62,7,0.03645569620253164,0.4219409282700422,0.31645569620253167,0.2616033755274262,neutral
2023-07-10,228,228,97,74,57,11,0.060657894736842105,0.42543859649122806,0.32456140350877194,0.25,positive
2023-07-11,257,257,139,64,54,9,0.11879377431906614,0.5408560311284046,0.2490272373540856,0.21011673151750973,positive
2023-07-12,313,313,128,94,91,9,0.036741214057507986,0.40894568690095845,0.3003194888178914,0.29073482428115016,neutral
2023-07-13,267,267,121,87,59,9,0.03292134831460674,0.45318352059925093,0.3258426966292135,0.2209737827715356,neutral
2023-07-14,196,196,89,57,50,8,0.05897959183673469,0.45408163265306123,0.29081632653061223,0.25510204081632654,positive
2023-07-17,298,298,116,128,54,10,-0.013053691275167787,0.38926174496644295,0.42953020134228187,0.18120805369127516,neutral
2023-07-18,212,212,121,55,36,7,0.14537735849056604,0.5707547169811321,0.25943396226415094,0.16981132075471697,positive
2023-07-19,279,279,125,88,66,7,0.05698924731182796,0.44802867383512546,0.3154121863799283,0.23655913978494625,positive
2023-07-20,286,286,114,84,88,10,0.04664335664335664,0.3986013986013986,0.2937062937062937,0.3076923076923077,neutral
2023-07-21,194,194,94,65,35,7,0.07469072164948454,0.4845360824742268,0.33505154639175255,0.18041237113402062,positive
2023-07-24,274,274,98,90,86,9,-0.021313868613138685,0.35766423357664234,0.3284671532846715,0.31386861313868614,neutral
2023-07-25,228,228,112,70,46,9,0.07078947368421053,0.49122807017543857,0.30701754385964913,0.20175438596491227,positive
2023-07-26,277,277,106,114,57,10,-0.04779783393501805,0.38267148014440433,0.41155234657039713,0.20577617328519857,neutral
2023-07-27,321,321,145,98,78,8,0.04629283489096573,0.4517133956386293,0.3052959501557632,0.24299065420560748,neutral
2023-07-28,232,232,86,87,59,10,-0.001551724137931033,0.3706896551724138,0.375,0.2543103448275862,neutral
2023-07-31,218,218,79,92,47,11,-0.025275229357798166,0.3623853211009174,0.42201834862385323,0.21559633027522937,neutral
2023-08-01,254,254,91,101,62,7,-0.0165748031496063,0.35826771653543305,0.39763779527559057,0.2440944881889764,neutral
2023-08-02,274,274,103,127,44,7,-0.04605839416058394,0.3759124087591241,0.4635036496350365,0.16058394160583941,neutral
2023-08-03,303,303,117,121,65,8,-0.03531353135313531,0.38613861386138615,0.39933993399339934,0.2145214521452145,neutral
2023-08-04,244,244,84,85,75,8,-0.026106557377049186,0.3442622950819672,0.3483606557377049,0.3073770491803279,neutral
2023-08-07,216,216,64,104,48,8,-0.07726851851851851,0.2962962962962963,0.48148148148148145,0.2222222222222222,negative
2023-08-08,284,284,119,85,80,6,0.03669014084507042,0.41901408450704225,0.2992957746478873,0.28169014084507044,neutral
2023-08-09,254,254,129,84,41,9,0.06086614173228347,0.5078740157480315,0.33070866141732286,0.16141732283464566,positive
2023-08-10,291,291,107,104,80,10,0.0072508591065292075,0.36769759450171824,0.35738831615120276,0.27491408934707906,neutral
2023-08-11,208,208,96,62,50,5,0.0629326923076923,0.46153846153846156,0.2980769230769231,0.2403846153846154,positive
2023-08-14,214,214,77,91,46,9,-0.01299065420560748,0.3598130841121495,0.4252336448598131,0.21495327102803738,neutral
2023-08-15,272,272,112,100,60,7,0.03334558823529411,0.4117647058823529,0.36764705882352944,0.22058823529411764,neutral
2023-08-16,258,258,115,82,61,7,0.05775193798449613,0.44573643410852715,0.3178294573643411,0.2364341085271318,positive
2023-08-17,228,228,99,86,43,8,-0.004473684210526313,0.4342105263157895,0.37719298245614036,0.18859649122807018,neutral
2023-08-18,160,160,69,67,24,8,0.03168749999999999,0.43125,0.41875,0.15,neutral
2023-08-21,230,230,83,111,36,8,-0.042173913043478256,0.36086956521739133,0.4826086956521739,0.1565217391304348,neutral
2023-08-22,193,193,104,52,37,10,0.13854922279792745,0.538860103626943,0.2694300518134715,0.19170984455958548,positive
2023-08-23,299,299,113,97,89,10,0.033812709030100335,0.3779264214046823,0.32441471571906355,0.2976588628762542,neutral
2023-08-24,231,231,88,64,79,7,0.0287012987012987,0.38095238095238093,0.27705627705627706,0.341991341991342,neutral
2023-08-25,179,179,78,62,39,6,0.03,0.43575418994413406,0.3463687150837989,0.21787709497206703,neutral
2023-08-28,196,196,92,65,39,7,0.06357142857142857,0.46938775510204084,0.33163265306122447,0.1989795918367347,positive
2023-08-29,259,259,113,66,80,7,0.08335907335907336,0.4362934362934363,0.2548262548262548,0.3088803088803089,positive
2023-08-30,314,314,153,104,57,9,0.05009554140127389,0.4872611464968153,0.33121019108280253,0.18152866242038215,positive
2023-08-31,257,257,104,102,51,7,-0.00898832684824903,0.4046692607003891,0.3968871595330739,0.19844357976653695,neutral
2023-09-01,296,296,134,87,75,8,0.07253378378378378,0.4527027027027027,0.2939189189189189,0.2533783783783784,positive
2023-09-05,383,383,144,146,93,9,-0.011174934725848566,0.37597911227154046,0.381201044386423,0.24281984334203655,neutral
2023-09-06,339,339,138,118,83,10,0.012064896755162242,0.40707964601769914,0.3480825958702065,0.2448377581120944,neutral
2023-09-07,303,303,144,82,77,8,0.10438943894389438,0.4752475247524752,0.2706270627062706,0.25412541254125415,positive
2023-09-08,224,224,105,57,62,9,0.08691964285714285,0.46875,0.2544642857142857,0.2767857142857143,positive
2023-09-11,259,259,112,82,65,11,0.05637065637065637,0.43243243243243246,0.3166023166023166,0.25096525096525096,positive
2023-09-12,334,334,159,106,69,9,0.0631437125748503,0.47604790419161674,0.31736526946107785,0.20658682634730538,positive
2023-09-13,332,332,137,128,67,9,0.012409638554216871,0.4126506024096386,0.3855421686746988,0.20180722891566266,neutral
2023-09-14,337,337,145,127,65,10,0.009910979228486643,0.43026706231454004,0.3768545994065282,0.19287833827893175,neutral
2023-09-15,218,218,130,64,24,8,0.13605504587155964,0.5963302752293578,0.29357798165137616,0.11009174311926606,positive
2023-09-18,262,262,111,93,58,10,0.01019083969465649,0.42366412213740456,0.3549618320610687,0.22137404580152673,neutral
2023-09-19,309,309,133,105,71,11,0.046537216828478965,0.43042071197411,0.33980582524271846,0.2297734627831715,neutral
2023-09-20,345,345,147,84,114,9,0.0735072463768116,0.4260869565217391,0.24347826086956523,0.33043478260869563,positive
2023-09-21,337,337,119,109,109,8,0.010415430267062313,0.35311572700296734,0.32344213649851633,0.32344213649851633,neutral
2023-09-22,249,249,105,58,86,8,0.08518072289156627,0.42168674698795183,0.23293172690763053,0.3453815261044177,positive
2023-09-25,227,227,96,70,61,12,0.04449339207048458,0.42290748898678415,0.30837004405286345,0.2687224669603524,neutral
2023-09-26,272,272,128,84,60,8,0.08124999999999999,0.47058823529411764,0.3088235294117647,0.22058823529411764,positive
2023-09-27,290,290,134,84,72,10,0.08110344827586206,0.46206896551724136,0.2896551724137931,0.2482758620689655,positive
2023-09-28,272,272,146,47,79,10,0.1721691176470588,0.5367647058823529,0.17279411764705882,0.29044117647058826,positive
2023-09-29,268,268,114,84,70,11,0.05111940298507463,0.4253731343283582,0.31343283582089554,0.26119402985074625,positive
2023-10-02,256,256,108,72,76,11,0.07089843750000001,0.421875,0.28125,0.296875,positive
2023-10-03,193,193,80,61,52,8,0.02735751295336787,0.41450777202072536,0.3160621761658031,0.2694300518134715,neutral
2023-10-04,270,270,106,96,68,9,0.023370370370370368,0.3925925925925926,0.35555555555555557,0.2518518518518518,neutral
2023-10-05,294,294,102,95,97,9,0.014727891156462586,0.3469387755102041,0.3231292517006803,0.3299319727891156,neutral
2023-10-06,234,234,85,86,63,9,0.005940170940170933,0.36324786324786323,0.36752136752136755,0.2692307692307692,neutral
2023-10-09,270,270,121,112,37,7,-0.051666666666666666,0.44814814814814813,0.4148148148148148,0.13703703703703704,negative
2023-10-10,258,258,118,91,49,9,0.0236046511627907,0.4573643410852713,0.35271317829457366,0.18992248062015504,neutral
2023-10-11,241,241,95,84,62,11,0.03278008298755187,0.3941908713692946,0.34854771784232363,0.2572614107883817,neutral
2023-10-12,345,345,156,113,76,11,0.06081159420289855,0.45217391304347826,0.32753623188405795,0.22028985507246376,positive
2023-10-13,256,256,119,76,61,8,0.0627734375,0.46484375,0.296875,0.23828125,positive
2023-10-16,223,223,106,66,51,8,0.09390134529147982,0.47533632286995514,0.29596412556053814,0.22869955156950672,positive
2023-10-17,282,282,136,71,75,9,0.09092198581560283,0.48226950354609927,0.25177304964539005,0.26595744680851063,positive
2023-10-18,324,324,147,91,86,8,0.053611111111111116,0.4537037037037037,0.2808641975308642,0.2654320987654321,positive
2023-10-19,281,281,131,98,52,8,0.046583629893238436,0.46619217081850534,0.3487544483985765,0.18505338078291814,neutral
2023-10-20,195,195,70,87,38,7,-0.03225641025641025,0.358974358974359,0.4461538461538462,0.19487179487179487,neutral
2023-10-23,298,298,132,106,60,10,0.03828859060402685,0.4429530201342282,0.35570469798657717,0.20134228187919462,neutral
2023-10-24,278,278,106,66,106,6,0.07284172661870504,0.381294964028777,0.23741007194244604,0.381294964028777,positive
2023-10-25,264,264,127,68,69,7,0.11700757575757575,0.4810606060606061,0.25757575757575757,0.26136363636363635,positive
2023-10-26,336,336,155,82,99,9,0.11169642857142857,0.46130952380952384,0.24404761904761904,0.29464285714285715,positive
2023-10-27,240,240,99,78,63,9,0.04704166666666666,0.4125,0.325,0.2625,neutral
2023-10-30,266,266,114,84,68,8,0.04883458646616541,0.42857142857142855,0.3157894736842105,0.2556390977443609,neutral
2023-10-31,333,333,137,115,81,12,0.015045045045045044,0.4114114114114114,0.34534534534534533,0.24324324324324326,neutral
2023-11-01,341,341,130,105,106,9,0.036627565982404686,0.3812316715542522,0.30791788856304986,0.31085043988269795,neutral
2023-11-02,352,352,139,88,125,8,0.06758522727272727,0.39488636363636365,0.25,0.35511363636363635,positive
2023-11-03,252,252,121,78,53,8,0.07182539682539683,0.4801587301587302,0.30952380952380953,0.21031746031746032,positive
2023-11-06,266,266,134,93,39,8,0.07992481203007519,0.5037593984962406,0.34962406015037595,0.14661654135338345,positive
2023-11-07,288,288,112,86,90,6,0.05295138888888889,0.3888888888888889,0.2986111111111111,0.3125,positive
2023-11-08,228,228,92,74,62,7,0.05171052631578947,0.40350877192982454,0.32456140350877194,0.2719298245614035,positive
2023-11-09,266,266,141,61,64,8,0.14364661654135338,0.5300751879699248,0.22932330827067668,0.24060150375939848,positive
2023-11-10,218,218,86,71,61,10,0.02339449541284403,0.3944954128440367,0.3256880733944954,0.2798165137614679,neutral
2023-11-13,250,250,140,68,42,9,0.15575999999999998,0.56,0.272,0.168,positive
2023-11-14,268,268,124,84,60,9,0.08208955223880597,0.4626865671641791,0.31343283582089554,0.22388059701492538,positive
2023-11-15,325,325,123,119,83,11,-0.0023999999999999994,0.37846153846153846,0.36615384615384616,0.2553846153846154,neutral
2023-11-16,241,241,98,85,58,9,0.041908713692946055,0.4066390041493776,0.35269709543568467,0.24066390041493776,neutral
2023-11-17,233,233,102,68,63,8,0.08120171673819741,0.43776824034334766,0.2918454935622318,0.2703862660944206,positive
2023-11-20,248,248,134,66,48,10,0.12024193548387097,0.5403225806451613,0.2661290322580645,0.1935483870967742,positive
2023-11-21,290,290,112,86,92,11,0.03941379310344827,0.38620689655172413,0.296551724137931,0.31724137931034485,neutral
2023-11-22,285,285,93,114,78,10,-0.020350877192982453,0.3263157894736842,0.4,0.2736842105263158,neutral
2023-11-24,321,321,110,107,104,9,0.011401869158878508,0.3426791277258567,0.3333333333333333,0.32398753894080995,neutral
2023-11-27,225,225,113,74,38,10,0.0843111111111111,0.5022222222222222,0.3288888888888889,0.1688888888888889,positive
2023-11-28,284,284,143,65,76,11,0.12327464788732394,0.5035211267605634,0.22887323943661972,0.2676056338028169,positive
2023-11-29,312,312,173,87,52,8,0.14064102564102565,0.5544871794871795,0.27884615384615385,0.16666666666666666,positive
2023-11-30,339,339,141,126,72,10,0.0025663716814159285,0.415929203539823,0.37168141592920356,0.21238938053097345,neutral
2023-12-01,234,234,106,72,56,7,0.07632478632478633,0.452991452991453,0.3076923076923077,0.23931623931623933,positive
2023-12-04,271,271,108,101,62,10,0.01291512915129151,0.3985239852398524,0.3726937269372694,0.22878228782287824,neutral
2023-12-05,274,274,118,74,82,9,0.070985401459854,0.4306569343065693,0.27007299270072993,0.29927007299270075,positive
2023-12-06,307,307,131,58,118,11,0.1214657980456026,0.42671009771986973,0.18892508143322476,0.38436482084690554,positive
2023-12-07,242,242,120,64,58,11,0.12822314049586778,0.49586776859504134,0.2644628099173554,0.2396694214876033,positive
2023-12-08,274,274,117,80,77,11,0.07675182481751826,0.42700729927007297,0.291970802919708,0.28102189781021897,positive
2023-12-11,287,287,127,84,76,12,0.07310104529616725,0.4425087108013937,0.2926829268292683,0.26480836236933797,positive
2023-12-12,297,297,143,82,72,12,0.11178451178451179,0.48148148148148145,0.2760942760942761,0.24242424242424243,positive
2023-12-13,317,317,146,88,83,8,0.09425867507886435,0.4605678233438486,0.277602523659306,0.2618296529968454,positive
2023-12-14,350,350,193,62,95,9,0.18722857142857144,0.5514285714285714,0.17714285714285713,0.2714285714285714,positive
2023-12-15,269,269,108,73,88,10,0.05171003717472119,0.40148698884758366,0.27137546468401486,0.3271375464684015,positive
2023-12-18,245,245,124,63,58,9,0.118,0.5061224489795918,0.2571428571428571,0.23673469387755103,positive
2023-12-19,245,245,101,67,77,6,0.05812244897959183,0.4122448979591837,0.27346938775510204,0.3142857142857143,positive
2023-12-20,232,232,117,59,56,9,0.12504310344827588,0.5043103448275862,0.2543103448275862,0.2413793103448276,positive
2023-12-21,211,211,98,69,44,9,0.05867298578199052,0.46445497630331756,0.32701421800947866,0.20853080568720378,positive
2023-12-22,248,248,116,75,57,7,0.07403225806451613,0.46774193548387094,0.3024193548387097,0.22983870967741934,positive
2023-12-26,129,129,55,41,33,6,0.027751937984496124,0.4263565891472868,0.3178294573643411,0.2558139534883721,neutral
2023-12-27,130,130,52,57,21,7,-0.01976923076923077,0.4,0.43846153846153846,0.16153846153846155,neutral
2023-12-28,147,147,65,54,28,9,0.028571428571428574,0.4421768707482993,0.3673469387755102,0.19047619047619047,neutral
2023-12-29,91,91,37,42,12,8,-0.042087912087912085,0.4065934065934066,0.46153846153846156,0.13186813186813187,neutral
2024-01-02,214,214,79,87,48,10,-0.03892523364485981,0.3691588785046729,0.40654205607476634,0.22429906542056074,neutral
2024-01-03,200,200,88,58,54,10,0.0711,0.44,0.29,0.27,positive
2024-01-04,288,288,110,68,110,11,0.08381944444444445,0.3819444444444444,0.2361111111111111,0.3819444444444444,positive
2024-01-05,250,250,99,77,74,9,0.0464,0.396,0.308,0.296,neutral
2024-01-08,224,224,94,68,62,10,0.06004464285714285,0.41964285714285715,0.30357142857142855,0.2767857142857143,positive
2024-01-09,311,311,136,57,118,8,0.12482315112540193,0.43729903536977494,0.1832797427652733,0.37942122186495175,positive
2024-01-10,232,232,92,58,82,11,0.1031896551724138,0.39655172413793105,0.25,0.35344827586206895,positive
2024-01-11,253,253,105,69,79,9,0.06794466403162056,0.4150197628458498,0.2727272727272727,0.31225296442687744,positive
2024-01-12,272,272,128,92,52,10,0.03952205882352941,0.47058823529411764,0.3382352941176471,0.19117647058823528,neutral
2024-01-16,433,433,174,135,124,12,0.041963048498845266,0.4018475750577367,0.3117782909930716,0.2863741339491917,neutral
2024-01-17,297,297,130,108,59,9,0.06037037037037037,0.4377104377104377,0.36363636363636365,0.19865319865319866,positive
2024-01-18,270,270,122,74,74,9,0.07411111111111111,0.45185185185185184,0.2740740740740741,0.2740740740740741,positive
2024-01-19,192,192,68,78,46,8,-0.0024479166666666686,0.3541666666666667,0.40625,0.23958333333333334,neutral
2024-01-22,185,185,86,59,40,11,0.045513513513513515,0.4648648648648649,0.31891891891891894,0.21621621621621623,neutral
2024-01-23,240,240,104,81,55,10,0.052875,0.43333333333333335,0.3375,0.22916666666666666,positive
2024-01-24,310,310,134,75,101,9,0.09377419354838709,0.432258064516129,0.24193548387096775,0.3258064516129032,positive
2024-01-25,311,311,126,76,109,10,0.07639871382636655,0.40514469453376206,0.24437299035369775,0.3504823151125402,positive
2024-01-26,192,192,104,46,42,8,0.16333333333333333,0.5416666666666666,0.23958333333333334,0.21875,positive
2024-01-29,260,260,123,82,55,10,0.09026923076923077,0.47307692307692306,0.3153846153846154,0.21153846153846154,positive
2024-01-30,283,283,141,66,76,10,0.11731448763250885,0.49823321554770317,0.2332155477031802,0.26855123674911663,positive
2024-01-31,327,327,153,72,102,10,0.13067278287461773,0.46788990825688076,0.22018348623853212,0.3119266055045872,positive
2024-02-01,309,309,123,68,118,9,0.09877022653721683,0.39805825242718446,0.22006472491909385,0.3818770226537217,positive
2024-02-02,212,212,84,60,68,11,0.05344339622641509,0.39622641509433965,0.2830188679245283,0.32075471698113206,positive
2024-02-05,256,256,116,76,64,10,0.07703125000000001,0.453125,0.296875,0.25,positive
2024-02-06,259,259,122,83,54,8,0.06525096525096524,0.47104247104247104,0.3204633204633205,0.2084942084942085,positive
2024-02-07,299,299,109,87,103,9,0.03321070234113712,0.36454849498327757,0.2909698996655518,0.34448160535117056,neutral
2024-02-08,256,256,114,78,64,7,0.07613281250000001,0.4453125,0.3046875,0.25,positive
2024-02-09,174,174,85,36,53,6,0.15287356321839082,0.4885057471264368,0.20689655172413793,0.3045977011494253,positive
2024-02-12,175,175,79,64,32,9,0.05371428571428571,0.4514285714285714,0.3657142857142857,0.18285714285714286,positive
2024-02-13,242,242,107,61,74,9,0.11053719008264463,0.44214876033057854,0.25206611570247933,0.30578512396694213,positive
2024-02-14,276,276,103,79,94,9,0.051956521739130436,0.37318840579710144,0.286231884057971,0.34057971014492755,positive
2024-02-15,318,318,128,108,82,9,0.030880503144654094,0.4025157232704403,0.33962264150943394,0.2578616352201258,neutral
2024-02-16,222,222,117,67,38,10,0.12675675675675677,0.527027027027027,0.30180180180180183,0.17117117117117117,positive
2024-02-20,407,407,172,96,139,12,0.10867321867321868,0.4226044226044226,0.23587223587223588,0.3415233415233415,positive
2024-02-21,274,274,127,83,64,7,0.08467153284671534,0.4635036496350365,0.3029197080291971,0.23357664233576642,positive
2024-02-22,360,360,142,92,126,9,0.05022222222222223,0.39444444444444443,0.25555555555555554,0.35,positive
2024-02-23,216,216,95,88,33,10,-0.022592592592592588,0.4398148148148148,0.4074074074074074,0.1527777777777778,neutral
2024-02-26,231,231,99,80,52,10,0.045887445887445893,0.42857142857142855,0.3463203463203463,0.22510822510822512,neutral
2024-02-27,273,273,125,76,72,12,0.0908058608058608,0.45787545787545786,0.2783882783882784,0.26373626373626374,positive
2024-02-28,286,286,132,90,64,8,0.08188811188811189,0.46153846153846156,0.3146853146853147,0.22377622377622378,positive
2024-02-29,364,364,161,88,115,12,0.11898351648351649,0.4423076923076923,0.24175824175824176,0.3159340659340659,positive
2024-03-01,275,275,115,82,78,10,0.04658181818181818,0.41818181818181815,0.29818181818181816,0.28363636363636363,neutral
2024-03-04,288,288,137,101,50,10,0.07100694444444444,0.4756944444444444,0.3506944444444444,0.1736111111111111,positive
2024-03-05,316,316,142,89,85,10,0.11392405063291139,0.44936708860759494,0.28164556962025317,0.2689873417721519,positive
2024-03-06,363,363,184,100,79,10,0.12303030303030305,0.5068870523415978,0.27548209366391185,0.21763085399449036,positive
2024-03-07,297,297,92,74,131,7,0.027878787878787878,0.30976430976430974,0.24915824915824916,0.44107744107744107,neutral
2024-03-08,248,248,105,61,82,9,0.08693548387096774,0.42338709677419356,0.24596774193548387,0.33064516129032256,positive
2024-03-11,266,266,124,73,69,9,0.09714285714285714,0.46616541353383456,0.2744360902255639,0.2593984962406015,positive
2024-03-12,307,307,106,90,111,10,0.031986970684039086,0.34527687296416937,0.2931596091205212,0.36156351791530944,neutral
2024-03-13,272,272,136,65,71,8,0.13970588235294118,0.5,0.23897058823529413,0.2610294117647059,positive
2024-03-14,238,238,118,54,66,9,0.12369747899159664,0.4957983193277311,0.226890756302521,0.2773109243697479,positive
2024-03-15,211,211,79,65,67,11,0.026540284360189577,0.3744075829383886,0.3080568720379147,0.3175355450236967,neutral
2024-03-18,237,237,122,67,48,9,0.079831223628692,0.5147679324894515,0.28270042194092826,0.20253164556962025,positive
2024-03-19,265,265,130,69,66,10,0.10584905660377358,0.49056603773584906,0.26037735849056604,0.2490566037735849,positive
2024-03-20,299,299,140,78,81,11,0.11090301003344483,0.4682274247491639,0.2608695652173913,0.2709030100334448,positive
2024-03-21,373,373,152,88,133,11,0.09426273458445039,0.4075067024128686,0.2359249329758713,0.35656836461126007,positive
2024-03-22,210,210,80,77,53,9,0.009666666666666664,0.38095238095238093,0.36666666666666664,0.2523809523809524,neutral
2024-03-25,257,257,116,85,56,10,0.03614785992217899,0.45136186770428016,0.33073929961089493,0.2178988326848249,neutral
2024-03-26,220,220,95,59,66,10,0.08363636363636363,0.4318181818181818,0.2681818181818182,0.3,positive
2024-03-27,246,246,88,77,81,10,0.0406910569105691,0.35772357723577236,0.3130081300813008,0.32926829268292684,neutral
2024-03-28,280,280,132,72,76,10,0.10032142857142858,0.4714285714285714,0.2571428571428571,0.2714285714285714,positive
2024-04-01,282,282,136,66,80,8,0.13606382978723405,0.48226950354609927,0.23404255319148937,0.28368794326241137,positive
2024-04-02,240,240,119,67,54,9,0.10074999999999999,0.49583333333333335,0.2791666666666667,0.225,positive
2024-04-03,242,242,95,74,73,9,0.021280991735537193,0.3925619834710744,0.30578512396694213,0.30165289256198347,neutral
2024-04-04,270,270,131,47,92,11,0.14885185185185185,0.48518518518518516,0.17407407407407408,0.34074074074074073,positive
2024-04-05,247,247,111,76,60,9,0.07364372469635629,0.4493927125506073,0.3076923076923077,0.242914979757085,positive
2024-04-08,264,264,140,62,62,11,0.1671590909090909,0.5303030303030303,0.23484848484848486,0.23484848484848486,positive
2024-04-09,245,245,125,54,66,12,0.15253061224489795,0.5102040816326531,0.22040816326530613,0.2693877551020408,positive
2024-04-10,298,298,121,73,104,10,0.07560402684563759,0.40604026845637586,0.24496644295302014,0.348993288590604,positive
2024-04-11,262,262,113,70,79,11,0.10064885496183205,0.4312977099236641,0.26717557251908397,0.3015267175572519,positive
2024-04-12,232,232,115,75,42,9,0.08245689655172414,0.4956896551724138,0.3232758620689655,0.1810344827586207,positive
2024-04-15,221,221,87,92,42,9,-0.020723981900452496,0.3936651583710407,0.416289592760181,0.19004524886877827,neutral
2024-04-16,266,266,130,77,59,10,0.11161654135338346,0.48872180451127817,0.2894736842105263,0.22180451127819548,positive
2024-04-17,278,278,105,109,64,10,-0.016798561151079132,0.3776978417266187,0.3920863309352518,0.2302158273381295,neutral
2024-04-18,234,234,107,67,60,10,0.08282051282051281,0.45726495726495725,0.2863247863247863,0.2564102564102564,positive
2024-04-19,211,211,90,86,35,12,-0.0017535545023696696,0.4265402843601896,0.4075829383886256,0.16587677725118483,neutral
2024-04-22,216,216,106,80,30,8,0.08421296296296295,0.49074074074074076,0.37037037037037035,0.1388888888888889,positive
2024-04-23,258,258,112,49,97,8,0.10554263565891472,0.43410852713178294,0.18992248062015504,0.375968992248062,positive
2024-04-24,248,248,100,75,73,11,0.06766129032258064,0.4032258064516129,0.3024193548387097,0.29435483870967744,positive
2024-04-25,225,225,84,67,74,9,0.02591111111111111,0.37333333333333335,0.29777777777777775,0.3288888888888889,neutral
2024-04-26,235,235,90,74,71,7,0.007361702127659576,0.3829787234042553,0.3148936170212766,0.3021276595744681,neutral
2024-04-29,288,288,126,78,84,9,0.07704861111111111,0.4375,0.2708333333333333,0.2916666666666667,positive
2024-04-30,344,344,149,114,81,9,0.05616279069767442,0.4331395348837209,0.3313953488372093,0.23546511627906977,positive
2024-05-01,218,218,77,65,76,8,0.04724770642201835,0.3532110091743119,0.2981651376146789,0.3486238532110092,neutral
2024-05-02,317,317,132,91,94,9,0.05646687697160883,0.416403785488959,0.2870662460567823,0.29652996845425866,positive
2024-05-03,176,176,68,61,47,9,0.016420454545454544,0.38636363636363635,0.3465909090909091,0.26704545454545453,neutral
2024-05-06,220,220,123,51,46,9,0.13131818181818183,0.5590909090909091,0.2318181818181818,0.20909090909090908,positive
2024-05-07,268,268,132,72,64,7,0.11414179104477612,0.4925373134328358,0.26865671641791045,0.23880597014925373,positive
2024-05-08,253,253,106,64,83,11,0.07877470355731225,0.4189723320158103,0.25296442687747034,0.32806324110671936,positive
2024-05-09,238,238,118,55,65,10,0.11718487394957984,0.4957983193277311,0.23109243697478993,0.27310924369747897,positive
2024-05-10,241,241,123,60,58,10,0.1283402489626556,0.5103734439834025,0.24896265560165975,0.24066390041493776,positive
2024-05-13,240,240,137,53,50,10,0.13624999999999998,0.5708333333333333,0.22083333333333333,0.20833333333333334,positive
2024-05-14,241,241,97,72,72,8,0.053983402489626554,0.4024896265560166,0.2987551867219917,0.2987551867219917,positive
2024-05-15,322,322,161,86,75,9,0.1113975155279503,0.5,0.2670807453416149,0.2329192546583851,positive
2024-05-16,288,288,139,75,74,10,0.10447916666666666,0.4826388888888889,0.2604166666666667,0.2569444444444444,positive
2024-05-17,172,172,92,39,41,8,0.11436046511627908,0.5348837209302325,0.22674418604651161,0.23837209302325582,positive
2024-05-20,211,211,95,61,55,9,0.07246445497630333,0.45023696682464454,0.2890995260663507,0.26066350710900477,positive
2024-05-21,255,255,125,75,55,9,0.12207843137254902,0.49019607843137253,0.29411764705882354,0.21568627450980393,positive
2024-05-22,272,272,105,81,86,9,0.05908088235294118,0.3860294117647059,0.2977941176470588,0.3161764705882353,positive
2024-05-23,279,279,102,70,107,10,0.06655913978494624,0.3655913978494624,0.25089605734767023,0.3835125448028674,positive
2024-05-24,206,206,68,81,57,10,0.0033009708737864077,0.3300970873786408,0.3932038834951456,0.2766990291262136,neutral
2024-05-28,317,317,156,80,81,11,0.10747634069400629,0.4921135646687697,0.25236593059936907,0.2555205047318612,positive
2024-05-29,216,216,92,69,55,10,0.07689814814814815,0.42592592592592593,0.3194444444444444,0.25462962962962965,positive
2024-05-30,275,275,121,95,59,10,0.0576,0.44,0.34545454545454546,0.21454545454545454,positive
2024-05-31,256,256,110,81,65,11,0.058203125,0.4296875,0.31640625,0.25390625,positive
2024-06-03,334,334,137,107,90,10,0.08023952095808384,0.4101796407185629,0.3203592814371258,0.2694610778443114,positive
2024-06-04,232,232,94,84,54,9,0.04810344827586207,0.4051724137931034,0.3620689655172414,0.23275862068965517,neutral
2024-06-05,270,270,127,71,72,10,0.11218518518518518,0.4703703703703704,0.26296296296296295,0.26666666666666666,positive
2024-06-06,310,310,154,58,98,10,0.15129032258064515,0.4967741935483871,0.1870967741935484,0.3161290322580645,positive
2024-06-07,224,224,95,62,67,9,0.0859375,0.42410714285714285,0.2767857142857143,0.29910714285714285,positive
2024-06-10,272,272,135,83,54,11,0.11290441176470589,0.4963235294117647,0.30514705882352944,0.19852941176470587,positive
2024-06-11,217,217,103,58,56,9,0.10774193548387097,0.47465437788018433,0.2672811059907834,0.25806451612903225,positive
2024-06-12,317,317,117,110,90,10,0.023722397476340695,0.36908517350157727,0.3470031545741325,0.28391167192429023,neutral
2024-06-13,228,228,109,58,61,10,0.09771929824561403,0.4780701754385965,0.2543859649122807,0.2675438596491228,positive
2024-06-14,164,164,71,58,35,8,0.031097560975609752,0.4329268292682927,0.35365853658536583,0.21341463414634146,neutral
2024-06-17,228,228,85,66,77,7,0.04451754385964913,0.37280701754385964,0.2894736842105263,0.33771929824561403,neutral
2024-06-18,259,259,121,61,77,8,0.10405405405405405,0.4671814671814672,0.23552123552123552,0.2972972972972973,positive
2024-06-20,464,464,227,87,150,9,0.14842672413793104,0.4892241379310345,0.1875,0.3232758620689655,positive
2024-06-21,202,202,78,66,58,8,0.04084158415841584,0.38613861386138615,0.32673267326732675,0.2871287128712871,neutral
2024-06-24,225,225,95,66,64,9,0.05271111111111112,0.4222222222222222,0.29333333333333333,0.28444444444444444,positive
2024-06-25,258,258,101,102,55,12,0.003759689922480619,0.39147286821705424,0.3953488372093023,0.2131782945736434,neutral
2024-06-26,265,265,109,85,71,10,0.0350566037735849,0.41132075471698115,0.32075471698113206,0.2679245283018868,neutral
2024-06-27,269,269,138,45,86,10,0.15234200743494422,0.5130111524163569,0.16728624535315986,0.31970260223048325,positive
2024-06-28,251,251,103,67,81,10,0.09107569721115538,0.4103585657370518,0.26693227091633465,0.32270916334661354,positive
2024-07-01,240,240,97,51,92,11,0.09283333333333334,0.4041666666666667,0.2125,0.38333333333333336,positive
2024-07-02,215,215,96,53,66,9,0.10246511627906978,0.44651162790697674,0.24651162790697675,0.30697674418604654,positive
2024-07-03,277,277,116,70,91,10,0.07451263537906137,0.4187725631768953,0.2527075812274368,0.3285198555956679,positive
2024-07-05,315,315,148,79,88,11,0.09755555555555556,0.46984126984126984,0.2507936507936508,0.27936507936507937,positive
2024-07-08,193,193,89,54,50,10,0.10870466321243522,0.46113989637305697,0.27979274611398963,0.25906735751295334,positive
2024-07-09,208,208,81,63,64,9,0.045384615384615384,0.3894230769230769,0.30288461538461536,0.3076923076923077,neutral
2024-07-10,276,276,127,83,66,8,0.07891304347826088,0.4601449275362319,0.3007246376811594,0.2391304347826087,positive
2024-07-11,276,276,115,70,91,10,0.07818840579710144,0.4166666666666667,0.2536231884057971,0.32971014492753625,positive
2024-07-12,181,181,82,51,48,7,0.0925414364640884,0.4530386740331492,0.281767955801105,0.26519337016574585,positive
2024-07-15,224,224,80,86,58,11,-0.023526785714285712,0.35714285714285715,0.38392857142857145,0.25892857142857145,neutral
2024-07-16,256,256,112,84,60,10,0.0650390625,0.4375,0.328125,0.234375,positive
2024-07-17,272,272,122,75,75,8,0.07511029411764705,0.4485294117647059,0.2757352941176471,0.2757352941176471,positive
2024-07-18,287,287,144,64,79,8,0.14289198606271777,0.5017421602787456,0.2229965156794425,0.27526132404181186,positive
2024-07-19,166,166,46,76,44,9,-0.059698795180722894,0.27710843373493976,0.4578313253012048,0.26506024096385544,negative
2024-07-22,222,222,104,86,32,7,0.04405405405405405,0.46846846846846846,0.38738738738738737,0.14414414414414414,neutral
2024-07-23,208,208,95,68,45,8,0.06326923076923077,0.4567307692307692,0.3269230769230769,0.21634615384615385,positive
2024-07-24,292,292,114,76,102,10,0.06976027397260275,0.3904109589041096,0.2602739726027397,0.3493150684931507,positive
2024-07-25,239,239,104,74,61,12,0.02836820083682008,0.4351464435146444,0.30962343096234307,0.25523012552301255,neutral
2024-07-26,188,188,90,54,44,8,0.0752127659574468,0.4787234042553192,0.2872340425531915,0.23404255319148937,positive
2024-07-29,231,231,109,75,47,12,0.0890909090909091,0.47186147186147187,0.3246753246753247,0.20346320346320346,positive
2024-07-30,293,293,110,90,93,9,0.047883959044368596,0.37542662116040953,0.30716723549488056,0.3174061433447099,neutral
2024-07-31,333,333,139,119,75,9,0.03690690690690691,0.4174174174174174,0.35735735735735735,0.22522522522522523,neutral
2024-08-01,321,321,136,98,87,10,0.07498442367601246,0.4236760124610592,0.3052959501557632,0.27102803738317754,positive
2024-08-02,246,246,83,74,89,8,0.026056910569105692,0.33739837398373984,0.3008130081300813,0.3617886178861789,neutral
2024-08-05,259,259,88,120,51,9,-0.05957528957528958,0.33976833976833976,0.46332046332046334,0.1969111969111969,negative
2024-08-06,255,255,105,70,80,10,0.07815686274509803,0.4117647058823529,0.27450980392156865,0.3137254901960784,positive
2024-08-07,223,223,98,65,60,7,0.05713004484304933,0.43946188340807174,0.2914798206278027,0.26905829596412556,positive
2024-08-08,237,237,96,66,75,7,0.06535864978902954,0.4050632911392405,0.27848101265822783,0.31645569620253167,positive
2024-08-09,221,221,96,69,56,9,0.05217194570135746,0.4343891402714932,0.31221719457013575,0.25339366515837103,positive
2024-08-12,243,243,119,74,50,9,0.07818930041152264,0.4897119341563786,0.3045267489711934,0.205761316872428,positive
2024-08-13,235,235,93,88,54,8,0.03,0.39574468085106385,0.37446808510638296,0.2297872340425532,neutral
2024-08-14,288,288,133,81,74,10,0.09791666666666667,0.4618055555555556,0.28125,0.2569444444444444,positive
2024-08-15,271,271,144,66,61,10,0.13505535055350554,0.5313653136531366,0.24354243542435425,0.22509225092250923,positive
2024-08-16,190,190,91,50,49,7,0.12947368421052632,0.4789473684210526,0.2631578947368421,0.2578947368421053,positive
2024-08-19,216,216,96,83,37,9,0.044861111111111115,0.4444444444444444,0.38425925925925924,0.1712962962962963,neutral
2024-08-20,281,281,133,83,65,9,0.0798932384341637,0.47330960854092524,0.29537366548042704,0.2313167259786477,positive
2024-08-21,263,263,92,80,91,8,0.026273764258555134,0.34980988593155893,0.3041825095057034,0.34600760456273766,neutral
2024-08-22,325,325,127,76,122,11,0.07532307692307692,0.39076923076923076,0.23384615384615384,0.37538461538461537,positive
2024-08-23,181,181,80,57,44,10,0.05906077348066298,0.4419889502762431,0.3149171270718232,0.2430939226519337,positive
2024-08-26,249,249,108,85,56,11,0.055421686746987955,0.43373493975903615,0.3413654618473896,0.2248995983935743,positive
2024-08-27,219,219,101,69,49,11,0.07433789954337901,0.4611872146118721,0.3150684931506849,0.2237442922374429,positive
2024-08-28,257,257,124,68,65,10,0.13124513618677042,0.48249027237354086,0.26459143968871596,0.2529182879377432,positive
2024-08-29,283,283,124,71,88,9,0.06515901060070672,0.4381625441696113,0.2508833922261484,0.31095406360424027,positive
2024-08-30,231,231,78,85,68,7,-0.014285714285714285,0.33766233766233766,0.36796536796536794,0.2943722943722944,neutral
2024-09-03,426,426,140,137,149,9,0.016596244131455398,0.3286384976525822,0.3215962441314554,0.34976525821596244,neutral
2024-09-04,316,316,116,89,111,11,0.06569620253164557,0.3670886075949367,0.28164556962025317,0.3512658227848101,positive
2024-09-05,314,314,146,77,91,12,0.11414012738853505,0.46496815286624205,0.24522292993630573,0.2898089171974522,positive
2024-09-06,241,241,93,85,63,10,0.0006639004149377569,0.38589211618257263,0.35269709543568467,0.26141078838174275,neutral
2024-09-09,292,292,160,60,72,11,0.17441780821917807,0.547945205479452,0.2054794520547945,0.2465753424657534,positive
2024-09-10,273,273,126,93,54,11,0.05908424908424908,0.46153846153846156,0.34065934065934067,0.1978021978021978,positive
2024-09-11,268,268,98,73,97,9,0.041865671641791044,0.3656716417910448,0.27238805970149255,0.3619402985074627,neutral
2024-09-12,294,294,170,54,70,9,0.19387755102040816,0.5782312925170068,0.1836734693877551,0.23809523809523808,positive
2024-09-13,226,226,113,70,43,9,0.11088495575221238,0.5,0.30973451327433627,0.1902654867256637,positive
2024-09-16,287,287,154,73,60,11,0.12857142857142856,0.5365853658536586,0.25435540069686413,0.20905923344947736,positive
2024-09-17,299,299,156,80,63,10,0.10989966555183946,0.5217391304347826,0.26755852842809363,0.21070234113712374,positive
2024-09-18,343,343,150,89,104,9,0.10110787172011662,0.43731778425655976,0.2594752186588921,0.3032069970845481,positive
2024-09-19,362,362,177,86,99,9,0.13895027624309392,0.4889502762430939,0.23756906077348067,0.27348066298342544,positive
2024-09-20,302,302,148,85,69,10,0.0713907284768212,0.4900662251655629,0.2814569536423841,0.22847682119205298,positive
2024-09-23,322,322,130,96,96,10,0.053757763975155276,0.40372670807453415,0.2981366459627329,0.2981366459627329,positive
2024-09-24,244,244,120,58,66,9,0.11389344262295081,0.4918032786885246,0.23770491803278687,0.27049180327868855,positive
2024-09-25,265,265,115,94,56,9,0.05169811320754717,0.4339622641509434,0.35471698113207545,0.21132075471698114,positive
2024-09-26,260,260,117,68,75,11,0.10107692307692308,0.45,0.26153846153846155,0.28846153846153844,positive
2024-09-27,281,281,117,83,81,13,0.06430604982206406,0.41637010676156583,0.29537366548042704,0.28825622775800713,positive
2024-09-30,318,318,130,106,82,11,0.031320754716981127,0.4088050314465409,0.3333333333333333,0.2578616352201258,neutral
2024-10-01,317,317,157,83,77,10,0.0956782334384858,0.4952681388012618,0.2618296529968454,0.24290220820189273,positive
2024-10-02,243,243,136,74,33,9,0.07921810699588477,0.5596707818930041,0.3045267489711934,0.13580246913580246,positive
2024-10-03,243,243,105,69,69,9,0.05683127572016461,0.43209876543209874,0.2839506172839506,0.2839506172839506,positive
2024-10-04,201,201,88,59,54,9,0.06646766169154228,0.43781094527363185,0.2935323383084577,0.26865671641791045,positive
2024-10-07,216,216,95,84,37,8,0.02189814814814815,0.4398148148148148,0.3888888888888889,0.1712962962962963,neutral
2024-10-08,264,264,95,80,89,11,0.05136363636363636,0.35984848484848486,0.30303030303030304,0.3371212121212121,positive
2024-10-09,272,272,82,77,113,7,0.014007352941176473,0.3014705882352941,0.28308823529411764,0.41544117647058826,neutral
2024-10-10,203,203,89,53,61,11,0.07911330049261082,0.43842364532019706,0.26108374384236455,0.30049261083743845,positive
2024-10-11,228,228,97,53,78,8,0.09412280701754386,0.42543859649122806,0.2324561403508772,0.34210526315789475,positive
2024-10-14,220,220,80,80,60,10,0.007499999999999994,0.36363636363636365,0.36363636363636365,0.2727272727272727,neutral
2024-10-15,295,295,127,91,77,8,0.05457627118644067,0.43050847457627117,0.30847457627118646,0.26101694915254237,positive
2024-10-16,285,285,142,65,78,10,0.12424561403508773,0.4982456140350877,0.22807017543859648,0.2736842105263158,positive
2024-10-17,337,337,151,96,90,10,0.06480712166172106,0.44807121661721067,0.28486646884273,0.26706231454005935,positive
2024-10-18,200,200,90,63,47,9,0.0696,0.45,0.315,0.235,positive
2024-10-21,253,253,143,55,55,10,0.15616600790513832,0.5652173913043478,0.21739130434782608,0.21739130434782608,positive
2024-10-22,224,224,133,51,40,10,0.18665178571428573,0.59375,0.22767857142857142,0.17857142857142858,positive
2024-10-23,263,263,113,97,53,11,0.046463878326996194,0.4296577946768061,0.3688212927756654,0.20152091254752852,neutral
2024-10-24,282,282,107,64,111,8,0.10070921985815602,0.37943262411347517,0.22695035460992907,0.39361702127659576,positive
2024-10-25,192,192,84,65,43,7,0.026145833333333337,0.4375,0.3385416666666667,0.22395833333333334,neutral
2024-10-28,257,257,67,130,60,9,-0.11673151750972763,0.2607003891050584,0.5058365758754864,0.23346303501945526,negative
2024-10-29,241,241,113,72,56,10,0.08141078838174275,0.46887966804979253,0.2987551867219917,0.23236514522821577,positive
2024-10-30,334,334,159,85,90,11,0.1261077844311377,0.47604790419161674,0.25449101796407186,0.2694610778443114,positive
2024-10-31,288,288,116,74,98,9,0.0715625,0.4027777777777778,0.2569444444444444,0.3402777777777778,positive
2024-11-01,227,227,100,63,64,9,0.05775330396475771,0.44052863436123346,0.2775330396475771,0.28193832599118945,positive
2024-11-04,258,258,140,62,56,10,0.143953488372093,0.5426356589147286,0.24031007751937986,0.21705426356589147,positive
2024-11-05,291,291,129,79,83,10,0.09446735395189004,0.44329896907216493,0.27147766323024053,0.2852233676975945,positive
2024-11-06,365,365,145,119,101,9,0.056164383561643834,0.3972602739726027,0.32602739726027397,0.27671232876712326,positive
2024-11-07,351,351,169,96,86,9,0.10547008547008548,0.48148148148148145,0.27350427350427353,0.245014245014245,positive
2024-11-08,215,215,102,55,58,9,0.12320930232558139,0.4744186046511628,0.2558139534883721,0.26976744186046514,positive
2024-11-11,249,249,102,80,67,8,0.04200803212851406,0.40963855421686746,0.321285140562249,0.26907630522088355,neutral
2024-11-12,284,284,118,110,56,11,0.005880281690140843,0.4154929577464789,0.3873239436619718,0.19718309859154928,neutral
2024-11-13,288,288,125,69,94,12,0.10944444444444444,0.4340277777777778,0.23958333333333334,0.3263888888888889,positive
2024-11-14,287,287,134,92,61,10,0.0637979094076655,0.46689895470383275,0.3205574912891986,0.21254355400696864,positive
2024-11-15,283,283,115,94,74,10,0.029964664310954067,0.40636042402826855,0.3321554770318021,0.26148409893992935,neutral
2024-11-18,289,289,148,81,60,12,0.12588235294117645,0.5121107266435986,0.28027681660899656,0.20761245674740483,positive
2024-11-19,291,291,153,72,66,12,0.13828178694158078,0.5257731958762887,0.24742268041237114,0.2268041237113402,positive
2024-11-20,278,278,100,100,78,9,0.02482014388489209,0.3597122302158273,0.3597122302158273,0.2805755395683453,neutral
2024-11-21,277,277,131,62,84,12,0.11581227436823104,0.4729241877256318,0.22382671480144403,0.30324909747292417,positive
2024-11-22,290,290,125,65,100,9,0.10589655172413794,0.43103448275862066,0.22413793103448276,0.3448275862068966,positive
2024-11-25,240,240,89,89,62,10,0.000583333333333332,0.37083333333333335,0.37083333333333335,0.25833333333333336,neutral
2024-11-26,222,222,86,65,71,9,0.04220720720720721,0.38738738738738737,0.2927927927927928,0.31981981981981983,neutral
2024-11-27,273,273,120,81,72,12,0.07516483516483516,0.43956043956043955,0.2967032967032967,0.26373626373626374,positive
2024-11-29,381,381,150,128,103,11,0.020577427821522314,0.3937007874015748,0.3359580052493438,0.27034120734908135,neutral
2024-12-02,288,288,113,94,81,12,0.029791666666666668,0.3923611111111111,0.3263888888888889,0.28125,neutral
2024-12-03,225,225,121,53,51,11,0.14502222222222225,0.5377777777777778,0.23555555555555555,0.22666666666666666,positive
2024-12-04,290,290,112,111,67,6,0.01386206896551724,0.38620689655172413,0.38275862068965516,0.23103448275862068,neutral
2024-12-05,342,342,174,78,90,11,0.14707602339181286,0.5087719298245614,0.22807017543859648,0.2631578947368421,positive
2024-12-06,258,258,98,78,82,9,0.0389922480620155,0.3798449612403101,0.3023255813953488,0.3178294573643411,neutral
2024-12-09,286,286,132,74,80,10,0.10216783216783216,0.46153846153846156,0.25874125874125875,0.27972027972027974,positive
2024-12-10,283,283,116,75,92,9,0.0680565371024735,0.4098939929328622,0.26501766784452296,0.3250883392226148,positive
2024-12-11,271,271,103,66,102,9,0.06634686346863469,0.3800738007380074,0.24354243542435425,0.3763837638376384,positive
2024-12-12,275,275,131,82,62,9,0.08879999999999999,0.4763636363636364,0.29818181818181816,0.22545454545454546,positive
2024-12-13,224,224,101,60,63,10,0.07026785714285715,0.45089285714285715,0.26785714285714285,0.28125,positive
2024-12-16,365,365,148,105,112,11,0.08854794520547946,0.4054794520547945,0.2876712328767123,0.30684931506849317,positive
2024-12-17,325,325,122,115,88,11,0.020338461538461538,0.37538461538461537,0.35384615384615387,0.27076923076923076,neutral
2024-12-18,303,303,143,85,75,10,0.09643564356435644,0.47194719471947194,0.28052805280528054,0.24752475247524752,positive
2024-12-19,322,322,157,70,95,10,0.14903726708074533,0.48757763975155277,0.21739130434782608,0.2950310559006211,positive
2024-12-20,246,246,84,90,72,8,-0.007804878048780486,0.34146341463414637,0.36585365853658536,0.2926829268292683,neutral
2024-12-23,257,257,112,75,70,12,0.09607003891050583,0.4357976653696498,0.2918287937743191,0.2723735408560311,positive
2024-12-24,137,137,68,33,36,7,0.09722627737226278,0.49635036496350365,0.24087591240875914,0.26277372262773724,positive
2024-12-26,128,128,62,33,33,6,0.115625,0.484375,0.2578125,0.2578125,positive
2024-12-27,125,125,53,50,22,5,-0.015759999999999996,0.424,0.4,0.176,neutral
2024-12-30,157,157,78,53,26,8,0.05515923566878981,0.4968152866242038,0.3375796178343949,0.16560509554140126,positive
2024-12-31,102,102,39,40,23,7,-0.01901960784313725,0.38235294117647056,0.39215686274509803,0.22549019607843138,neutral
2025-01-02,219,219,107,48,64,7,0.12680365296803653,0.4885844748858447,0.2191780821917808,0.2922374429223744,positive
2025-01-03,138,138,51,51,36,5,-0.0021739130434782566,0.3695652173913043,0.3695652173913043,0.2608695652173913,neutral
2025-01-06,241,241,81,73,87,9,0.028008298755186727,0.3360995850622407,0.3029045643153527,0.36099585062240663,neutral
2025-01-07,317,317,122,93,102,10,0.052397476340694006,0.38485804416403785,0.29337539432176657,0.3217665615141956,positive
2025-01-08,247,247,105,65,77,12,0.07368421052631578,0.4251012145748988,0.2631578947368421,0.3117408906882591,positive
2025-01-10,466,466,215,110,141,10,0.12040772532188841,0.4613733905579399,0.23605150214592274,0.30257510729613735,positive
2025-01-13,258,258,125,55,78,11,0.12593023255813954,0.4844961240310077,0.2131782945736434,0.3023255813953488,positive
2025-01-14,240,240,135,63,42,10,0.15316666666666665,0.5625,0.2625,0.175,positive
2025-01-15,376,376,166,112,98,10,0.0652659574468085,0.44148936170212766,0.2978723404255319,0.26063829787234044,positive
2025-01-16,289,289,126,67,96,10,0.10955017301038063,0.4359861591695502,0.23183391003460208,0.33217993079584773,positive
2025-01-17,268,268,129,86,53,9,0.08880597014925373,0.48134328358208955,0.3208955223880597,0.19776119402985073,positive
2025-01-21,425,425,199,133,93,12,0.0651764705882353,0.4682352941176471,0.3129411764705882,0.2188235294117647,positive
2025-01-22,218,218,117,47,54,11,0.14376146788990826,0.536697247706422,0.21559633027522937,0.24770642201834864,positive
2025-01-23,283,283,149,67,67,11,0.13106007067137806,0.5265017667844523,0.23674911660777384,0.23674911660777384,positive
2025-01-24,256,256,91,91,74,7,-0.01546875,0.35546875,0.35546875,0.2890625,neutral
2025-01-27,266,266,125,68,73,9,0.11071428571428572,0.4699248120300752,0.2556390977443609,0.2744360902255639,positive
2025-01-28,196,196,106,29,61,10,0.20020408163265307,0.5408163265306123,0.14795918367346939,0.3112244897959184,positive
2025-01-29,266,266,143,46,77,10,0.19902255639097743,0.5375939849624061,0.17293233082706766,0.2894736842105263,positive
2025-01-30,308,308,141,84,83,9,0.08564935064935064,0.4577922077922078,0.2727272727272727,0.2694805194805195,positive
2025-01-31,241,241,110,71,60,8,0.07800829875518671,0.45643153526970953,0.2946058091286307,0.24896265560165975,positive
2025-02-03,291,291,162,77,52,8,0.14006872852233676,0.5567010309278351,0.2646048109965636,0.17869415807560138,positive
2025-02-04,270,270,111,72,87,11,0.08522222222222221,0.4111111111111111,0.26666666666666666,0.32222222222222224,positive
2025-02-05,341,341,132,111,98,6,0.03530791788856305,0.3870967741935484,0.3255131964809384,0.2873900293255132,neutral
2025-02-06,289,289,143,72,74,9,0.11854671280276816,0.49480968858131485,0.2491349480968858,0.2560553633217993,positive
2025-02-07,220,220,90,60,70,9,0.06759090909090909,0.4090909090909091,0.2727272727272727,0.3181818181818182,positive
2025-02-10,207,207,104,58,45,8,0.10594202898550724,0.5024154589371981,0.28019323671497587,0.21739130434782608,positive
2025-02-11,205,205,104,55,46,9,0.1115609756097561,0.5073170731707317,0.2682926829268293,0.22439024390243903,positive
2025-02-12,287,287,118,97,72,9,0.054390243902439024,0.41114982578397213,0.33797909407665505,0.2508710801393728,positive
2025-02-13,255,255,121,69,65,10,0.10964705882352942,0.4745098039215686,0.27058823529411763,0.2549019607843137,positive
2025-02-14,208,208,111,53,44,9,0.1346153846153846,0.5336538461538461,0.2548076923076923,0.21153846153846154,positive
2025-02-18,464,464,197,145,122,10,0.0518103448275862,0.4245689655172414,0.3125,0.2629310344827586,positive
2025-02-19,306,306,126,82,98,10,0.07143790849673202,0.4117647058823529,0.2679738562091503,0.3202614379084967,positive
2025-02-20,319,319,157,84,78,11,0.09579937304075235,0.49216300940438873,0.26332288401253917,0.2445141065830721,positive
2025-02-21,269,269,89,92,88,8,-0.0013382899628252792,0.3308550185873606,0.3420074349442379,0.3271375464684015,neutral
2025-02-24,245,245,119,65,61,9,0.11889795918367348,0.4857142857142857,0.2653061224489796,0.24897959183673468,positive
2025-02-25,310,310,160,87,63,11,0.13051612903225807,0.5161290322580645,0.2806451612903226,0.2032258064516129,positive
2025-02-26,247,247,140,54,53,8,0.18246963562753035,0.5668016194331984,0.21862348178137653,0.2145748987854251,positive
2025-02-27,262,262,127,69,66,11,0.09866412213740458,0.4847328244274809,0.2633587786259542,0.25190839694656486,positive
2025-02-28,271,271,141,80,50,11,0.12904059040590404,0.5202952029520295,0.2952029520295203,0.18450184501845018,positive
2025-03-03,319,319,165,102,52,9,0.08244514106583072,0.5172413793103449,0.31974921630094044,0.16300940438871472,positive
2025-03-04,305,305,133,113,59,10,0.034065573770491804,0.4360655737704918,0.3704918032786885,0.19344262295081968,neutral
2025-03-05,330,330,159,92,79,10,0.10860606060606062,0.4818181818181818,0.2787878787878788,0.23939393939393938,positive
2025-03-06,344,344,168,78,98,8,0.1309011627906977,0.4883720930232558,0.22674418604651161,0.28488372093023256,positive
2025-03-07,262,262,113,90,59,11,0.048625954198473285,0.4312977099236641,0.3435114503816794,0.22519083969465647,neutral
2025-03-10,284,284,134,97,53,9,0.06144366197183098,0.47183098591549294,0.3415492957746479,0.18661971830985916,positive
2025-03-11,211,211,107,58,46,9,0.08568720379146919,0.5071090047393365,0.27488151658767773,0.21800947867298578,positive
2025-03-12,255,255,127,76,52,7,0.086,0.4980392156862745,0.2980392156862745,0.20392156862745098,positive
2025-03-13,205,205,112,60,33,9,0.11458536585365853,0.5463414634146342,0.2926829268292683,0.16097560975609757,positive
2025-03-14,168,168,54,58,56,5,-0.030000000000000006,0.32142857142857145,0.34523809523809523,0.3333333333333333,neutral
2025-03-17,315,315,194,70,51,10,0.17587301587301588,0.6158730158730159,0.2222222222222222,0.1619047619047619,positive
2025-03-18,276,276,142,87,47,9,0.08836956521739131,0.5144927536231884,0.31521739130434784,0.17028985507246377,positive
2025-03-19,272,272,131,78,63,9,0.09066176470588236,0.48161764705882354,0.2867647058823529,0.23161764705882354,positive
2025-03-20,299,299,128,72,99,9,0.07755852842809363,0.4280936454849498,0.2408026755852843,0.3311036789297659,positive
2025-03-21,168,168,87,54,27,8,0.0994642857142857,0.5178571428571429,0.32142857142857145,0.16071428571428573,positive
2025-03-24,205,205,83,49,73,9,0.07873170731707317,0.40487804878048783,0.23902439024390243,0.35609756097560974,positive
2025-03-25,214,214,93,68,53,9,0.05934579439252336,0.43457943925233644,0.3177570093457944,0.24766355140186916,positive
2025-03-26,234,234,104,63,67,8,0.0708974358974359,0.4444444444444444,0.2692307692307692,0.2863247863247863,positive
2025-03-27,222,222,116,53,53,10,0.1321171171171171,0.5225225225225225,0.23873873873873874,0.23873873873873874,positive
2025-03-28,247,247,121,76,50,9,0.06906882591093116,0.4898785425101215,0.3076923076923077,0.20242914979757085,positive
2025-03-31,279,279,159,72,48,12,0.12501792114695343,0.5698924731182796,0.25806451612903225,0.17204301075268819,positive
2025-04-01,259,259,114,79,66,9,0.04594594594594595,0.44015444015444016,0.305019305019305,0.2548262548262548,neutral
2025-04-02,225,225,113,64,48,7,0.09702222222222223,0.5022222222222222,0.28444444444444444,0.21333333333333335,positive
2025-04-03,365,365,147,125,93,7,0.012301369863013695,0.40273972602739727,0.3424657534246575,0.2547945205479452,neutral
2025-04-04,246,246,81,111,54,9,-0.06353658536585366,0.32926829268292684,0.45121951219512196,0.21951219512195122,negative
2025-04-07,236,236,108,99,29,9,0.022033898305084745,0.4576271186440678,0.4194915254237288,0.1228813559322034,neutral
2025-04-08,218,218,108,64,46,8,0.10903669724770643,0.4954128440366973,0.29357798165137616,0.21100917431192662,positive
2025-04-09,313,313,156,96,61,10,0.09057507987220448,0.4984025559105431,0.30670926517571884,0.19488817891373802,positive
2025-04-10,264,264,132,68,64,12,0.10587121212121212,0.5,0.25757575757575757,0.24242424242424243,positive
2025-04-11,223,223,87,87,49,11,-8.968609865470934e-05,0.3901345291479821,0.3901345291479821,0.21973094170403587,neutral
2025-04-14,267,267,149,79,39,10,0.11434456928838951,0.5580524344569289,0.2958801498127341,0.14606741573033707,positive
2025-04-15,274,274,122,86,66,10,0.043175182481751825,0.44525547445255476,0.31386861313868614,0.24087591240875914,neutral
2025-04-16,312,312,170,93,49,10,0.10124999999999999,0.5448717948717948,0.2980769230769231,0.15705128205128205,positive
2025-04-17,294,294,142,69,83,12,0.14030612244897958,0.48299319727891155,0.23469387755102042,0.282312925170068,positive
2025-04-21,241,241,126,71,44,9,0.12431535269709543,0.5228215767634855,0.2946058091286307,0.1825726141078838,positive
2025-04-22,227,227,142,49,36,8,0.2037885462555066,0.6255506607929515,0.21585903083700442,0.15859030837004406,positive
2025-04-23,249,249,83,77,89,10,0.021967871485943775,0.3333333333333333,0.3092369477911647,0.357429718875502,neutral
2025-04-24,262,262,115,83,64,9,0.0533969465648855,0.4389312977099237,0.31679389312977096,0.24427480916030533,positive
2025-04-25,170,170,80,50,40,9,0.0753529411764706,0.47058823529411764,0.29411764705882354,0.23529411764705882,positive
2025-04-28,265,265,130,85,50,9,0.08022641509433961,0.49056603773584906,0.32075471698113206,0.18867924528301888,positive
2025-04-29,212,212,93,65,54,9,0.08249999999999999,0.4386792452830189,0.30660377358490565,0.25471698113207547,positive
2025-04-30,345,345,147,111,87,8,0.064,0.4260869565217391,0.3217391304347826,0.25217391304347825,positive
2025-05-01,203,203,96,67,40,8,0.04655172413793104,0.4729064039408867,0.33004926108374383,0.19704433497536947,neutral
2025-05-02,241,241,76,98,67,9,-0.06286307053941909,0.3153526970954357,0.4066390041493776,0.27800829875518673,negative
2025-05-05,255,255,97,117,41,10,-0.05062745098039216,0.3803921568627451,0.4588235294117647,0.1607843137254902,negative
2025-05-06,254,254,118,64,72,8,0.10937007874015749,0.4645669291338583,0.25196850393700787,0.28346456692913385,positive
2025-05-07,266,266,117,79,70,11,0.07075187969924812,0.4398496240601504,0.29699248120300753,0.2631578947368421,positive
2025-05-08,303,303,160,70,73,8,0.16389438943894388,0.528052805280528,0.23102310231023102,0.24092409240924093,positive
2025-05-09,203,203,106,52,45,7,0.1260591133004926,0.5221674876847291,0.2561576354679803,0.22167487684729065,positive
2025-05-12,283,283,178,66,39,10,0.18091872791519437,0.6289752650176679,0.2332155477031802,0.13780918727915195,positive
2025-05-13,266,266,131,64,71,10,0.1281203007518797,0.4924812030075188,0.24060150375939848,0.2669172932330827,positive
2025-05-14,216,216,87,57,72,9,0.06856481481481481,0.4027777777777778,0.2638888888888889,0.3333333333333333,positive
2025-05-15,305,305,120,103,82,10,0.03301639344262295,0.39344262295081966,0.3377049180327869,0.26885245901639343,neutral
2025-05-16,221,221,101,86,34,10,0.03171945701357466,0.45701357466063347,0.3891402714932127,0.15384615384615385,neutral
2025-05-19,338,338,114,152,72,11,-0.06837278106508876,0.33727810650887574,0.44970414201183434,0.21301775147928995,negative
2025-05-20,214,214,120,58,36,11,0.139392523364486,0.5607476635514018,0.27102803738317754,0.16822429906542055,positive
2025-05-21,265,265,120,94,51,10,0.06788679245283019,0.4528301886792453,0.35471698113207545,0.19245283018867926,positive
2025-05-22,318,318,129,118,71,12,0.03531446540880503,0.4056603773584906,0.3710691823899371,0.22327044025157233,neutral
2025-05-23,265,265,113,86,66,7,0.06369811320754716,0.42641509433962266,0.32452830188679244,0.2490566037735849,positive
2025-05-27,402,402,178,139,85,12,0.05323383084577114,0.4427860696517413,0.34577114427860695,0.21144278606965175,positive
2025-05-28,253,253,117,65,71,10,0.09383399209486165,0.4624505928853755,0.25691699604743085,0.28063241106719367,positive
2025-05-29,261,261,122,85,54,9,0.07137931034482758,0.4674329501915709,0.32567049808429116,0.20689655172413793,positive
2025-05-30,228,228,104,68,56,9,0.0682017543859649,0.45614035087719296,0.2982456140350877,0.24561403508771928,positive
2025-06-02,311,311,159,94,58,7,0.09504823151125401,0.5112540192926045,0.3022508038585209,0.1864951768488746,positive
2025-06-03,283,283,147,73,63,9,0.11378091872791521,0.519434628975265,0.2579505300353357,0.2226148409893993,positive
2025-06-04,272,272,142,66,64,14,0.16650735294117647,0.5220588235294118,0.2426470588235294,0.23529411764705882,positive
2025-06-05,319,319,162,79,78,10,0.12884012539184952,0.5078369905956113,0.2476489028213166,0.2445141065830721,positive
2025-06-06,232,232,123,66,43,7,0.11775862068965517,0.5301724137931034,0.28448275862068967,0.1853448275862069,positive
2025-06-09,249,249,130,75,44,10,0.10056224899598393,0.5220883534136547,0.30120481927710846,0.17670682730923695,positive
2025-06-10,248,248,112,70,66,11,0.10629032258064516,0.45161290322580644,0.28225806451612906,0.2661290322580645,positive
2025-06-11,265,265,165,56,44,10,0.21075471698113207,0.6226415094339622,0.21132075471698114,0.1660377358490566,positive
2025-06-12,282,282,122,102,58,10,0.04709219858156029,0.4326241134751773,0.3617021276595745,0.20567375886524822,neutral
2025-06-13,289,289,170,72,47,9,0.15782006920415226,0.5882352941176471,0.2491349480968858,0.16262975778546712,positive
2025-06-16,323,323,129,137,57,10,-0.015356037151702789,0.3993808049535604,0.4241486068111455,0.17647058823529413,neutral
2025-06-17,294,294,166,78,50,9,0.13380952380952382,0.564625850340136,0.2653061224489796,0.17006802721088435,positive
2025-06-18,346,346,185,89,72,11,0.12872832369942197,0.5346820809248555,0.25722543352601157,0.20809248554913296,positive
2025-06-20,433,433,193,121,119,9,0.08863741339491915,0.4457274826789838,0.279445727482679,0.2748267898383372,positive
2025-06-23,319,319,125,132,62,9,-0.030156739811912234,0.39184952978056425,0.41379310344827586,0.19435736677115986,neutral
2025-06-24,311,311,123,116,72,10,0.021543408360128614,0.3954983922829582,0.3729903536977492,0.2315112540192926,neutral
2025-06-25,244,244,126,58,60,10,0.12438524590163935,0.5163934426229508,0.23770491803278687,0.2459016393442623,positive
2025-06-26,234,234,127,70,37,9,0.0996153846153846,0.5427350427350427,0.29914529914529914,0.1581196581196581,positive
2025-06-27,235,235,102,87,46,10,0.02634042553191489,0.4340425531914894,0.3702127659574468,0.19574468085106383,neutral
2025-06-30,263,263,132,73,58,11,0.1055893536121673,0.5019011406844106,0.27756653992395436,0.22053231939163498,positive
2025-07-01,280,280,133,62,85,11,0.11475,0.475,0.22142857142857142,0.30357142857142855,positive
2025-07-02,259,259,138,73,48,11,0.10532818532818533,0.5328185328185329,0.28185328185328185,0.18532818532818532,positive
2025-07-03,258,258,121,72,65,9,0.09817829457364342,0.4689922480620155,0.27906976744186046,0.25193798449612403,positive
2025-07-07,308,308,108,135,65,11,-0.0660064935064935,0.35064935064935066,0.4383116883116883,0.21103896103896103,negative
2025-07-08,233,233,101,85,47,10,0.03317596566523605,0.4334763948497854,0.3648068669527897,0.2017167381974249,neutral
2025-07-09,248,248,111,77,60,11,0.06725806451612903,0.4475806451612903,0.31048387096774194,0.24193548387096775,positive
2025-07-10,203,203,92,46,65,10,0.10596059113300493,0.45320197044334976,0.22660098522167488,0.32019704433497537,positive
2025-07-11,195,195,114,48,33,9,0.15733333333333333,0.5846153846153846,0.24615384615384617,0.16923076923076924,positive
2025-07-14,251,251,120,65,66,9,0.12035856573705178,0.47808764940239046,0.2589641434262948,0.26294820717131473,positive
2025-07-15,323,323,127,131,65,11,0.01848297213622291,0.3931888544891641,0.4055727554179567,0.20123839009287925,neutral
2025-07-16,287,287,102,102,83,8,0.00773519163763066,0.3554006968641115,0.3554006968641115,0.289198606271777,neutral
2025-07-17,287,287,130,89,68,9,0.07327526132404182,0.4529616724738676,0.31010452961672474,0.23693379790940766,positive
2025-07-18,179,179,76,69,34,7,0.028826815642458106,0.4245810055865922,0.3854748603351955,0.18994413407821228,neutral
2025-07-21,211,211,106,67,38,8,0.10748815165876777,0.5023696682464455,0.3175355450236967,0.18009478672985782,positive
2025-07-22,185,185,100,53,32,8,0.13713513513513514,0.5405405405405406,0.2864864864864865,0.17297297297297298,positive
2025-07-23,288,288,157,86,45,11,0.14211805555555557,0.5451388888888888,0.2986111111111111,0.15625,positive
2025-07-24,348,348,134,86,128,10,0.07166666666666667,0.3850574712643678,0.2471264367816092,0.367816091954023,positive
2025-07-25,231,231,102,78,51,9,0.04909090909090909,0.44155844155844154,0.33766233766233766,0.22077922077922077,neutral
2025-07-28,340,340,184,85,71,9,0.17605882352941177,0.5411764705882353,0.25,0.2088235294117647,positive
2025-07-29,259,259,158,45,56,8,0.2232046332046332,0.61003861003861,0.17374517374517376,0.21621621621621623,positive
2025-07-30,324,324,148,90,86,9,0.10589506172839507,0.4567901234567901,0.2777777777777778,0.2654320987654321,positive
2025-07-31,288,288,128,75,85,8,0.10513888888888889,0.4444444444444444,0.2604166666666667,0.2951388888888889,positive
2025-08-01,283,283,110,83,90,8,0.06204946996466431,0.38869257950530034,0.29328621908127206,0.31802120141342755,positive
2025-08-04,243,243,106,93,44,7,0.047119341563786006,0.43621399176954734,0.38271604938271603,0.18106995884773663,neutral
2025-08-05,277,277,115,76,86,11,0.07487364620938627,0.4151624548736462,0.2743682310469314,0.3104693140794224,positive
2025-08-06,248,248,111,95,42,8,0.03645161290322581,0.4475806451612903,0.38306451612903225,0.1693548387096774,neutral
2025-08-07,284,284,101,113,70,8,-0.005880281690140845,0.35563380281690143,0.397887323943662,0.24647887323943662,neutral
2025-08-08,208,208,96,71,41,9,0.06307692307692307,0.46153846153846156,0.34134615384615385,0.1971153846153846,positive
2025-08-11,238,238,106,87,45,10,0.05529411764705883,0.44537815126050423,0.36554621848739494,0.18907563025210083,positive
2025-08-12,253,253,104,82,67,9,0.0524901185770751,0.41106719367588934,0.3241106719367589,0.2648221343873518,positive
2025-08-13,309,309,143,114,52,9,0.07116504854368931,0.4627831715210356,0.36893203883495146,0.16828478964401294,positive
2025-08-14,257,257,107,96,54,9,0.04571984435797665,0.4163424124513619,0.3735408560311284,0.21011673151750973,neutral
2025-08-15,246,246,102,109,35,8,-0.027520325203252028,0.4146341463414634,0.44308943089430897,0.14227642276422764,neutral
2025-08-18,245,245,96,107,42,10,-0.020857142857142862,0.39183673469387753,0.43673469387755104,0.17142857142857143,neutral
2025-08-19,238,238,95,77,66,8,0.04697478991596638,0.39915966386554624,0.3235294117647059,0.2773109243697479,neutral
2025-08-20,332,332,132,104,96,10,0.02608433734939759,0.39759036144578314,0.3132530120481928,0.2891566265060241,neutral
2025-08-21,274,274,100,73,101,10,0.026970802919708034,0.36496350364963503,0.2664233576642336,0.3686131386861314,neutral
2025-08-22,201,201,89,66,46,9,0.05119402985074627,0.4427860696517413,0.3283582089552239,0.22885572139303484,positive
2025-08-25,245,245,123,82,40,10,0.08844897959183674,0.5020408163265306,0.3346938775510204,0.16326530612244897,positive
2025-08-26,216,216,94,74,48,10,0.05453703703703704,0.4351851851851852,0.3425925925925926,0.2222222222222222,positive
2025-08-27,222,222,121,60,41,10,0.11972972972972974,0.545045045045045,0.2702702702702703,0.18468468468468469,positive
2025-08-28,286,286,121,80,85,12,0.0493006993006993,0.4230769230769231,0.27972027972027974,0.2972027972027972,neutral
2025-08-29,214,214,64,84,66,8,-0.06149532710280373,0.29906542056074764,0.3925233644859813,0.308411214953271,negative
2025-09-02,506,506,199,147,160,13,0.04069169960474308,0.3932806324110672,0.29051383399209485,0.31620553359683795,neutral
2025-09-03,256,256,86,103,67,7,-0.022460937499999997,0.3359375,0.40234375,0.26171875,neutral
2025-09-04,359,359,137,96,126,7,0.06838440111420613,0.3816155988857939,0.26740947075208915,0.35097493036211697,positive
2025-09-05,263,263,94,90,79,12,-0.018973384030418247,0.3574144486692015,0.34220532319391633,0.30038022813688214,neutral
2025-09-08,319,319,178,87,54,10,0.1358934169278997,0.5579937304075235,0.2727272727272727,0.16927899686520376,positive
2025-09-09,308,308,169,82,57,11,0.13493506493506494,0.5487012987012987,0.2662337662337662,0.18506493506493507,positive
2025-09-10,308,308,152,76,80,11,0.10821428571428571,0.4935064935064935,0.24675324675324675,0.2597402597402597,positive
2025-09-11,258,258,99,66,93,9,0.07310077519379844,0.38372093023255816,0.2558139534883721,0.36046511627906974,positive
2025-09-12,217,217,98,66,53,8,0.08631336405529955,0.45161290322580644,0.30414746543778803,0.24423963133640553,positive
2025-09-15,280,280,144,88,48,9,0.10278571428571429,0.5142857142857142,0.3142857142857143,0.17142857142857143,positive
2025-09-16,296,296,146,68,82,9,0.1364527027027027,0.49324324324324326,0.22972972972972974,0.27702702702702703,positive
2025-09-17,317,317,120,91,106,8,0.08738170347003155,0.3785488958990536,0.2870662460567823,0.334384858044164,positive
2025-09-18,361,361,142,123,96,7,0.07858725761772853,0.39335180055401664,0.3407202216066482,0.2659279778393352,positive
2025-09-19,228,228,75,104,49,9,-0.051403508771929826,0.32894736842105265,0.45614035087719296,0.2149122807017544,negative
2025-09-22,265,265,131,72,62,10,0.13279245283018867,0.49433962264150944,0.27169811320754716,0.2339622641509434,positive
2025-09-23,257,257,119,63,75,8,0.08295719844357977,0.46303501945525294,0.245136186770428,0.2918287937743191,positive
2025-09-24,252,252,131,71,50,11,0.12523809523809526,0.5198412698412699,0.28174603174603174,0.1984126984126984,positive
2025-09-25,265,265,124,75,66,9,0.09233962264150943,0.4679245283018868,0.2830188679245283,0.2490566037735849,positive
2025-09-26,224,224,116,48,60,11,0.12625,0.5178571428571429,0.21428571428571427,0.26785714285714285,positive
2025-09-29,267,267,105,100,62,11,0.0299625468164794,0.39325842696629215,0.37453183520599254,0.23220973782771537,neutral
2025-09-30,287,287,110,107,70,12,0.01292682926829268,0.3832752613240418,0.37282229965156793,0.24390243902439024,neutral
2025-10-01,300,300,136,95,69,10,0.061799999999999994,0.4533333333333333,0.31666666666666665,0.23,positive
2025-10-02,205,205,76,67,62,8,0.04658536585365854,0.37073170731707317,0.32682926829268294,0.3024390243902439,neutral
2025-10-03,227,227,103,72,52,9,0.06070484581497797,0.45374449339207046,0.31718061674008813,0.2290748898678414,positive
2025-10-06,267,267,136,69,62,9,0.099812734082397,0.5093632958801498,0.25842696629213485,0.23220973782771537,positive
2025-10-07,231,231,125,59,47,10,0.14424242424242426,0.5411255411255411,0.2554112554112554,0.20346320346320346,positive
2025-10-08,271,271,118,81,72,10,0.042398523985239855,0.4354243542435424,0.2988929889298893,0.2656826568265683,neutral
2025-10-09,257,257,130,75,52,11,0.1268093385214008,0.5058365758754864,0.2918287937743191,0.20233463035019456,positive
2025-10-10,205,205,74,76,55,9,0.012097560975609755,0.36097560975609755,0.37073170731707317,0.2682926829268293,neutral
2025-10-13,212,212,109,59,44,10,0.10349056603773585,0.5141509433962265,0.2783018867924528,0.20754716981132076,positive
2025-10-14,274,274,133,85,56,9,0.07835766423357664,0.4854014598540146,0.3102189781021898,0.20437956204379562,positive
2025-10-15,269,269,132,77,60,9,0.1104460966542751,0.49070631970260226,0.2862453531598513,0.22304832713754646,positive
2025-10-16,273,273,107,123,43,8,-0.021208791208791204,0.39194139194139194,0.45054945054945056,0.1575091575091575,neutral
2025-10-17,216,216,114,72,30,8,0.09166666666666667,0.5277777777777778,0.3333333333333333,0.1388888888888889,positive
2025-10-20,272,272,152,85,35,10,0.15441176470588236,0.5588235294117647,0.3125,0.12867647058823528,positive
2025-10-21,249,249,105,93,51,10,0.033052208835341365,0.42168674698795183,0.37349397590361444,0.20481927710843373,neutral
2025-10-22,263,263,124,78,61,9,0.09209125475285171,0.4714828897338403,0.2965779467680608,0.23193916349809887,positive
2025-10-23,305,305,172,63,70,14,0.1720327868852459,0.5639344262295082,0.20655737704918034,0.22950819672131148,positive
2025-10-24,272,272,96,82,94,10,0.029522058823529415,0.35294117647058826,0.3014705882352941,0.34558823529411764,neutral
2025-10-27,311,311,162,92,57,10,0.13131832797427653,0.5209003215434084,0.2958199356913183,0.1832797427652733,positive
2025-10-28,296,296,143,87,66,12,0.11030405405405405,0.4831081081081081,0.2939189189189189,0.22297297297297297,positive
2025-10-29,333,333,173,95,65,9,0.11963963963963963,0.5195195195195195,0.2852852852852853,0.19519519519519518,positive
2025-10-30,323,323,149,79,95,10,0.10538699690402477,0.4613003095975232,0.24458204334365324,0.29411764705882354,positive
2025-10-31,218,218,89,83,46,9,0.014220183486238533,0.40825688073394495,0.38073394495412843,0.21100917431192662,neutral
2025-11-03,297,297,161,71,65,10,0.14764309764309763,0.5420875420875421,0.23905723905723905,0.21885521885521886,positive
2025-11-04,248,248,102,98,48,9,0.013064516129032257,0.4112903225806452,0.3951612903225806,0.1935483870967742,neutral
2025-11-05,251,251,114,87,50,9,0.06207171314741036,0.4541832669322709,0.3466135458167331,0.199203187250996,positive
2025-11-06,316,316,124,113,79,11,0.024018987341772147,0.3924050632911392,0.3575949367088608,0.25,neutral
2025-11-07,229,229,109,76,44,10,0.07873362445414847,0.4759825327510917,0.3318777292576419,0.19213973799126638,positive
2025-11-10,240,240,124,68,48,11,0.095625,0.5166666666666667,0.2833333333333333,0.2,positive
2025-11-11,184,184,89,64,31,5,0.05641304347826087,0.483695652173913,0.34782608695652173,0.16847826086956522,positive
2025-11-12,266,266,121,81,64,6,0.07962406015037594,0.4548872180451128,0.30451127819548873,0.24060150375939848,positive
2025-11-13,269,269,122,82,65,8,0.08055762081784387,0.45353159851301117,0.3048327137546468,0.241635687732342,positive
2025-11-14,242,242,101,97,44,11,-0.0005371900826446249,0.41735537190082644,0.40082644628099173,0.18181818181818182,neutral
2025-11-17,301,301,131,108,62,10,0.02661129568106313,0.43521594684385384,0.3588039867109635,0.2059800664451827,neutral
2025-11-18,250,250,112,71,67,10,0.06559999999999999,0.448,0.284,0.268,positive
2025-11-19,333,333,136,85,112,10,0.07291291291291292,0.4084084084084084,0.2552552552552553,0.33633633633633636,positive
2025-11-20,250,250,113,61,76,12,0.12,0.452,0.244,0.304,positive
2025-11-21,288,288,78,125,85,7,-0.06663194444444445,0.2708333333333333,0.4340277777777778,0.2951388888888889,negative
2025-11-24,248,248,99,87,62,9,0.04754032258064516,0.39919354838709675,0.35080645161290325,0.25,neutral
2025-11-25,306,306,133,93,80,12,0.06568627450980392,0.434640522875817,0.30392156862745096,0.26143790849673204,positive
2025-11-26,233,233,121,54,58,9,0.12819742489270386,0.51931330472103,0.2317596566523605,0.24892703862660945,positive
2025-11-28,325,325,141,95,89,9,0.07726153846153846,0.4338461538461538,0.2923076923076923,0.27384615384615385,positive
2025-12-01,257,257,127,86,44,9,0.0569260700389105,0.49416342412451364,0.3346303501945525,0.17120622568093385,positive
2025-12-02,309,309,127,110,72,11,0.04524271844660194,0.4110032362459547,0.3559870550161812,0.23300970873786409,neutral
2025-12-03,280,280,117,78,85,8,0.06567857142857143,0.41785714285714287,0.2785714285714286,0.30357142857142855,positive
2025-12-04,315,315,152,78,85,10,0.10603174603174603,0.48253968253968255,0.24761904761904763,0.2698412698412698,positive
2025-12-05,226,226,113,54,59,10,0.13734513274336282,0.5,0.23893805309734514,0.2610619469026549,positive
2025-12-08,272,272,121,91,60,12,0.080625,0.44485294117647056,0.33455882352941174,0.22058823529411764,positive
2025-12-09,304,304,135,80,89,10,0.09802631578947368,0.4440789473684211,0.2631578947368421,0.29276315789473684,positive
2025-12-10,299,299,167,59,73,10,0.20023411371237457,0.5585284280936454,0.19732441471571907,0.24414715719063546,positive
2025-12-11,350,350,169,83,98,8,0.12651428571428572,0.4828571428571429,0.23714285714285716,0.28,positive
2025-12-12,212,212,91,80,41,7,0.03466981132075471,0.42924528301886794,0.37735849056603776,0.19339622641509435,neutral
2025-12-15,331,331,143,137,51,10,0.029697885196374618,0.43202416918429004,0.41389728096676737,0.1540785498489426,neutral
2025-12-16,320,320,101,103,116,12,0.005062499999999999,0.315625,0.321875,0.3625,neutral
2025-12-17,334,334,192,75,67,11,0.1670059880239521,0.5748502994011976,0.2245508982035928,0.20059880239520958,positive
2025-12-18,326,326,145,63,118,11,0.12205521472392637,0.4447852760736196,0.19325153374233128,0.3619631901840491,positive
2025-12-19,278,278,131,90,57,10,0.06424460431654676,0.4712230215827338,0.3237410071942446,0.20503597122302158,positive
2025-12-22,307,307,155,89,63,8,0.0964169381107492,0.504885993485342,0.2899022801302932,0.20521172638436483,positive
2025-12-23,304,304,178,51,75,11,0.19276315789473686,0.5855263157894737,0.16776315789473684,0.24671052631578946,positive
2025-12-24,148,148,67,41,40,6,0.08222972972972972,0.4527027027027027,0.27702702702702703,0.2702702702702703,positive
2025-12-26,126,126,48,26,52,7,0.07023809523809524,0.38095238095238093,0.20634920634920634,0.4126984126984127,positive
2025-12-29,121,121,60,47,14,9,0.034793388429752076,0.49586776859504134,0.3884297520661157,0.11570247933884298,neutral
2025-12-30,185,185,82,46,57,8,0.10491891891891891,0.44324324324324327,0.24864864864864866,0.3081081081081081,positive
2025-12-31,182,182,65,70,47,9,-0.0206043956043956,0.35714285714285715,0.38461538461538464,0.25824175824175827,neutral
2026-01-02,169,169,83,56,30,7,0.07550295857988167,0.4911242603550296,0.33136094674556216,0.17751479289940827,positive
2026-01-05,256,256,121,78,57,7,0.07566406249999999,0.47265625,0.3046875,0.22265625,positive
2026-01-06,244,244,107,80,57,7,0.075,0.4385245901639344,0.32786885245901637,0.2336065573770492,positive
2026-01-07,257,257,95,98,64,7,0.021828793774319066,0.36964980544747084,0.38132295719844356,0.2490272373540856,neutral
2026-01-08,226,226,86,78,62,8,0.01663716814159292,0.3805309734513274,0.34513274336283184,0.2743362831858407,neutral
2026-01-09,242,242,121,50,71,8,0.15698347107438018,0.5,0.2066115702479339,0.29338842975206614,positive
2026-01-12,241,241,109,70,62,11,0.06589211618257262,0.45228215767634855,0.29045643153526973,0.2572614107883817,positive
2026-01-13,286,286,151,63,72,9,0.14692307692307693,0.527972027972028,0.2202797202797203,0.2517482517482518,positive
2026-01-14,267,267,151,43,73,11,0.1855056179775281,0.5655430711610487,0.16104868913857678,0.27340823970037453,positive
2026-01-15,273,273,120,81,72,10,0.07948717948717948,0.43956043956043955,0.2967032967032967,0.26373626373626374,positive
2026-01-16,176,176,101,41,34,8,0.13892045454545454,0.5738636363636364,0.23295454545454544,0.19318181818181818,positive
2026-01-20,433,433,200,147,86,12,0.06616628175519632,0.4618937644341801,0.3394919168591224,0.19861431870669746,positive
2026-01-21,278,278,150,67,61,9,0.14043165467625898,0.539568345323741,0.24100719424460432,0.21942446043165467,positive
2026-01-22,282,282,126,96,60,9,0.06131205673758865,0.44680851063829785,0.3404255319148936,0.2127659574468085,positive
2026-01-23,239,239,120,51,68,8,0.13242677824267782,0.502092050209205,0.21338912133891214,0.28451882845188287,positive
2026-01-26,274,274,154,69,51,8,0.17204379562043795,0.5620437956204379,0.2518248175182482,0.18613138686131386,positive
2026-01-27,263,263,146,66,51,9,0.14920152091254754,0.5551330798479087,0.2509505703422053,0.19391634980988592,positive
2026-01-28,303,303,154,71,78,10,0.13930693069306932,0.5082508250825083,0.23432343234323433,0.25742574257425743,positive
2026-01-29,352,352,185,60,107,11,0.16747159090909092,0.5255681818181818,0.17045454545454544,0.3039772727272727,positive
2026-01-30,310,310,142,88,80,9,0.09880645161290322,0.45806451612903226,0.2838709677419355,0.25806451612903225,positive
2026-02-02,330,330,121,125,84,9,0.019818181818181818,0.36666666666666664,0.3787878787878788,0.2545454545454545,neutral
2026-02-03,295,295,176,62,57,9,0.19952542372881354,0.5966101694915255,0.21016949152542372,0.19322033898305085,positive
2026-02-04,290,290,155,71,64,9,0.11386206896551725,0.5344827586206896,0.24482758620689654,0.2206896551724138,positive
2026-02-05,330,330,117,114,99,8,0.015636363636363636,0.35454545454545455,0.34545454545454546,0.3,neutral
2026-02-06,199,199,82,72,45,9,0.0357286432160804,0.4120603015075377,0.36180904522613067,0.22613065326633167,neutral
2026-02-09,261,261,147,82,32,12,0.13229885057471263,0.5632183908045977,0.31417624521072796,0.12260536398467432,positive
2026-02-10,264,264,116,85,63,11,0.08996212121212122,0.4393939393939394,0.32196969696969696,0.23863636363636365,positive
2026-02-11,300,300,152,65,83,8,0.1343,0.5066666666666667,0.21666666666666667,0.27666666666666667,positive
2026-02-12,279,279,122,79,78,12,0.0793189964157706,0.43727598566308246,0.2831541218637993,0.27956989247311825,positive
2026-02-13,242,242,101,77,64,7,0.04929752066115702,0.41735537190082644,0.3181818181818182,0.2644628099173554,neutral
2026-02-17,432,432,203,130,99,12,0.0918287037037037,0.4699074074074074,0.30092592592592593,0.22916666666666666,positive
2026-02-18,271,271,136,77,58,11,0.11033210332103321,0.5018450184501845,0.28413284132841327,0.2140221402214022,positive
2026-02-19,371,371,191,77,103,9,0.14549865229110512,0.5148247978436657,0.20754716981132076,0.2776280323450135,positive
2026-02-20,290,290,108,75,107,9,0.0706896551724138,0.3724137931034483,0.25862068965517243,0.3689655172413793,positive
2026-02-23,254,254,127,84,43,9,0.09196850393700787,0.5,0.33070866141732286,0.16929133858267717,positive
2026-02-24,242,242,96,82,64,8,0.028636363636363637,0.39669421487603307,0.33884297520661155,0.2644628099173554,neutral
2026-02-25,271,271,133,80,58,10,0.0915129151291513,0.4907749077490775,0.2952029520295203,0.2140221402214022,positive
2026-02-26,248,248,107,72,69,9,0.09375,0.4314516129032258,0.2903225806451613,0.2782258064516129,positive
2026-02-27,303,303,137,84,82,13,0.06432343234323433,0.4521452145214521,0.27722772277227725,0.2706270627062706,positive
2026-03-02,482,482,244,155,83,9,0.08890041493775933,0.5062240663900415,0.3215767634854772,0.17219917012448133,positive
2026-03-03,349,349,169,116,64,10,0.07163323782234957,0.48424068767908307,0.332378223495702,0.1833810888252149,positive
2026-03-04,364,364,159,118,87,8,0.05200549450549451,0.4368131868131868,0.3241758241758242,0.23901098901098902,positive
2026-03-05,291,291,130,88,73,11,0.07041237113402063,0.44673539518900346,0.3024054982817869,0.2508591065292096,positive
2026-03-06,307,307,153,105,49,10,0.0752442996742671,0.498371335504886,0.34201954397394135,0.15960912052117263,positive
2026-03-09,402,402,209,118,75,11,0.11305970149253732,0.5199004975124378,0.2935323383084577,0.1865671641791045,positive
2026-03-10,317,317,120,147,50,10,-0.03236593059936908,0.3785488958990536,0.4637223974763407,0.15772870662460567,neutral
2026-03-11,256,256,136,63,57,9,0.133203125,0.53125,0.24609375,0.22265625,positive
2026-03-12,303,303,141,99,63,10,0.07834983498349836,0.46534653465346537,0.32673267326732675,0.2079207920792079,positive
2026-03-13,277,277,102,117,58,10,-0.02490974729241877,0.36823104693140796,0.4223826714801444,0.20938628158844766,neutral
2026-03-16,331,331,137,135,59,9,-0.007311178247734136,0.41389728096676737,0.4078549848942598,0.1782477341389728,neutral
2026-03-17,297,297,150,79,68,10,0.09084175084175085,0.5050505050505051,0.265993265993266,0.22895622895622897,positive
2026-03-18,344,344,138,110,96,11,0.036337209302325583,0.4011627906976744,0.31976744186046513,0.27906976744186046,neutral
2026-03-19,469,469,197,124,148,11,0.056247334754797436,0.4200426439232409,0.26439232409381663,0.31556503198294245,positive
2026-03-20,179,179,78,78,23,9,0.010726256983240225,0.43575418994413406,0.43575418994413406,0.12849162011173185,neutral
2026-03-23,277,277,97,148,32,9,-0.12462093862815886,0.35018050541516244,0.5342960288808665,0.11552346570397112,negative
2026-03-24,255,255,127,55,73,10,0.14145098039215687,0.4980392156862745,0.21568627450980393,0.28627450980392155,positive
2026-03-25,291,291,118,129,44,9,-0.021855670103092785,0.4054982817869416,0.44329896907216493,0.15120274914089346,neutral
2026-03-26,277,277,135,72,70,10,0.1035740072202166,0.48736462093862815,0.259927797833935,0.2527075812274368,positive
2026-03-27,228,228,88,104,36,8,-0.03350877192982456,0.38596491228070173,0.45614035087719296,0.15789473684210525,neutral
2026-03-30,355,355,175,114,66,9,0.07098591549295775,0.49295774647887325,0.3211267605633803,0.18591549295774648,positive
2026-03-31,310,310,166,87,57,10,0.12516129032258064,0.535483870967742,0.2806451612903226,0.18387096774193548,positive
2026-04-01,301,301,120,114,67,9,0.012325581395348837,0.39867109634551495,0.3787375415282392,0.22259136212624583,neutral
2026-04-02,298,298,133,86,79,7,0.0848993288590604,0.4463087248322148,0.28859060402684567,0.2651006711409396,positive
2026-04-06,281,281,143,94,44,7,0.06740213523131673,0.5088967971530249,0.33451957295373663,0.15658362989323843,positive
2026-04-07,270,270,140,77,53,9,0.1154074074074074,0.5185185185185185,0.2851851851851852,0.1962962962962963,positive
2026-04-08,377,377,154,153,70,11,-0.013368700265251991,0.40848806366047746,0.40583554376657827,0.1856763925729443,neutral
2026-04-09,250,250,112,76,62,9,0.05924,0.448,0.304,0.248,positive
2026-04-10,247,247,89,89,69,9,-0.01842105263157895,0.3603238866396761,0.3603238866396761,0.2793522267206478,neutral
2026-04-13,364,364,217,105,42,10,0.15804945054945055,0.5961538461538461,0.28846153846153844,0.11538461538461539,positive
2026-04-14,306,306,141,107,58,10,0.05797385620915032,0.46078431372549017,0.34967320261437906,0.1895424836601307,positive
2026-04-15,252,252,114,65,73,10,0.07777777777777778,0.4523809523809524,0.25793650793650796,0.2896825396825397,positive
2026-04-16,287,287,144,86,57,8,0.09425087108013938,0.5017421602787456,0.29965156794425085,0.1986062717770035,positive
2026-04-17,246,246,105,115,26,10,-0.02487804878048781,0.4268292682926829,0.46747967479674796,0.10569105691056911,neutral
2026-04-20,338,338,166,126,46,13,0.08349112426035503,0.4911242603550296,0.3727810650887574,0.13609467455621302,positive
2026-04-21,300,300,159,76,65,10,0.1312333333333333,0.53,0.25333333333333335,0.21666666666666667,positive
2026-04-22,334,334,196,74,64,11,0.18095808383233533,0.5868263473053892,0.2215568862275449,0.19161676646706588,positive
2026-04-23,315,315,126,84,105,10,0.05746031746031746,0.4,0.26666666666666666,0.3333333333333333,positive
2026-04-24,246,246,112,85,49,9,0.050447154471544714,0.45528455284552843,0.34552845528455284,0.1991869918699187,positive
2026-04-27,313,313,162,88,63,10,0.09792332268370607,0.5175718849840255,0.28115015974440893,0.2012779552715655,positive
2026-04-28,287,287,100,106,81,10,-0.0189198606271777,0.34843205574912894,0.3693379790940767,0.28222996515679444,neutral
2026-04-29,348,348,152,112,84,11,0.06678160919540231,0.4367816091954023,0.3218390804597701,0.2413793103448276,positive
2026-04-30,383,383,175,99,109,9,0.10882506527415144,0.45691906005221933,0.2584856396866841,0.2845953002610966,positive
2026-05-01,223,223,114,58,51,5,0.13313901345291482,0.5112107623318386,0.2600896860986547,0.22869955156950672,positive
2026-05-04,277,277,148,74,55,9,0.12779783393501803,0.5342960288808665,0.26714801444043323,0.19855595667870035,positive
2026-05-05,319,319,144,111,64,12,0.049843260188087775,0.45141065830721006,0.34796238244514105,0.2006269592476489,neutral
2026-05-06,330,330,154,130,46,9,0.03590909090909091,0.4666666666666667,0.3939393939393939,0.1393939393939394,neutral
2026-05-07,290,290,119,96,75,9,0.031310344827586205,0.4103448275862069,0.3310344827586207,0.25862068965517243,neutral
2026-05-08,246,246,114,99,33,8,0.029756097560975612,0.4634146341463415,0.4024390243902439,0.13414634146341464,neutral
2026-05-11,333,333,179,98,56,10,0.09921921921921922,0.5375375375375375,0.29429429429429427,0.16816816816816818,positive
2026-05-12,270,270,126,97,47,8,0.04651851851851852,0.4666666666666667,0.3592592592592593,0.17407407407407408,neutral
2026-05-13,307,307,135,91,81,11,0.06905537459283387,0.43973941368078173,0.2964169381107492,0.26384364820846906,positive
2026-05-14,234,234,100,81,53,9,0.033846153846153845,0.42735042735042733,0.34615384615384615,0.2264957264957265,neutral
2026-05-15,195,195,101,71,23,7,0.06887179487179489,0.517948717948718,0.3641025641025641,0.11794871794871795,positive
2026-05-18,313,313,153,110,50,9,0.06805111821086263,0.48881789137380194,0.3514376996805112,0.1597444089456869,positive
2026-05-19,304,304,122,121,61,11,0.01743421052631579,0.40131578947368424,0.3980263157894737,0.20065789473684212,neutral
2026-05-20,321,321,125,129,67,10,-0.003551401869158879,0.3894080996884735,0.40186915887850466,0.2087227414330218,neutral
2026-05-21,331,331,130,118,83,11,0.0034743202416918453,0.39274924471299094,0.3564954682779456,0.25075528700906347,neutral
2026-05-22,253,253,123,77,53,10,0.07505928853754941,0.48616600790513836,0.30434782608695654,0.20948616600790515,positive
2026-05-26,373,373,144,174,55,10,-0.03616621983914209,0.38605898123324395,0.46648793565683644,0.14745308310991956,neutral
2026-05-27,301,301,122,105,74,10,0.0415282392026578,0.4053156146179402,0.3488372093023256,0.24584717607973422,neutral
2026-05-28,338,338,141,120,77,10,0.01304733727810651,0.4171597633136095,0.35502958579881655,0.22781065088757396,neutral
2026-05-29,227,227,65,111,51,8,-0.09555066079295155,0.28634361233480177,0.4889867841409692,0.22466960352422907,negative
2026-06-01,279,279,160,62,57,10,0.15250896057347668,0.5734767025089605,0.2222222222222222,0.20430107526881722,positive
2026-06-02,298,298,137,92,69,11,0.05093959731543624,0.4597315436241611,0.3087248322147651,0.23154362416107382,positive
2026-06-03,308,308,129,88,91,9,0.05782467532467532,0.41883116883116883,0.2857142857142857,0.29545454545454547,positive
2026-06-04,260,260,89,105,66,9,-0.04223076923076923,0.3423076923076923,0.40384615384615385,0.25384615384615383,neutral
2026-06-05,223,223,74,102,47,9,-0.04825112107623318,0.33183856502242154,0.45739910313901344,0.21076233183856502,neutral
2026-06-08,348,348,184,104,60,10,0.0792816091954023,0.5287356321839081,0.2988505747126437,0.1724137931034483,positive
2026-06-09,286,286,126,101,59,10,0.04559440559440559,0.4405594405594406,0.3531468531468531,0.2062937062937063,neutral
2026-06-10,262,262,130,77,55,10,0.08484732824427481,0.4961832061068702,0.29389312977099236,0.2099236641221374,positive
2026-06-11,310,310,105,127,78,8,-0.039129032258064515,0.3387096774193548,0.4096774193548387,0.25161290322580643,neutral
2026-06-12,244,244,62,140,42,8,-0.17008196721311475,0.2540983606557377,0.5737704918032787,0.1721311475409836,negative
2026-06-15,365,365,199,127,39,10,0.09293150684931507,0.5452054794520548,0.34794520547945207,0.10684931506849316,positive
2026-06-16,292,292,105,124,63,9,-0.031712328767123286,0.3595890410958904,0.4246575342465753,0.21575342465753425,neutral
2026-06-17,332,332,139,111,82,10,0.045240963855421694,0.4186746987951807,0.33433734939759036,0.2469879518072289,neutral
2026-06-18,368,368,112,150,106,10,-0.056440217391304344,0.30434782608695654,0.4076086956521739,0.28804347826086957,negative
2026-06-22,446,446,177,178,91,11,-0.0010538116591928266,0.3968609865470852,0.3991031390134529,0.2040358744394619,neutral
2026-06-23,255,255,107,90,58,8,0.04388235294117646,0.4196078431372549,0.35294117647058826,0.22745098039215686,neutral
2026-06-24,282,282,112,102,68,9,0.018191489361702128,0.3971631205673759,0.3617021276595745,0.24113475177304963,neutral
2026-06-25,292,292,125,75,92,8,0.060136986301369856,0.4280821917808219,0.2568493150684932,0.3150684931506849,positive
2026-06-26,183,183,71,68,44,11,-0.006502732240437163,0.3879781420765027,0.37158469945355194,0.24043715846994534,neutral
2026-06-29,250,250,107,83,60,12,0.026839999999999996,0.428,0.332,0.24,neutral
2026-06-30,359,359,173,97,89,11,0.09612813370473537,0.4818941504178273,0.27019498607242337,0.2479108635097493,positive
2026-07-01,274,274,122,83,69,9,0.08354014598540146,0.44525547445255476,0.3029197080291971,0.2518248175182482,positive
2026-07-02,267,267,112,99,56,9,0.042134831460674156,0.41947565543071164,0.3707865168539326,0.20973782771535582,neutral
2026-07-06,341,341,162,114,65,9,0.04372434017595307,0.4750733137829912,0.3343108504398827,0.1906158357771261,neutral
2026-07-07,261,261,123,76,62,10,0.07984674329501916,0.47126436781609193,0.29118773946360155,0.23754789272030652,positive
2026-07-08,364,364,176,113,75,9,0.08368131868131869,0.4835164835164835,0.31043956043956045,0.20604395604395603,positive
2026-07-09,277,277,139,79,59,10,0.07451263537906137,0.5018050541516246,0.2851985559566787,0.21299638989169675,positive
2026-07-10,229,229,110,66,53,7,0.10266375545851528,0.48034934497816595,0.28820960698689957,0.2314410480349345,positive
2026-07-13,298,298,160,103,35,10,0.0841275167785235,0.5369127516778524,0.34563758389261745,0.1174496644295302,positive
2026-07-14,318,318,176,68,74,7,0.14012578616352203,0.5534591194968553,0.2138364779874214,0.23270440251572327,positive
2026-07-15,377,377,179,95,103,9,0.08705570291777188,0.47480106100795755,0.2519893899204244,0.27320954907161804,positive
2026-07-16,281,281,133,87,61,10,0.09537366548042706,0.47330960854092524,0.3096085409252669,0.21708185053380782,positive
2026-07-17,161,161,75,52,34,9,0.07857142857142857,0.4658385093167702,0.32298136645962733,0.2111801242236025,positive
2026-07-20,305,305,161,105,39,10,0.0839016393442623,0.5278688524590164,0.3442622950819672,0.12786885245901639,positive
2026-07-21,220,220,121,58,41,8,0.1155,0.55,0.2636363636363636,0.18636363636363637,positive
2026-07-22,278,278,152,74,52,8,0.1212589928057554,0.5467625899280576,0.26618705035971224,0.18705035971223022,positive
2026-07-23,366,366,156,111,99,10,0.04374316939890711,0.4262295081967213,0.30327868852459017,0.27049180327868855,neutral
2026-07-24,261,261,97,91,73,7,0.015249042145593868,0.3716475095785441,0.3486590038314176,0.2796934865900383,neutral
2026-07-27,280,280,105,133,42,11,-0.02753571428571429,0.375,0.475,0.15,neutral
2026-07-28,244,244,106,96,42,9,0.024795081967213112,0.4344262295081967,0.39344262295081966,0.1721311475409836,neutral
2026-07-29,316,316,123,105,88,10,0.006803797468354433,0.38924050632911394,0.3322784810126582,0.27848101265822783,neutral
2026-07-30,364,364,193,90,81,8,0.14821428571428572,0.5302197802197802,0.24725274725274726,0.22252747252747251,positive
2026-07-31,270,270,117,110,43,8,0.016814814814814814,0.43333333333333335,0.4074074074074074,0.15925925925925927,neutral
2026-08-03,37,37,17,16,4,1,-0.0062162162162162195,0.4594594594594595,0.43243243243243246,0.10810810810810811,neutral
